2025-08-02 15:24:48,624 [Worker-8: Loading available Gradle versions] INFO  o.e.b.c.i.u.g.PublishedGradleVersions - Gradle version information cache is not available. Remote download required.
2025-08-02 15:28:25,806 [Worker-5: Import Getting Started Content] INFO  o.e.m.c.i.e.AbstractTransferListenerAdapter - Downloading https://repo.maven.apache.org/maven2/org/springframework/boot/spring-boot-starter-parent/3.5.4/spring-boot-starter-parent-3.5.4.pom
2025-08-02 15:28:25,867 [Worker-5: Import Getting Started Content] INFO  o.e.m.c.i.e.AbstractTransferListenerAdapter - Downloaded https://repo.maven.apache.org/maven2/org/springframework/boot/spring-boot-starter-parent/3.5.4/spring-boot-starter-parent-3.5.4.pom
2025-08-02 15:28:25,989 [Worker-5: Import Getting Started Content] INFO  o.e.m.c.i.e.AbstractTransferListenerAdapter - Downloading https://repo.maven.apache.org/maven2/org/springframework/boot/spring-boot-dependencies/3.5.4/spring-boot-dependencies-3.5.4.pom
2025-08-02 15:28:26,058 [Worker-5: Import Getting Started Content] INFO  o.e.m.c.i.e.AbstractTransferListenerAdapter - Downloaded https://repo.maven.apache.org/maven2/org/springframework/boot/spring-boot-dependencies/3.5.4/spring-boot-dependencies-3.5.4.pom
2025-08-02 15:28:26,151 [Worker-5: Import Getting Started Content] INFO  o.e.m.c.i.e.AbstractTransferListenerAdapter - Downloading https://repo.maven.apache.org/maven2/org/apache/activemq/activemq-bom/6.1.7/activemq-bom-6.1.7.pom
2025-08-02 15:28:26,157 [Worker-5: Import Getting Started Content] INFO  o.e.m.c.i.e.AbstractTransferListenerAdapter - Downloaded https://repo.maven.apache.org/maven2/org/apache/activemq/activemq-bom/6.1.7/activemq-bom-6.1.7.pom
2025-08-02 15:28:26,296 [Worker-5: Import Getting Started Content] INFO  o.e.m.c.i.e.AbstractTransferListenerAdapter - Downloading https://repo.maven.apache.org/maven2/org/apache/groovy/groovy-bom/4.0.28/groovy-bom-4.0.28.pom
2025-08-02 15:28:26,304 [Worker-5: Import Getting Started Content] INFO  o.e.m.c.i.e.AbstractTransferListenerAdapter - Downloaded https://repo.maven.apache.org/maven2/org/apache/groovy/groovy-bom/4.0.28/groovy-bom-4.0.28.pom
2025-08-02 15:28:26,398 [Worker-5: Import Getting Started Content] INFO  o.e.m.c.i.e.AbstractTransferListenerAdapter - Downloading https://repo.maven.apache.org/maven2/org/infinispan/infinispan-bom/15.2.5.Final/infinispan-bom-15.2.5.Final.pom
2025-08-02 15:28:26,409 [Worker-5: Import Getting Started Content] INFO  o.e.m.c.i.e.AbstractTransferListenerAdapter - Downloaded https://repo.maven.apache.org/maven2/org/infinispan/infinispan-bom/15.2.5.Final/infinispan-bom-15.2.5.Final.pom
2025-08-02 15:28:26,480 [Worker-5: Import Getting Started Content] INFO  o.e.m.c.i.e.AbstractTransferListenerAdapter - Downloading https://repo.maven.apache.org/maven2/org/infinispan/infinispan-build-configuration-parent/15.2.5.Final/infinispan-build-configuration-parent-15.2.5.Final.pom
2025-08-02 15:28:26,490 [Worker-5: Import Getting Started Content] INFO  o.e.m.c.i.e.AbstractTransferListenerAdapter - Downloaded https://repo.maven.apache.org/maven2/org/infinispan/infinispan-build-configuration-parent/15.2.5.Final/infinispan-build-configuration-parent-15.2.5.Final.pom
2025-08-02 15:28:26,604 [Worker-5: Import Getting Started Content] INFO  o.e.m.c.i.e.AbstractTransferListenerAdapter - Downloading https://repo.maven.apache.org/maven2/com/fasterxml/jackson/jackson-bom/2.19.2/jackson-bom-2.19.2.pom
2025-08-02 15:28:26,627 [Worker-5: Import Getting Started Content] INFO  o.e.m.c.i.e.AbstractTransferListenerAdapter - Downloaded https://repo.maven.apache.org/maven2/com/fasterxml/jackson/jackson-bom/2.19.2/jackson-bom-2.19.2.pom
2025-08-02 15:28:26,705 [Worker-5: Import Getting Started Content] INFO  o.e.m.c.i.e.AbstractTransferListenerAdapter - Downloading https://repo.maven.apache.org/maven2/com/fasterxml/jackson/jackson-parent/2.19.3/jackson-parent-2.19.3.pom
2025-08-02 15:28:26,715 [Worker-5: Import Getting Started Content] INFO  o.e.m.c.i.e.AbstractTransferListenerAdapter - Downloaded https://repo.maven.apache.org/maven2/com/fasterxml/jackson/jackson-parent/2.19.3/jackson-parent-2.19.3.pom
2025-08-02 15:28:26,806 [Worker-5: Import Getting Started Content] INFO  o.e.m.c.i.e.AbstractTransferListenerAdapter - Downloading https://repo.maven.apache.org/maven2/com/fasterxml/oss-parent/69/oss-parent-69.pom
2025-08-02 15:28:26,811 [Worker-5: Import Getting Started Content] INFO  o.e.m.c.i.e.AbstractTransferListenerAdapter - Downloaded https://repo.maven.apache.org/maven2/com/fasterxml/oss-parent/69/oss-parent-69.pom
2025-08-02 15:28:26,841 [Worker-5: Import Getting Started Content] INFO  o.e.m.c.i.e.AbstractTransferListenerAdapter - Downloading https://repo.maven.apache.org/maven2/org/eclipse/jetty/ee10/jetty-ee10-bom/12.0.23/jetty-ee10-bom-12.0.23.pom
2025-08-02 15:28:26,855 [Worker-5: Import Getting Started Content] INFO  o.e.m.c.i.e.AbstractTransferListenerAdapter - Downloaded https://repo.maven.apache.org/maven2/org/eclipse/jetty/ee10/jetty-ee10-bom/12.0.23/jetty-ee10-bom-12.0.23.pom
2025-08-02 15:28:26,909 [Worker-5: Import Getting Started Content] INFO  o.e.m.c.i.e.AbstractTransferListenerAdapter - Downloading https://repo.maven.apache.org/maven2/org/eclipse/jetty/jetty-bom/12.0.23/jetty-bom-12.0.23.pom
2025-08-02 15:28:26,918 [Worker-5: Import Getting Started Content] INFO  o.e.m.c.i.e.AbstractTransferListenerAdapter - Downloaded https://repo.maven.apache.org/maven2/org/eclipse/jetty/jetty-bom/12.0.23/jetty-bom-12.0.23.pom
2025-08-02 15:28:26,965 [Worker-5: Import Getting Started Content] INFO  o.e.m.c.i.e.AbstractTransferListenerAdapter - Downloading https://repo.maven.apache.org/maven2/io/micrometer/micrometer-bom/1.15.2/micrometer-bom-1.15.2.pom
2025-08-02 15:28:26,983 [Worker-5: Import Getting Started Content] INFO  o.e.m.c.i.e.AbstractTransferListenerAdapter - Downloaded https://repo.maven.apache.org/maven2/io/micrometer/micrometer-bom/1.15.2/micrometer-bom-1.15.2.pom
2025-08-02 15:28:27,011 [Worker-5: Import Getting Started Content] INFO  o.e.m.c.i.e.AbstractTransferListenerAdapter - Downloading https://repo.maven.apache.org/maven2/io/micrometer/micrometer-tracing-bom/1.5.2/micrometer-tracing-bom-1.5.2.pom
2025-08-02 15:28:27,015 [Worker-5: Import Getting Started Content] INFO  o.e.m.c.i.e.AbstractTransferListenerAdapter - Downloaded https://repo.maven.apache.org/maven2/io/micrometer/micrometer-tracing-bom/1.5.2/micrometer-tracing-bom-1.5.2.pom
2025-08-02 15:28:27,053 [Worker-5: Import Getting Started Content] INFO  o.e.m.c.i.e.AbstractTransferListenerAdapter - Downloading https://repo.maven.apache.org/maven2/io/netty/netty-bom/4.1.123.Final/netty-bom-4.1.123.Final.pom
2025-08-02 15:28:27,059 [Worker-5: Import Getting Started Content] INFO  o.e.m.c.i.e.AbstractTransferListenerAdapter - Downloaded https://repo.maven.apache.org/maven2/io/netty/netty-bom/4.1.123.Final/netty-bom-4.1.123.Final.pom
2025-08-02 15:28:27,108 [Worker-5: Import Getting Started Content] INFO  o.e.m.c.i.e.AbstractTransferListenerAdapter - Downloading https://repo.maven.apache.org/maven2/io/prometheus/prometheus-metrics-bom/1.3.10/prometheus-metrics-bom-1.3.10.pom
2025-08-02 15:28:27,114 [Worker-5: Import Getting Started Content] INFO  o.e.m.c.i.e.AbstractTransferListenerAdapter - Downloaded https://repo.maven.apache.org/maven2/io/prometheus/prometheus-metrics-bom/1.3.10/prometheus-metrics-bom-1.3.10.pom
2025-08-02 15:28:27,162 [Worker-5: Import Getting Started Content] INFO  o.e.m.c.i.e.AbstractTransferListenerAdapter - Downloading https://repo.maven.apache.org/maven2/io/prometheus/client_java_parent/1.3.10/client_java_parent-1.3.10.pom
2025-08-02 15:28:27,172 [Worker-5: Import Getting Started Content] INFO  o.e.m.c.i.e.AbstractTransferListenerAdapter - Downloaded https://repo.maven.apache.org/maven2/io/prometheus/client_java_parent/1.3.10/client_java_parent-1.3.10.pom
2025-08-02 15:28:27,231 [Worker-5: Import Getting Started Content] INFO  o.e.m.c.i.e.AbstractTransferListenerAdapter - Downloading https://repo.maven.apache.org/maven2/io/projectreactor/reactor-bom/2024.0.8/reactor-bom-2024.0.8.pom
2025-08-02 15:28:27,240 [Worker-5: Import Getting Started Content] INFO  o.e.m.c.i.e.AbstractTransferListenerAdapter - Downloaded https://repo.maven.apache.org/maven2/io/projectreactor/reactor-bom/2024.0.8/reactor-bom-2024.0.8.pom
2025-08-02 15:28:27,306 [Worker-5: Import Getting Started Content] INFO  o.e.m.c.i.e.AbstractTransferListenerAdapter - Downloading https://repo.maven.apache.org/maven2/org/springframework/amqp/spring-amqp-bom/3.2.6/spring-amqp-bom-3.2.6.pom
2025-08-02 15:28:27,314 [Worker-5: Import Getting Started Content] INFO  o.e.m.c.i.e.AbstractTransferListenerAdapter - Downloaded https://repo.maven.apache.org/maven2/org/springframework/amqp/spring-amqp-bom/3.2.6/spring-amqp-bom-3.2.6.pom
2025-08-02 15:28:27,355 [Worker-5: Import Getting Started Content] INFO  o.e.m.c.i.e.AbstractTransferListenerAdapter - Downloading https://repo.maven.apache.org/maven2/org/springframework/data/spring-data-bom/2025.0.2/spring-data-bom-2025.0.2.pom
2025-08-02 15:28:27,360 [Worker-5: Import Getting Started Content] INFO  o.e.m.c.i.e.AbstractTransferListenerAdapter - Downloaded https://repo.maven.apache.org/maven2/org/springframework/data/spring-data-bom/2025.0.2/spring-data-bom-2025.0.2.pom
2025-08-02 15:28:27,418 [Worker-5: Import Getting Started Content] INFO  o.e.m.c.i.e.AbstractTransferListenerAdapter - Downloading https://repo.maven.apache.org/maven2/org/springframework/spring-framework-bom/6.2.9/spring-framework-bom-6.2.9.pom
2025-08-02 15:28:27,423 [Worker-5: Import Getting Started Content] INFO  o.e.m.c.i.e.AbstractTransferListenerAdapter - Downloaded https://repo.maven.apache.org/maven2/org/springframework/spring-framework-bom/6.2.9/spring-framework-bom-6.2.9.pom
2025-08-02 15:28:27,449 [Worker-5: Import Getting Started Content] INFO  o.e.m.c.i.e.AbstractTransferListenerAdapter - Downloading https://repo.maven.apache.org/maven2/org/springframework/integration/spring-integration-bom/6.5.1/spring-integration-bom-6.5.1.pom
2025-08-02 15:28:27,461 [Worker-5: Import Getting Started Content] INFO  o.e.m.c.i.e.AbstractTransferListenerAdapter - Downloaded https://repo.maven.apache.org/maven2/org/springframework/integration/spring-integration-bom/6.5.1/spring-integration-bom-6.5.1.pom
2025-08-02 15:28:27,494 [Worker-5: Import Getting Started Content] INFO  o.e.m.c.i.e.AbstractTransferListenerAdapter - Downloading https://repo.maven.apache.org/maven2/org/springframework/pulsar/spring-pulsar-bom/1.2.8/spring-pulsar-bom-1.2.8.pom
2025-08-02 15:28:27,504 [Worker-5: Import Getting Started Content] INFO  o.e.m.c.i.e.AbstractTransferListenerAdapter - Downloaded https://repo.maven.apache.org/maven2/org/springframework/pulsar/spring-pulsar-bom/1.2.8/spring-pulsar-bom-1.2.8.pom
2025-08-02 15:28:27,554 [Worker-5: Import Getting Started Content] INFO  o.e.m.c.i.e.AbstractTransferListenerAdapter - Downloading https://repo.maven.apache.org/maven2/org/springframework/security/spring-security-bom/6.5.2/spring-security-bom-6.5.2.pom
2025-08-02 15:28:27,561 [Worker-5: Import Getting Started Content] INFO  o.e.m.c.i.e.AbstractTransferListenerAdapter - Downloaded https://repo.maven.apache.org/maven2/org/springframework/security/spring-security-bom/6.5.2/spring-security-bom-6.5.2.pom
2025-08-02 15:28:27,626 [Worker-5: Import Getting Started Content] INFO  o.e.m.c.i.e.AbstractTransferListenerAdapter - Downloading https://repo.maven.apache.org/maven2/org/springframework/ws/spring-ws-bom/4.1.1/spring-ws-bom-4.1.1.pom
2025-08-02 15:28:27,637 [Worker-5: Import Getting Started Content] INFO  o.e.m.c.i.e.AbstractTransferListenerAdapter - Downloaded https://repo.maven.apache.org/maven2/org/springframework/ws/spring-ws-bom/4.1.1/spring-ws-bom-4.1.1.pom
2025-08-02 15:28:27,698 [Worker-5: Import Getting Started Content] INFO  o.e.m.c.i.e.AbstractTransferListenerAdapter - Downloading https://repo.maven.apache.org/maven2/org/testcontainers/testcontainers-bom/1.21.3/testcontainers-bom-1.21.3.pom
2025-08-02 15:28:27,704 [Worker-5: Import Getting Started Content] INFO  o.e.m.c.i.e.AbstractTransferListenerAdapter - Downloaded https://repo.maven.apache.org/maven2/org/testcontainers/testcontainers-bom/1.21.3/testcontainers-bom-1.21.3.pom
2025-08-02 15:28:28,217 [Worker-5: Import Getting Started Content] INFO  o.e.m.c.i.e.AbstractTransferListenerAdapter - Downloading https://repo.maven.apache.org/maven2/org/springframework/boot/spring-boot-maven-plugin/3.5.4/spring-boot-maven-plugin-3.5.4.pom
2025-08-02 15:28:28,224 [Worker-5: Import Getting Started Content] INFO  o.e.m.c.i.e.AbstractTransferListenerAdapter - Downloaded https://repo.maven.apache.org/maven2/org/springframework/boot/spring-boot-maven-plugin/3.5.4/spring-boot-maven-plugin-3.5.4.pom
2025-08-02 15:28:28,343 [Worker-5: Import Getting Started Content] INFO  o.e.m.c.i.e.AbstractTransferListenerAdapter - Downloading https://repo.maven.apache.org/maven2/org/springframework/boot/spring-boot-maven-plugin/3.5.4/spring-boot-maven-plugin-3.5.4.jar
2025-08-02 15:28:28,450 [Worker-5: Import Getting Started Content] INFO  o.e.m.c.i.e.AbstractTransferListenerAdapter - Downloaded https://repo.maven.apache.org/maven2/org/springframework/boot/spring-boot-maven-plugin/3.5.4/spring-boot-maven-plugin-3.5.4.jar
2025-08-02 15:28:29,762 [Worker-5: Import Getting Started Content] INFO  o.e.m.c.i.l.LifecycleMappingFactory - Using org.eclipse.m2e.jdt.JarLifecycleMapping lifecycle mapping for MavenProject: com.greennest:greennest-backend:0.0.1-SNAPSHOT @ C:\Users\DELL\Desktop\Perplexity\backend\greennest\pom.xml.
2025-08-02 15:28:29,815 [Worker-5: Import Getting Started Content] INFO  o.e.m.c.i.e.AbstractTransferListenerAdapter - Downloading https://repo.maven.apache.org/maven2/org/springframework/boot/spring-boot-starter-data-jpa/3.5.4/spring-boot-starter-data-jpa-3.5.4.pom
2025-08-02 15:28:29,819 [Worker-5: Import Getting Started Content] INFO  o.e.m.c.i.e.AbstractTransferListenerAdapter - Downloaded https://repo.maven.apache.org/maven2/org/springframework/boot/spring-boot-starter-data-jpa/3.5.4/spring-boot-starter-data-jpa-3.5.4.pom
2025-08-02 15:28:29,848 [Worker-5: Import Getting Started Content] INFO  o.e.m.c.i.e.AbstractTransferListenerAdapter - Downloading https://repo.maven.apache.org/maven2/org/springframework/boot/spring-boot-starter/3.5.4/spring-boot-starter-3.5.4.pom
2025-08-02 15:28:29,854 [Worker-5: Import Getting Started Content] INFO  o.e.m.c.i.e.AbstractTransferListenerAdapter - Downloaded https://repo.maven.apache.org/maven2/org/springframework/boot/spring-boot-starter/3.5.4/spring-boot-starter-3.5.4.pom
2025-08-02 15:28:29,879 [Worker-5: Import Getting Started Content] INFO  o.e.m.c.i.e.AbstractTransferListenerAdapter - Downloading https://repo.maven.apache.org/maven2/org/springframework/boot/spring-boot/3.5.4/spring-boot-3.5.4.pom
2025-08-02 15:28:29,886 [Worker-5: Import Getting Started Content] INFO  o.e.m.c.i.e.AbstractTransferListenerAdapter - Downloaded https://repo.maven.apache.org/maven2/org/springframework/boot/spring-boot/3.5.4/spring-boot-3.5.4.pom
2025-08-02 15:28:29,908 [Worker-5: Import Getting Started Content] INFO  o.e.m.c.i.e.AbstractTransferListenerAdapter - Downloading https://repo.maven.apache.org/maven2/org/springframework/spring-core/6.2.9/spring-core-6.2.9.pom
2025-08-02 15:28:29,912 [Worker-5: Import Getting Started Content] INFO  o.e.m.c.i.e.AbstractTransferListenerAdapter - Downloaded https://repo.maven.apache.org/maven2/org/springframework/spring-core/6.2.9/spring-core-6.2.9.pom
2025-08-02 15:28:29,981 [Worker-5: Import Getting Started Content] INFO  o.e.m.c.i.e.AbstractTransferListenerAdapter - Downloading https://repo.maven.apache.org/maven2/org/springframework/spring-jcl/6.2.9/spring-jcl-6.2.9.pom
2025-08-02 15:28:29,987 [Worker-5: Import Getting Started Content] INFO  o.e.m.c.i.e.AbstractTransferListenerAdapter - Downloaded https://repo.maven.apache.org/maven2/org/springframework/spring-jcl/6.2.9/spring-jcl-6.2.9.pom
2025-08-02 15:28:30,016 [Worker-5: Import Getting Started Content] INFO  o.e.m.c.i.e.AbstractTransferListenerAdapter - Downloading https://repo.maven.apache.org/maven2/org/springframework/spring-context/6.2.9/spring-context-6.2.9.pom
2025-08-02 15:28:30,021 [Worker-5: Import Getting Started Content] INFO  o.e.m.c.i.e.AbstractTransferListenerAdapter - Downloaded https://repo.maven.apache.org/maven2/org/springframework/spring-context/6.2.9/spring-context-6.2.9.pom
2025-08-02 15:28:30,049 [Worker-5: Import Getting Started Content] INFO  o.e.m.c.i.e.AbstractTransferListenerAdapter - Downloading https://repo.maven.apache.org/maven2/org/springframework/spring-aop/6.2.9/spring-aop-6.2.9.pom
2025-08-02 15:28:30,056 [Worker-5: Import Getting Started Content] INFO  o.e.m.c.i.e.AbstractTransferListenerAdapter - Downloaded https://repo.maven.apache.org/maven2/org/springframework/spring-aop/6.2.9/spring-aop-6.2.9.pom
2025-08-02 15:28:30,083 [Worker-5: Import Getting Started Content] INFO  o.e.m.c.i.e.AbstractTransferListenerAdapter - Downloading https://repo.maven.apache.org/maven2/org/springframework/spring-beans/6.2.9/spring-beans-6.2.9.pom
2025-08-02 15:28:30,091 [Worker-5: Import Getting Started Content] INFO  o.e.m.c.i.e.AbstractTransferListenerAdapter - Downloaded https://repo.maven.apache.org/maven2/org/springframework/spring-beans/6.2.9/spring-beans-6.2.9.pom
2025-08-02 15:28:30,111 [Worker-5: Import Getting Started Content] INFO  o.e.m.c.i.e.AbstractTransferListenerAdapter - Downloading https://repo.maven.apache.org/maven2/org/springframework/spring-expression/6.2.9/spring-expression-6.2.9.pom
2025-08-02 15:28:30,115 [Worker-5: Import Getting Started Content] INFO  o.e.m.c.i.e.AbstractTransferListenerAdapter - Downloaded https://repo.maven.apache.org/maven2/org/springframework/spring-expression/6.2.9/spring-expression-6.2.9.pom
2025-08-02 15:28:30,141 [Worker-5: Import Getting Started Content] INFO  o.e.m.c.i.e.AbstractTransferListenerAdapter - Downloading https://repo.maven.apache.org/maven2/io/micrometer/micrometer-observation/1.15.2/micrometer-observation-1.15.2.pom
2025-08-02 15:28:30,148 [Worker-5: Import Getting Started Content] INFO  o.e.m.c.i.e.AbstractTransferListenerAdapter - Downloaded https://repo.maven.apache.org/maven2/io/micrometer/micrometer-observation/1.15.2/micrometer-observation-1.15.2.pom
2025-08-02 15:28:30,187 [Worker-5: Import Getting Started Content] INFO  o.e.m.c.i.e.AbstractTransferListenerAdapter - Downloading https://repo.maven.apache.org/maven2/io/micrometer/micrometer-commons/1.15.2/micrometer-commons-1.15.2.pom
2025-08-02 15:28:30,191 [Worker-5: Import Getting Started Content] INFO  o.e.m.c.i.e.AbstractTransferListenerAdapter - Downloaded https://repo.maven.apache.org/maven2/io/micrometer/micrometer-commons/1.15.2/micrometer-commons-1.15.2.pom
2025-08-02 15:28:30,232 [Worker-5: Import Getting Started Content] INFO  o.e.m.c.i.e.AbstractTransferListenerAdapter - Downloading https://repo.maven.apache.org/maven2/org/springframework/boot/spring-boot-autoconfigure/3.5.4/spring-boot-autoconfigure-3.5.4.pom
2025-08-02 15:28:30,240 [Worker-5: Import Getting Started Content] INFO  o.e.m.c.i.e.AbstractTransferListenerAdapter - Downloaded https://repo.maven.apache.org/maven2/org/springframework/boot/spring-boot-autoconfigure/3.5.4/spring-boot-autoconfigure-3.5.4.pom
2025-08-02 15:28:30,391 [Worker-5: Import Getting Started Content] INFO  o.e.m.c.i.e.AbstractTransferListenerAdapter - Downloading https://repo.maven.apache.org/maven2/org/springframework/boot/spring-boot-starter-logging/3.5.4/spring-boot-starter-logging-3.5.4.pom
2025-08-02 15:28:30,411 [Worker-5: Import Getting Started Content] INFO  o.e.m.c.i.e.AbstractTransferListenerAdapter - Downloaded https://repo.maven.apache.org/maven2/org/springframework/boot/spring-boot-starter-logging/3.5.4/spring-boot-starter-logging-3.5.4.pom
2025-08-02 15:28:30,555 [Worker-5: Import Getting Started Content] INFO  o.e.m.c.i.e.AbstractTransferListenerAdapter - Downloading https://repo.maven.apache.org/maven2/org/springframework/boot/spring-boot-starter-jdbc/3.5.4/spring-boot-starter-jdbc-3.5.4.pom
2025-08-02 15:28:30,560 [Worker-5: Import Getting Started Content] INFO  o.e.m.c.i.e.AbstractTransferListenerAdapter - Downloaded https://repo.maven.apache.org/maven2/org/springframework/boot/spring-boot-starter-jdbc/3.5.4/spring-boot-starter-jdbc-3.5.4.pom
2025-08-02 15:28:30,594 [Worker-5: Import Getting Started Content] INFO  o.e.m.c.i.e.AbstractTransferListenerAdapter - Downloading https://repo.maven.apache.org/maven2/com/zaxxer/HikariCP/6.3.1/HikariCP-6.3.1.pom
2025-08-02 15:28:30,599 [Worker-5: Import Getting Started Content] INFO  o.e.m.c.i.e.AbstractTransferListenerAdapter - Downloaded https://repo.maven.apache.org/maven2/com/zaxxer/HikariCP/6.3.1/HikariCP-6.3.1.pom
2025-08-02 15:28:30,697 [Worker-5: Import Getting Started Content] INFO  o.e.m.c.i.e.AbstractTransferListenerAdapter - Downloading https://repo.maven.apache.org/maven2/org/springframework/spring-jdbc/6.2.9/spring-jdbc-6.2.9.pom
2025-08-02 15:28:30,705 [Worker-5: Import Getting Started Content] INFO  o.e.m.c.i.e.AbstractTransferListenerAdapter - Downloaded https://repo.maven.apache.org/maven2/org/springframework/spring-jdbc/6.2.9/spring-jdbc-6.2.9.pom
2025-08-02 15:28:30,729 [Worker-5: Import Getting Started Content] INFO  o.e.m.c.i.e.AbstractTransferListenerAdapter - Downloading https://repo.maven.apache.org/maven2/org/springframework/spring-tx/6.2.9/spring-tx-6.2.9.pom
2025-08-02 15:28:30,734 [Worker-5: Import Getting Started Content] INFO  o.e.m.c.i.e.AbstractTransferListenerAdapter - Downloaded https://repo.maven.apache.org/maven2/org/springframework/spring-tx/6.2.9/spring-tx-6.2.9.pom
2025-08-02 15:28:30,800 [Worker-5: Import Getting Started Content] INFO  o.e.m.c.i.e.AbstractTransferListenerAdapter - Downloading https://repo.maven.apache.org/maven2/org/hibernate/orm/hibernate-core/6.6.22.Final/hibernate-core-6.6.22.Final.pom
2025-08-02 15:28:30,808 [Worker-5: Import Getting Started Content] INFO  o.e.m.c.i.e.AbstractTransferListenerAdapter - Downloaded https://repo.maven.apache.org/maven2/org/hibernate/orm/hibernate-core/6.6.22.Final/hibernate-core-6.6.22.Final.pom
2025-08-02 15:28:31,005 [Worker-5: Import Getting Started Content] INFO  o.e.m.c.i.e.AbstractTransferListenerAdapter - Downloading https://repo.maven.apache.org/maven2/org/springframework/data/spring-data-jpa/3.5.2/spring-data-jpa-3.5.2.pom
2025-08-02 15:28:31,010 [Worker-5: Import Getting Started Content] INFO  o.e.m.c.i.e.AbstractTransferListenerAdapter - Downloaded https://repo.maven.apache.org/maven2/org/springframework/data/spring-data-jpa/3.5.2/spring-data-jpa-3.5.2.pom
2025-08-02 15:28:31,064 [Worker-5: Import Getting Started Content] INFO  o.e.m.c.i.e.AbstractTransferListenerAdapter - Downloading https://repo.maven.apache.org/maven2/org/springframework/data/spring-data-jpa-parent/3.5.2/spring-data-jpa-parent-3.5.2.pom
2025-08-02 15:28:31,068 [Worker-5: Import Getting Started Content] INFO  o.e.m.c.i.e.AbstractTransferListenerAdapter - Downloaded https://repo.maven.apache.org/maven2/org/springframework/data/spring-data-jpa-parent/3.5.2/spring-data-jpa-parent-3.5.2.pom
2025-08-02 15:28:31,107 [Worker-5: Import Getting Started Content] INFO  o.e.m.c.i.e.AbstractTransferListenerAdapter - Downloading https://repo.maven.apache.org/maven2/org/springframework/data/build/spring-data-parent/3.5.2/spring-data-parent-3.5.2.pom
2025-08-02 15:28:31,112 [Worker-5: Import Getting Started Content] INFO  o.e.m.c.i.e.AbstractTransferListenerAdapter - Downloaded https://repo.maven.apache.org/maven2/org/springframework/data/build/spring-data-parent/3.5.2/spring-data-parent-3.5.2.pom
2025-08-02 15:28:31,132 [Worker-5: Import Getting Started Content] INFO  o.e.m.c.i.e.AbstractTransferListenerAdapter - Downloading https://repo.maven.apache.org/maven2/org/springframework/data/build/spring-data-build/3.5.2/spring-data-build-3.5.2.pom
2025-08-02 15:28:31,137 [Worker-5: Import Getting Started Content] INFO  o.e.m.c.i.e.AbstractTransferListenerAdapter - Downloaded https://repo.maven.apache.org/maven2/org/springframework/data/build/spring-data-build/3.5.2/spring-data-build-3.5.2.pom
2025-08-02 15:28:31,218 [Worker-5: Import Getting Started Content] INFO  o.e.m.c.i.e.AbstractTransferListenerAdapter - Downloading https://repo.maven.apache.org/maven2/org/springframework/data/spring-data-commons/3.5.2/spring-data-commons-3.5.2.pom
2025-08-02 15:28:31,224 [Worker-5: Import Getting Started Content] INFO  o.e.m.c.i.e.AbstractTransferListenerAdapter - Downloaded https://repo.maven.apache.org/maven2/org/springframework/data/spring-data-commons/3.5.2/spring-data-commons-3.5.2.pom
2025-08-02 15:28:31,272 [Worker-5: Import Getting Started Content] INFO  o.e.m.c.i.e.AbstractTransferListenerAdapter - Downloading https://repo.maven.apache.org/maven2/org/springframework/spring-orm/6.2.9/spring-orm-6.2.9.pom
2025-08-02 15:28:31,277 [Worker-5: Import Getting Started Content] INFO  o.e.m.c.i.e.AbstractTransferListenerAdapter - Downloaded https://repo.maven.apache.org/maven2/org/springframework/spring-orm/6.2.9/spring-orm-6.2.9.pom
2025-08-02 15:28:31,311 [Worker-5: Import Getting Started Content] INFO  o.e.m.c.i.e.AbstractTransferListenerAdapter - Downloading https://repo.maven.apache.org/maven2/org/springframework/spring-aspects/6.2.9/spring-aspects-6.2.9.pom
2025-08-02 15:28:31,315 [Worker-5: Import Getting Started Content] INFO  o.e.m.c.i.e.AbstractTransferListenerAdapter - Downloaded https://repo.maven.apache.org/maven2/org/springframework/spring-aspects/6.2.9/spring-aspects-6.2.9.pom
2025-08-02 15:28:31,333 [Worker-5: Import Getting Started Content] INFO  o.e.m.c.i.e.AbstractTransferListenerAdapter - Downloading https://repo.maven.apache.org/maven2/org/springframework/boot/spring-boot-starter-security/3.5.4/spring-boot-starter-security-3.5.4.pom
2025-08-02 15:28:31,337 [Worker-5: Import Getting Started Content] INFO  o.e.m.c.i.e.AbstractTransferListenerAdapter - Downloaded https://repo.maven.apache.org/maven2/org/springframework/boot/spring-boot-starter-security/3.5.4/spring-boot-starter-security-3.5.4.pom
2025-08-02 15:28:31,414 [Worker-5: Import Getting Started Content] INFO  o.e.m.c.i.e.AbstractTransferListenerAdapter - Downloading https://repo.maven.apache.org/maven2/org/springframework/security/spring-security-config/6.5.2/spring-security-config-6.5.2.pom
2025-08-02 15:28:31,421 [Worker-5: Import Getting Started Content] INFO  o.e.m.c.i.e.AbstractTransferListenerAdapter - Downloaded https://repo.maven.apache.org/maven2/org/springframework/security/spring-security-config/6.5.2/spring-security-config-6.5.2.pom
2025-08-02 15:28:31,443 [Worker-5: Import Getting Started Content] INFO  o.e.m.c.i.e.AbstractTransferListenerAdapter - Downloading https://repo.maven.apache.org/maven2/org/springframework/security/spring-security-core/6.5.2/spring-security-core-6.5.2.pom
2025-08-02 15:28:31,449 [Worker-5: Import Getting Started Content] INFO  o.e.m.c.i.e.AbstractTransferListenerAdapter - Downloaded https://repo.maven.apache.org/maven2/org/springframework/security/spring-security-core/6.5.2/spring-security-core-6.5.2.pom
2025-08-02 15:28:31,517 [Worker-5: Import Getting Started Content] INFO  o.e.m.c.i.e.AbstractTransferListenerAdapter - Downloading https://repo.maven.apache.org/maven2/org/springframework/security/spring-security-crypto/6.5.2/spring-security-crypto-6.5.2.pom
2025-08-02 15:28:31,526 [Worker-5: Import Getting Started Content] INFO  o.e.m.c.i.e.AbstractTransferListenerAdapter - Downloaded https://repo.maven.apache.org/maven2/org/springframework/security/spring-security-crypto/6.5.2/spring-security-crypto-6.5.2.pom
2025-08-02 15:28:31,620 [Worker-5: Import Getting Started Content] INFO  o.e.m.c.i.e.AbstractTransferListenerAdapter - Downloading https://repo.maven.apache.org/maven2/org/springframework/security/spring-security-web/6.5.2/spring-security-web-6.5.2.pom
2025-08-02 15:28:31,627 [Worker-5: Import Getting Started Content] INFO  o.e.m.c.i.e.AbstractTransferListenerAdapter - Downloaded https://repo.maven.apache.org/maven2/org/springframework/security/spring-security-web/6.5.2/spring-security-web-6.5.2.pom
2025-08-02 15:28:31,649 [Worker-5: Import Getting Started Content] INFO  o.e.m.c.i.e.AbstractTransferListenerAdapter - Downloading https://repo.maven.apache.org/maven2/org/springframework/spring-web/6.2.9/spring-web-6.2.9.pom
2025-08-02 15:28:31,655 [Worker-5: Import Getting Started Content] INFO  o.e.m.c.i.e.AbstractTransferListenerAdapter - Downloaded https://repo.maven.apache.org/maven2/org/springframework/spring-web/6.2.9/spring-web-6.2.9.pom
2025-08-02 15:28:31,722 [Worker-5: Import Getting Started Content] INFO  o.e.m.c.i.e.AbstractTransferListenerAdapter - Downloading https://repo.maven.apache.org/maven2/org/springframework/boot/spring-boot-starter-validation/3.5.4/spring-boot-starter-validation-3.5.4.pom
2025-08-02 15:28:31,732 [Worker-5: Import Getting Started Content] INFO  o.e.m.c.i.e.AbstractTransferListenerAdapter - Downloaded https://repo.maven.apache.org/maven2/org/springframework/boot/spring-boot-starter-validation/3.5.4/spring-boot-starter-validation-3.5.4.pom
2025-08-02 15:28:31,763 [Worker-5: Import Getting Started Content] INFO  o.e.m.c.i.e.AbstractTransferListenerAdapter - Downloading https://repo.maven.apache.org/maven2/org/apache/tomcat/embed/tomcat-embed-el/10.1.43/tomcat-embed-el-10.1.43.pom
2025-08-02 15:28:31,769 [Worker-5: Import Getting Started Content] INFO  o.e.m.c.i.e.AbstractTransferListenerAdapter - Downloaded https://repo.maven.apache.org/maven2/org/apache/tomcat/embed/tomcat-embed-el/10.1.43/tomcat-embed-el-10.1.43.pom
2025-08-02 15:28:31,824 [Worker-5: Import Getting Started Content] INFO  o.e.m.c.i.e.AbstractTransferListenerAdapter - Downloading https://repo.maven.apache.org/maven2/org/springframework/boot/spring-boot-starter-web/3.5.4/spring-boot-starter-web-3.5.4.pom
2025-08-02 15:28:31,828 [Worker-5: Import Getting Started Content] INFO  o.e.m.c.i.e.AbstractTransferListenerAdapter - Downloaded https://repo.maven.apache.org/maven2/org/springframework/boot/spring-boot-starter-web/3.5.4/spring-boot-starter-web-3.5.4.pom
2025-08-02 15:28:31,892 [Worker-5: Import Getting Started Content] INFO  o.e.m.c.i.e.AbstractTransferListenerAdapter - Downloading https://repo.maven.apache.org/maven2/org/springframework/boot/spring-boot-starter-json/3.5.4/spring-boot-starter-json-3.5.4.pom
2025-08-02 15:28:31,902 [Worker-5: Import Getting Started Content] INFO  o.e.m.c.i.e.AbstractTransferListenerAdapter - Downloaded https://repo.maven.apache.org/maven2/org/springframework/boot/spring-boot-starter-json/3.5.4/spring-boot-starter-json-3.5.4.pom
2025-08-02 15:28:31,927 [Worker-5: Import Getting Started Content] INFO  o.e.m.c.i.e.AbstractTransferListenerAdapter - Downloading https://repo.maven.apache.org/maven2/com/fasterxml/jackson/core/jackson-databind/2.19.2/jackson-databind-2.19.2.pom
2025-08-02 15:28:31,933 [Worker-5: Import Getting Started Content] INFO  o.e.m.c.i.e.AbstractTransferListenerAdapter - Downloaded https://repo.maven.apache.org/maven2/com/fasterxml/jackson/core/jackson-databind/2.19.2/jackson-databind-2.19.2.pom
2025-08-02 15:28:31,980 [Worker-5: Import Getting Started Content] INFO  o.e.m.c.i.e.AbstractTransferListenerAdapter - Downloading https://repo.maven.apache.org/maven2/com/fasterxml/jackson/jackson-base/2.19.2/jackson-base-2.19.2.pom
2025-08-02 15:28:31,990 [Worker-5: Import Getting Started Content] INFO  o.e.m.c.i.e.AbstractTransferListenerAdapter - Downloaded https://repo.maven.apache.org/maven2/com/fasterxml/jackson/jackson-base/2.19.2/jackson-base-2.19.2.pom
2025-08-02 15:28:32,015 [Worker-5: Import Getting Started Content] INFO  o.e.m.c.i.e.AbstractTransferListenerAdapter - Downloading https://repo.maven.apache.org/maven2/com/fasterxml/jackson/core/jackson-annotations/2.19.2/jackson-annotations-2.19.2.pom
2025-08-02 15:28:32,019 [Worker-5: Import Getting Started Content] INFO  o.e.m.c.i.e.AbstractTransferListenerAdapter - Downloaded https://repo.maven.apache.org/maven2/com/fasterxml/jackson/core/jackson-annotations/2.19.2/jackson-annotations-2.19.2.pom
2025-08-02 15:28:32,133 [Worker-5: Import Getting Started Content] INFO  o.e.m.c.i.e.AbstractTransferListenerAdapter - Downloading https://repo.maven.apache.org/maven2/com/fasterxml/jackson/core/jackson-core/2.19.2/jackson-core-2.19.2.pom
2025-08-02 15:28:32,151 [Worker-5: Import Getting Started Content] INFO  o.e.m.c.i.e.AbstractTransferListenerAdapter - Downloaded https://repo.maven.apache.org/maven2/com/fasterxml/jackson/core/jackson-core/2.19.2/jackson-core-2.19.2.pom
2025-08-02 15:28:32,233 [Worker-5: Import Getting Started Content] INFO  o.e.m.c.i.e.AbstractTransferListenerAdapter - Downloading https://repo.maven.apache.org/maven2/com/fasterxml/jackson/datatype/jackson-datatype-jdk8/2.19.2/jackson-datatype-jdk8-2.19.2.pom
2025-08-02 15:28:32,236 [Worker-5: Import Getting Started Content] INFO  o.e.m.c.i.e.AbstractTransferListenerAdapter - Downloaded https://repo.maven.apache.org/maven2/com/fasterxml/jackson/datatype/jackson-datatype-jdk8/2.19.2/jackson-datatype-jdk8-2.19.2.pom
2025-08-02 15:28:32,252 [Worker-5: Import Getting Started Content] INFO  o.e.m.c.i.e.AbstractTransferListenerAdapter - Downloading https://repo.maven.apache.org/maven2/com/fasterxml/jackson/module/jackson-modules-java8/2.19.2/jackson-modules-java8-2.19.2.pom
2025-08-02 15:28:32,258 [Worker-5: Import Getting Started Content] INFO  o.e.m.c.i.e.AbstractTransferListenerAdapter - Downloaded https://repo.maven.apache.org/maven2/com/fasterxml/jackson/module/jackson-modules-java8/2.19.2/jackson-modules-java8-2.19.2.pom
2025-08-02 15:28:32,336 [Worker-5: Import Getting Started Content] INFO  o.e.m.c.i.e.AbstractTransferListenerAdapter - Downloading https://repo.maven.apache.org/maven2/com/fasterxml/jackson/datatype/jackson-datatype-jsr310/2.19.2/jackson-datatype-jsr310-2.19.2.pom
2025-08-02 15:28:32,344 [Worker-5: Import Getting Started Content] INFO  o.e.m.c.i.e.AbstractTransferListenerAdapter - Downloaded https://repo.maven.apache.org/maven2/com/fasterxml/jackson/datatype/jackson-datatype-jsr310/2.19.2/jackson-datatype-jsr310-2.19.2.pom
2025-08-02 15:28:32,747 [Worker-5: Import Getting Started Content] INFO  o.e.m.c.i.e.AbstractTransferListenerAdapter - Downloading https://repo.maven.apache.org/maven2/com/fasterxml/jackson/module/jackson-module-parameter-names/2.19.2/jackson-module-parameter-names-2.19.2.pom
2025-08-02 15:28:32,766 [Worker-5: Import Getting Started Content] INFO  o.e.m.c.i.e.AbstractTransferListenerAdapter - Downloaded https://repo.maven.apache.org/maven2/com/fasterxml/jackson/module/jackson-module-parameter-names/2.19.2/jackson-module-parameter-names-2.19.2.pom
2025-08-02 15:28:32,847 [Worker-5: Import Getting Started Content] INFO  o.e.m.c.i.e.AbstractTransferListenerAdapter - Downloading https://repo.maven.apache.org/maven2/org/springframework/boot/spring-boot-starter-tomcat/3.5.4/spring-boot-starter-tomcat-3.5.4.pom
2025-08-02 15:28:32,870 [Worker-5: Import Getting Started Content] INFO  o.e.m.c.i.e.AbstractTransferListenerAdapter - Downloaded https://repo.maven.apache.org/maven2/org/springframework/boot/spring-boot-starter-tomcat/3.5.4/spring-boot-starter-tomcat-3.5.4.pom
2025-08-02 15:28:32,950 [Worker-5: Import Getting Started Content] INFO  o.e.m.c.i.e.AbstractTransferListenerAdapter - Downloading https://repo.maven.apache.org/maven2/org/apache/tomcat/embed/tomcat-embed-core/10.1.43/tomcat-embed-core-10.1.43.pom
2025-08-02 15:28:32,956 [Worker-5: Import Getting Started Content] INFO  o.e.m.c.i.e.AbstractTransferListenerAdapter - Downloaded https://repo.maven.apache.org/maven2/org/apache/tomcat/embed/tomcat-embed-core/10.1.43/tomcat-embed-core-10.1.43.pom
2025-08-02 15:28:32,984 [Worker-5: Import Getting Started Content] INFO  o.e.m.c.i.e.AbstractTransferListenerAdapter - Downloading https://repo.maven.apache.org/maven2/org/apache/tomcat/embed/tomcat-embed-websocket/10.1.43/tomcat-embed-websocket-10.1.43.pom
2025-08-02 15:28:32,989 [Worker-5: Import Getting Started Content] INFO  o.e.m.c.i.e.AbstractTransferListenerAdapter - Downloaded https://repo.maven.apache.org/maven2/org/apache/tomcat/embed/tomcat-embed-websocket/10.1.43/tomcat-embed-websocket-10.1.43.pom
2025-08-02 15:28:33,037 [Worker-5: Import Getting Started Content] INFO  o.e.m.c.i.e.AbstractTransferListenerAdapter - Downloading https://repo.maven.apache.org/maven2/org/springframework/spring-webmvc/6.2.9/spring-webmvc-6.2.9.pom
2025-08-02 15:28:33,044 [Worker-5: Import Getting Started Content] INFO  o.e.m.c.i.e.AbstractTransferListenerAdapter - Downloaded https://repo.maven.apache.org/maven2/org/springframework/spring-webmvc/6.2.9/spring-webmvc-6.2.9.pom
2025-08-02 15:28:33,155 [Worker-5: Import Getting Started Content] INFO  o.e.m.c.i.e.AbstractTransferListenerAdapter - Downloading https://repo.maven.apache.org/maven2/org/springframework/boot/spring-boot-devtools/3.5.4/spring-boot-devtools-3.5.4.pom
2025-08-02 15:28:33,160 [Worker-5: Import Getting Started Content] INFO  o.e.m.c.i.e.AbstractTransferListenerAdapter - Downloaded https://repo.maven.apache.org/maven2/org/springframework/boot/spring-boot-devtools/3.5.4/spring-boot-devtools-3.5.4.pom
2025-08-02 15:28:33,257 [Worker-5: Import Getting Started Content] INFO  o.e.m.c.i.e.AbstractTransferListenerAdapter - Downloading https://repo.maven.apache.org/maven2/org/springframework/boot/spring-boot-starter-test/3.5.4/spring-boot-starter-test-3.5.4.pom
2025-08-02 15:28:33,263 [Worker-5: Import Getting Started Content] INFO  o.e.m.c.i.e.AbstractTransferListenerAdapter - Downloaded https://repo.maven.apache.org/maven2/org/springframework/boot/spring-boot-starter-test/3.5.4/spring-boot-starter-test-3.5.4.pom
2025-08-02 15:28:33,360 [Worker-5: Import Getting Started Content] INFO  o.e.m.c.i.e.AbstractTransferListenerAdapter - Downloading https://repo.maven.apache.org/maven2/org/springframework/boot/spring-boot-test/3.5.4/spring-boot-test-3.5.4.pom
2025-08-02 15:28:33,365 [Worker-5: Import Getting Started Content] INFO  o.e.m.c.i.e.AbstractTransferListenerAdapter - Downloaded https://repo.maven.apache.org/maven2/org/springframework/boot/spring-boot-test/3.5.4/spring-boot-test-3.5.4.pom
2025-08-02 15:28:33,396 [Worker-5: Import Getting Started Content] INFO  o.e.m.c.i.e.AbstractTransferListenerAdapter - Downloading https://repo.maven.apache.org/maven2/org/springframework/spring-test/6.2.9/spring-test-6.2.9.pom
2025-08-02 15:28:33,402 [Worker-5: Import Getting Started Content] INFO  o.e.m.c.i.e.AbstractTransferListenerAdapter - Downloaded https://repo.maven.apache.org/maven2/org/springframework/spring-test/6.2.9/spring-test-6.2.9.pom
2025-08-02 15:28:33,463 [Worker-5: Import Getting Started Content] INFO  o.e.m.c.i.e.AbstractTransferListenerAdapter - Downloading https://repo.maven.apache.org/maven2/org/springframework/boot/spring-boot-test-autoconfigure/3.5.4/spring-boot-test-autoconfigure-3.5.4.pom
2025-08-02 15:28:33,471 [Worker-5: Import Getting Started Content] INFO  o.e.m.c.i.e.AbstractTransferListenerAdapter - Downloaded https://repo.maven.apache.org/maven2/org/springframework/boot/spring-boot-test-autoconfigure/3.5.4/spring-boot-test-autoconfigure-3.5.4.pom
2025-08-02 15:28:33,564 [Worker-5: Import Getting Started Content] INFO  o.e.m.c.i.e.AbstractTransferListenerAdapter - Downloading https://repo.maven.apache.org/maven2/org/xmlunit/xmlunit-core/2.10.3/xmlunit-core-2.10.3.pom
2025-08-02 15:28:33,569 [Worker-5: Import Getting Started Content] INFO  o.e.m.c.i.e.AbstractTransferListenerAdapter - Downloaded https://repo.maven.apache.org/maven2/org/xmlunit/xmlunit-core/2.10.3/xmlunit-core-2.10.3.pom
2025-08-02 15:28:33,668 [Worker-5: Import Getting Started Content] INFO  o.e.m.c.i.e.AbstractTransferListenerAdapter - Downloading https://repo.maven.apache.org/maven2/org/xmlunit/xmlunit-parent/2.10.3/xmlunit-parent-2.10.3.pom
2025-08-02 15:28:33,688 [Worker-5: Import Getting Started Content] INFO  o.e.m.c.i.e.AbstractTransferListenerAdapter - Downloaded https://repo.maven.apache.org/maven2/org/xmlunit/xmlunit-parent/2.10.3/xmlunit-parent-2.10.3.pom
2025-08-02 15:28:33,769 [Worker-5: Import Getting Started Content] INFO  o.e.m.c.i.e.AbstractTransferListenerAdapter - Downloading https://repo.maven.apache.org/maven2/org/springframework/security/spring-security-test/6.5.2/spring-security-test-6.5.2.pom
2025-08-02 15:28:33,774 [Worker-5: Import Getting Started Content] INFO  o.e.m.c.i.e.AbstractTransferListenerAdapter - Downloaded https://repo.maven.apache.org/maven2/org/springframework/security/spring-security-test/6.5.2/spring-security-test-6.5.2.pom
2025-08-02 15:28:33,871 [Worker-5: Import Getting Started Content] INFO  o.e.m.c.i.e.AbstractTransferListenerAdapter - Downloading https://repo.maven.apache.org/maven2/org/springframework/boot/spring-boot-starter-data-jpa/3.5.4/spring-boot-starter-data-jpa-3.5.4.jar
2025-08-02 15:28:33,873 [Worker-5: Import Getting Started Content] INFO  o.e.m.c.i.e.AbstractTransferListenerAdapter - Downloaded https://repo.maven.apache.org/maven2/org/springframework/boot/spring-boot-starter-data-jpa/3.5.4/spring-boot-starter-data-jpa-3.5.4.jar
2025-08-02 15:28:33,884 [BasicRepositoryConnector-repo.maven.apache.org-0-0] INFO  o.e.m.c.i.e.AbstractTransferListenerAdapter - Downloading https://repo.maven.apache.org/maven2/org/springframework/boot/spring-boot-starter/3.5.4/spring-boot-starter-3.5.4.jar
2025-08-02 15:28:33,889 [BasicRepositoryConnector-repo.maven.apache.org-0-0] INFO  o.e.m.c.i.e.AbstractTransferListenerAdapter - Downloaded https://repo.maven.apache.org/maven2/org/springframework/boot/spring-boot-starter/3.5.4/spring-boot-starter-3.5.4.jar
2025-08-02 15:28:33,901 [BasicRepositoryConnector-repo.maven.apache.org-0-0] INFO  o.e.m.c.i.e.AbstractTransferListenerAdapter - Downloading https://repo.maven.apache.org/maven2/org/hibernate/orm/hibernate-core/6.6.22.Final/hibernate-core-6.6.22.Final.jar
2025-08-02 15:28:33,910 [BasicRepositoryConnector-repo.maven.apache.org-0-1] INFO  o.e.m.c.i.e.AbstractTransferListenerAdapter - Downloading https://repo.maven.apache.org/maven2/org/springframework/boot/spring-boot-starter-logging/3.5.4/spring-boot-starter-logging-3.5.4.jar
2025-08-02 15:28:33,913 [BasicRepositoryConnector-repo.maven.apache.org-0-4] INFO  o.e.m.c.i.e.AbstractTransferListenerAdapter - Downloading https://repo.maven.apache.org/maven2/org/springframework/spring-jdbc/6.2.9/spring-jdbc-6.2.9.jar
2025-08-02 15:28:33,914 [BasicRepositoryConnector-repo.maven.apache.org-0-1] INFO  o.e.m.c.i.e.AbstractTransferListenerAdapter - Downloaded https://repo.maven.apache.org/maven2/org/springframework/boot/spring-boot-starter-logging/3.5.4/spring-boot-starter-logging-3.5.4.jar
2025-08-02 15:28:33,931 [BasicRepositoryConnector-repo.maven.apache.org-0-1] INFO  o.e.m.c.i.e.AbstractTransferListenerAdapter - Downloading https://repo.maven.apache.org/maven2/org/springframework/data/spring-data-jpa/3.5.2/spring-data-jpa-3.5.2.jar
2025-08-02 15:28:34,185 [BasicRepositoryConnector-repo.maven.apache.org-0-4] INFO  o.e.m.c.i.e.AbstractTransferListenerAdapter - Downloaded https://repo.maven.apache.org/maven2/org/springframework/spring-jdbc/6.2.9/spring-jdbc-6.2.9.jar
2025-08-02 15:28:34,209 [BasicRepositoryConnector-repo.maven.apache.org-0-4] INFO  o.e.m.c.i.e.AbstractTransferListenerAdapter - Downloading https://repo.maven.apache.org/maven2/org/springframework/data/spring-data-commons/3.5.2/spring-data-commons-3.5.2.jar
2025-08-02 15:28:34,698 [BasicRepositoryConnector-repo.maven.apache.org-0-4] INFO  o.e.m.c.i.e.AbstractTransferListenerAdapter - Downloaded https://repo.maven.apache.org/maven2/org/springframework/data/spring-data-commons/3.5.2/spring-data-commons-3.5.2.jar
2025-08-02 15:28:34,723 [BasicRepositoryConnector-repo.maven.apache.org-0-4] INFO  o.e.m.c.i.e.AbstractTransferListenerAdapter - Downloading https://repo.maven.apache.org/maven2/org/springframework/spring-orm/6.2.9/spring-orm-6.2.9.jar
2025-08-02 15:28:34,807 [BasicRepositoryConnector-repo.maven.apache.org-0-4] INFO  o.e.m.c.i.e.AbstractTransferListenerAdapter - Downloaded https://repo.maven.apache.org/maven2/org/springframework/spring-orm/6.2.9/spring-orm-6.2.9.jar
2025-08-02 15:28:34,842 [BasicRepositoryConnector-repo.maven.apache.org-0-4] INFO  o.e.m.c.i.e.AbstractTransferListenerAdapter - Downloading https://repo.maven.apache.org/maven2/org/springframework/spring-context/6.2.9/spring-context-6.2.9.jar
2025-08-02 15:28:34,961 [BasicRepositoryConnector-repo.maven.apache.org-0-1] INFO  o.e.m.c.i.e.AbstractTransferListenerAdapter - Downloaded https://repo.maven.apache.org/maven2/org/springframework/data/spring-data-jpa/3.5.2/spring-data-jpa-3.5.2.jar
2025-08-02 15:28:34,981 [BasicRepositoryConnector-repo.maven.apache.org-0-1] INFO  o.e.m.c.i.e.AbstractTransferListenerAdapter - Downloading https://repo.maven.apache.org/maven2/org/springframework/spring-tx/6.2.9/spring-tx-6.2.9.jar
2025-08-02 15:28:35,002 [BasicRepositoryConnector-repo.maven.apache.org-0-3] INFO  o.e.m.c.i.e.AbstractTransferListenerAdapter - Downloading https://repo.maven.apache.org/maven2/com/zaxxer/HikariCP/6.3.1/HikariCP-6.3.1.jar
2025-08-02 15:28:35,148 [BasicRepositoryConnector-repo.maven.apache.org-0-1] INFO  o.e.m.c.i.e.AbstractTransferListenerAdapter - Downloaded https://repo.maven.apache.org/maven2/org/springframework/spring-tx/6.2.9/spring-tx-6.2.9.jar
2025-08-02 15:28:35,160 [BasicRepositoryConnector-repo.maven.apache.org-0-3] INFO  o.e.m.c.i.e.AbstractTransferListenerAdapter - Downloaded https://repo.maven.apache.org/maven2/com/zaxxer/HikariCP/6.3.1/HikariCP-6.3.1.jar
2025-08-02 15:28:35,194 [BasicRepositoryConnector-repo.maven.apache.org-0-1] INFO  o.e.m.c.i.e.AbstractTransferListenerAdapter - Downloading https://repo.maven.apache.org/maven2/org/springframework/spring-beans/6.2.9/spring-beans-6.2.9.jar
2025-08-02 15:28:35,202 [BasicRepositoryConnector-repo.maven.apache.org-0-3] INFO  o.e.m.c.i.e.AbstractTransferListenerAdapter - Downloading https://repo.maven.apache.org/maven2/org/springframework/spring-aspects/6.2.9/spring-aspects-6.2.9.jar
2025-08-02 15:28:35,235 [BasicRepositoryConnector-repo.maven.apache.org-0-3] INFO  o.e.m.c.i.e.AbstractTransferListenerAdapter - Downloaded https://repo.maven.apache.org/maven2/org/springframework/spring-aspects/6.2.9/spring-aspects-6.2.9.jar
2025-08-02 15:28:35,238 [BasicRepositoryConnector-repo.maven.apache.org-0-4] INFO  o.e.m.c.i.e.AbstractTransferListenerAdapter - Downloaded https://repo.maven.apache.org/maven2/org/springframework/spring-context/6.2.9/spring-context-6.2.9.jar
2025-08-02 15:28:35,272 [BasicRepositoryConnector-repo.maven.apache.org-0-3] INFO  o.e.m.c.i.e.AbstractTransferListenerAdapter - Downloading https://repo.maven.apache.org/maven2/org/springframework/boot/spring-boot-starter-security/3.5.4/spring-boot-starter-security-3.5.4.jar
2025-08-02 15:28:35,274 [BasicRepositoryConnector-repo.maven.apache.org-0-4] INFO  o.e.m.c.i.e.AbstractTransferListenerAdapter - Downloading https://repo.maven.apache.org/maven2/org/springframework/spring-aop/6.2.9/spring-aop-6.2.9.jar
2025-08-02 15:28:35,277 [BasicRepositoryConnector-repo.maven.apache.org-0-3] INFO  o.e.m.c.i.e.AbstractTransferListenerAdapter - Downloaded https://repo.maven.apache.org/maven2/org/springframework/boot/spring-boot-starter-security/3.5.4/spring-boot-starter-security-3.5.4.jar
2025-08-02 15:28:35,346 [BasicRepositoryConnector-repo.maven.apache.org-0-3] INFO  o.e.m.c.i.e.AbstractTransferListenerAdapter - Downloading https://repo.maven.apache.org/maven2/org/springframework/security/spring-security-config/6.5.2/spring-security-config-6.5.2.jar
2025-08-02 15:28:35,444 [BasicRepositoryConnector-repo.maven.apache.org-0-4] INFO  o.e.m.c.i.e.AbstractTransferListenerAdapter - Downloaded https://repo.maven.apache.org/maven2/org/springframework/spring-aop/6.2.9/spring-aop-6.2.9.jar
2025-08-02 15:28:35,497 [BasicRepositoryConnector-repo.maven.apache.org-0-4] INFO  o.e.m.c.i.e.AbstractTransferListenerAdapter - Downloading https://repo.maven.apache.org/maven2/org/springframework/security/spring-security-web/6.5.2/spring-security-web-6.5.2.jar
2025-08-02 15:28:35,677 [BasicRepositoryConnector-repo.maven.apache.org-0-1] INFO  o.e.m.c.i.e.AbstractTransferListenerAdapter - Downloaded https://repo.maven.apache.org/maven2/org/springframework/spring-beans/6.2.9/spring-beans-6.2.9.jar
2025-08-02 15:28:35,751 [BasicRepositoryConnector-repo.maven.apache.org-0-1] INFO  o.e.m.c.i.e.AbstractTransferListenerAdapter - Downloading https://repo.maven.apache.org/maven2/org/springframework/spring-expression/6.2.9/spring-expression-6.2.9.jar
2025-08-02 15:28:35,962 [BasicRepositoryConnector-repo.maven.apache.org-0-4] INFO  o.e.m.c.i.e.AbstractTransferListenerAdapter - Downloaded https://repo.maven.apache.org/maven2/org/springframework/security/spring-security-web/6.5.2/spring-security-web-6.5.2.jar
2025-08-02 15:28:36,042 [BasicRepositoryConnector-repo.maven.apache.org-0-4] INFO  o.e.m.c.i.e.AbstractTransferListenerAdapter - Downloading https://repo.maven.apache.org/maven2/org/springframework/boot/spring-boot-starter-validation/3.5.4/spring-boot-starter-validation-3.5.4.jar
2025-08-02 15:28:36,051 [BasicRepositoryConnector-repo.maven.apache.org-0-4] INFO  o.e.m.c.i.e.AbstractTransferListenerAdapter - Downloaded https://repo.maven.apache.org/maven2/org/springframework/boot/spring-boot-starter-validation/3.5.4/spring-boot-starter-validation-3.5.4.jar
2025-08-02 15:28:36,051 [BasicRepositoryConnector-repo.maven.apache.org-0-1] INFO  o.e.m.c.i.e.AbstractTransferListenerAdapter - Downloaded https://repo.maven.apache.org/maven2/org/springframework/spring-expression/6.2.9/spring-expression-6.2.9.jar
2025-08-02 15:28:36,125 [BasicRepositoryConnector-repo.maven.apache.org-0-1] INFO  o.e.m.c.i.e.AbstractTransferListenerAdapter - Downloading https://repo.maven.apache.org/maven2/org/springframework/boot/spring-boot-starter-web/3.5.4/spring-boot-starter-web-3.5.4.jar
2025-08-02 15:28:36,129 [BasicRepositoryConnector-repo.maven.apache.org-0-4] INFO  o.e.m.c.i.e.AbstractTransferListenerAdapter - Downloading https://repo.maven.apache.org/maven2/org/apache/tomcat/embed/tomcat-embed-el/10.1.43/tomcat-embed-el-10.1.43.jar
2025-08-02 15:28:36,134 [BasicRepositoryConnector-repo.maven.apache.org-0-1] INFO  o.e.m.c.i.e.AbstractTransferListenerAdapter - Downloaded https://repo.maven.apache.org/maven2/org/springframework/boot/spring-boot-starter-web/3.5.4/spring-boot-starter-web-3.5.4.jar
2025-08-02 15:28:36,214 [BasicRepositoryConnector-repo.maven.apache.org-0-1] INFO  o.e.m.c.i.e.AbstractTransferListenerAdapter - Downloading https://repo.maven.apache.org/maven2/org/springframework/boot/spring-boot-starter-json/3.5.4/spring-boot-starter-json-3.5.4.jar
2025-08-02 15:28:36,219 [BasicRepositoryConnector-repo.maven.apache.org-0-1] INFO  o.e.m.c.i.e.AbstractTransferListenerAdapter - Downloaded https://repo.maven.apache.org/maven2/org/springframework/boot/spring-boot-starter-json/3.5.4/spring-boot-starter-json-3.5.4.jar
2025-08-02 15:28:36,307 [BasicRepositoryConnector-repo.maven.apache.org-0-1] INFO  o.e.m.c.i.e.AbstractTransferListenerAdapter - Downloading https://repo.maven.apache.org/maven2/com/fasterxml/jackson/core/jackson-databind/2.19.2/jackson-databind-2.19.2.jar
2025-08-02 15:28:36,323 [BasicRepositoryConnector-repo.maven.apache.org-0-4] INFO  o.e.m.c.i.e.AbstractTransferListenerAdapter - Downloaded https://repo.maven.apache.org/maven2/org/apache/tomcat/embed/tomcat-embed-el/10.1.43/tomcat-embed-el-10.1.43.jar
2025-08-02 15:28:36,403 [BasicRepositoryConnector-repo.maven.apache.org-0-4] INFO  o.e.m.c.i.e.AbstractTransferListenerAdapter - Downloading https://repo.maven.apache.org/maven2/com/fasterxml/jackson/core/jackson-annotations/2.19.2/jackson-annotations-2.19.2.jar
2025-08-02 15:28:36,471 [BasicRepositoryConnector-repo.maven.apache.org-0-4] INFO  o.e.m.c.i.e.AbstractTransferListenerAdapter - Downloaded https://repo.maven.apache.org/maven2/com/fasterxml/jackson/core/jackson-annotations/2.19.2/jackson-annotations-2.19.2.jar
2025-08-02 15:28:36,579 [BasicRepositoryConnector-repo.maven.apache.org-0-4] INFO  o.e.m.c.i.e.AbstractTransferListenerAdapter - Downloading https://repo.maven.apache.org/maven2/com/fasterxml/jackson/core/jackson-core/2.19.2/jackson-core-2.19.2.jar
2025-08-02 15:28:36,579 [BasicRepositoryConnector-repo.maven.apache.org-0-3] INFO  o.e.m.c.i.e.AbstractTransferListenerAdapter - Downloaded https://repo.maven.apache.org/maven2/org/springframework/security/spring-security-config/6.5.2/spring-security-config-6.5.2.jar
2025-08-02 15:28:36,640 [BasicRepositoryConnector-repo.maven.apache.org-0-3] INFO  o.e.m.c.i.e.AbstractTransferListenerAdapter - Downloading https://repo.maven.apache.org/maven2/com/fasterxml/jackson/datatype/jackson-datatype-jdk8/2.19.2/jackson-datatype-jdk8-2.19.2.jar
2025-08-02 15:28:36,669 [BasicRepositoryConnector-repo.maven.apache.org-0-3] INFO  o.e.m.c.i.e.AbstractTransferListenerAdapter - Downloaded https://repo.maven.apache.org/maven2/com/fasterxml/jackson/datatype/jackson-datatype-jdk8/2.19.2/jackson-datatype-jdk8-2.19.2.jar
2025-08-02 15:28:36,758 [BasicRepositoryConnector-repo.maven.apache.org-0-3] INFO  o.e.m.c.i.e.AbstractTransferListenerAdapter - Downloading https://repo.maven.apache.org/maven2/com/fasterxml/jackson/datatype/jackson-datatype-jsr310/2.19.2/jackson-datatype-jsr310-2.19.2.jar
2025-08-02 15:28:36,831 [BasicRepositoryConnector-repo.maven.apache.org-0-3] INFO  o.e.m.c.i.e.AbstractTransferListenerAdapter - Downloaded https://repo.maven.apache.org/maven2/com/fasterxml/jackson/datatype/jackson-datatype-jsr310/2.19.2/jackson-datatype-jsr310-2.19.2.jar
2025-08-02 15:28:36,921 [BasicRepositoryConnector-repo.maven.apache.org-0-3] INFO  o.e.m.c.i.e.AbstractTransferListenerAdapter - Downloading https://repo.maven.apache.org/maven2/com/fasterxml/jackson/module/jackson-module-parameter-names/2.19.2/jackson-module-parameter-names-2.19.2.jar
2025-08-02 15:28:36,929 [BasicRepositoryConnector-repo.maven.apache.org-0-3] INFO  o.e.m.c.i.e.AbstractTransferListenerAdapter - Downloaded https://repo.maven.apache.org/maven2/com/fasterxml/jackson/module/jackson-module-parameter-names/2.19.2/jackson-module-parameter-names-2.19.2.jar
2025-08-02 15:28:36,942 [BasicRepositoryConnector-repo.maven.apache.org-0-4] INFO  o.e.m.c.i.e.AbstractTransferListenerAdapter - Downloaded https://repo.maven.apache.org/maven2/com/fasterxml/jackson/core/jackson-core/2.19.2/jackson-core-2.19.2.jar
2025-08-02 15:28:36,991 [BasicRepositoryConnector-repo.maven.apache.org-0-3] INFO  o.e.m.c.i.e.AbstractTransferListenerAdapter - Downloading https://repo.maven.apache.org/maven2/org/springframework/boot/spring-boot-starter-tomcat/3.5.4/spring-boot-starter-tomcat-3.5.4.jar
2025-08-02 15:28:36,991 [BasicRepositoryConnector-repo.maven.apache.org-0-4] INFO  o.e.m.c.i.e.AbstractTransferListenerAdapter - Downloading https://repo.maven.apache.org/maven2/org/apache/tomcat/embed/tomcat-embed-core/10.1.43/tomcat-embed-core-10.1.43.jar
2025-08-02 15:28:36,997 [BasicRepositoryConnector-repo.maven.apache.org-0-3] INFO  o.e.m.c.i.e.AbstractTransferListenerAdapter - Downloaded https://repo.maven.apache.org/maven2/org/springframework/boot/spring-boot-starter-tomcat/3.5.4/spring-boot-starter-tomcat-3.5.4.jar
2025-08-02 15:28:37,045 [BasicRepositoryConnector-repo.maven.apache.org-0-1] INFO  o.e.m.c.i.e.AbstractTransferListenerAdapter - Downloaded https://repo.maven.apache.org/maven2/com/fasterxml/jackson/core/jackson-databind/2.19.2/jackson-databind-2.19.2.jar
2025-08-02 15:28:37,048 [BasicRepositoryConnector-repo.maven.apache.org-0-3] INFO  o.e.m.c.i.e.AbstractTransferListenerAdapter - Downloading https://repo.maven.apache.org/maven2/org/apache/tomcat/embed/tomcat-embed-websocket/10.1.43/tomcat-embed-websocket-10.1.43.jar
2025-08-02 15:28:37,145 [BasicRepositoryConnector-repo.maven.apache.org-0-1] INFO  o.e.m.c.i.e.AbstractTransferListenerAdapter - Downloading https://repo.maven.apache.org/maven2/org/springframework/spring-web/6.2.9/spring-web-6.2.9.jar
2025-08-02 15:28:37,185 [BasicRepositoryConnector-repo.maven.apache.org-0-3] INFO  o.e.m.c.i.e.AbstractTransferListenerAdapter - Downloaded https://repo.maven.apache.org/maven2/org/apache/tomcat/embed/tomcat-embed-websocket/10.1.43/tomcat-embed-websocket-10.1.43.jar
2025-08-02 15:28:37,297 [BasicRepositoryConnector-repo.maven.apache.org-0-3] INFO  o.e.m.c.i.e.AbstractTransferListenerAdapter - Downloading https://repo.maven.apache.org/maven2/io/micrometer/micrometer-observation/1.15.2/micrometer-observation-1.15.2.jar
2025-08-02 15:28:37,344 [BasicRepositoryConnector-repo.maven.apache.org-0-3] INFO  o.e.m.c.i.e.AbstractTransferListenerAdapter - Downloaded https://repo.maven.apache.org/maven2/io/micrometer/micrometer-observation/1.15.2/micrometer-observation-1.15.2.jar
2025-08-02 15:28:37,423 [BasicRepositoryConnector-repo.maven.apache.org-0-3] INFO  o.e.m.c.i.e.AbstractTransferListenerAdapter - Downloading https://repo.maven.apache.org/maven2/io/micrometer/micrometer-commons/1.15.2/micrometer-commons-1.15.2.jar
2025-08-02 15:28:37,481 [BasicRepositoryConnector-repo.maven.apache.org-0-3] INFO  o.e.m.c.i.e.AbstractTransferListenerAdapter - Downloaded https://repo.maven.apache.org/maven2/io/micrometer/micrometer-commons/1.15.2/micrometer-commons-1.15.2.jar
2025-08-02 15:28:37,581 [BasicRepositoryConnector-repo.maven.apache.org-0-3] INFO  o.e.m.c.i.e.AbstractTransferListenerAdapter - Downloading https://repo.maven.apache.org/maven2/org/springframework/spring-webmvc/6.2.9/spring-webmvc-6.2.9.jar
2025-08-02 15:28:38,250 [BasicRepositoryConnector-repo.maven.apache.org-0-3] INFO  o.e.m.c.i.e.AbstractTransferListenerAdapter - Downloaded https://repo.maven.apache.org/maven2/org/springframework/spring-webmvc/6.2.9/spring-webmvc-6.2.9.jar
2025-08-02 15:28:38,256 [BasicRepositoryConnector-repo.maven.apache.org-0-0] INFO  o.e.m.c.i.e.AbstractTransferListenerAdapter - Downloaded https://repo.maven.apache.org/maven2/org/hibernate/orm/hibernate-core/6.6.22.Final/hibernate-core-6.6.22.Final.jar
2025-08-02 15:28:38,277 [BasicRepositoryConnector-repo.maven.apache.org-0-3] INFO  o.e.m.c.i.e.AbstractTransferListenerAdapter - Downloading https://repo.maven.apache.org/maven2/org/springframework/boot/spring-boot-devtools/3.5.4/spring-boot-devtools-3.5.4.jar
2025-08-02 15:28:38,280 [BasicRepositoryConnector-repo.maven.apache.org-0-0] INFO  o.e.m.c.i.e.AbstractTransferListenerAdapter - Downloading https://repo.maven.apache.org/maven2/org/springframework/boot/spring-boot/3.5.4/spring-boot-3.5.4.jar
2025-08-02 15:28:38,372 [BasicRepositoryConnector-repo.maven.apache.org-0-3] INFO  o.e.m.c.i.e.AbstractTransferListenerAdapter - Downloaded https://repo.maven.apache.org/maven2/org/springframework/boot/spring-boot-devtools/3.5.4/spring-boot-devtools-3.5.4.jar
2025-08-02 15:28:38,411 [BasicRepositoryConnector-repo.maven.apache.org-0-3] INFO  o.e.m.c.i.e.AbstractTransferListenerAdapter - Downloading https://repo.maven.apache.org/maven2/org/springframework/boot/spring-boot-autoconfigure/3.5.4/spring-boot-autoconfigure-3.5.4.jar
2025-08-02 15:28:38,565 [BasicRepositoryConnector-repo.maven.apache.org-0-1] INFO  o.e.m.c.i.e.AbstractTransferListenerAdapter - Downloaded https://repo.maven.apache.org/maven2/org/springframework/spring-web/6.2.9/spring-web-6.2.9.jar
2025-08-02 15:28:38,611 [BasicRepositoryConnector-repo.maven.apache.org-0-1] INFO  o.e.m.c.i.e.AbstractTransferListenerAdapter - Downloading https://repo.maven.apache.org/maven2/org/springframework/boot/spring-boot-starter-test/3.5.4/spring-boot-starter-test-3.5.4.jar
2025-08-02 15:28:38,616 [BasicRepositoryConnector-repo.maven.apache.org-0-1] INFO  o.e.m.c.i.e.AbstractTransferListenerAdapter - Downloaded https://repo.maven.apache.org/maven2/org/springframework/boot/spring-boot-starter-test/3.5.4/spring-boot-starter-test-3.5.4.jar
2025-08-02 15:28:38,647 [BasicRepositoryConnector-repo.maven.apache.org-0-1] INFO  o.e.m.c.i.e.AbstractTransferListenerAdapter - Downloading https://repo.maven.apache.org/maven2/org/springframework/boot/spring-boot-test/3.5.4/spring-boot-test-3.5.4.jar
2025-08-02 15:28:39,019 [BasicRepositoryConnector-repo.maven.apache.org-0-1] INFO  o.e.m.c.i.e.AbstractTransferListenerAdapter - Downloaded https://repo.maven.apache.org/maven2/org/springframework/boot/spring-boot-test/3.5.4/spring-boot-test-3.5.4.jar
2025-08-02 15:28:39,020 [BasicRepositoryConnector-repo.maven.apache.org-0-0] INFO  o.e.m.c.i.e.AbstractTransferListenerAdapter - Downloaded https://repo.maven.apache.org/maven2/org/springframework/boot/spring-boot/3.5.4/spring-boot-3.5.4.jar
2025-08-02 15:28:39,034 [BasicRepositoryConnector-repo.maven.apache.org-0-1] INFO  o.e.m.c.i.e.AbstractTransferListenerAdapter - Downloading https://repo.maven.apache.org/maven2/org/springframework/boot/spring-boot-test-autoconfigure/3.5.4/spring-boot-test-autoconfigure-3.5.4.jar
2025-08-02 15:28:39,034 [BasicRepositoryConnector-repo.maven.apache.org-0-0] INFO  o.e.m.c.i.e.AbstractTransferListenerAdapter - Downloading https://repo.maven.apache.org/maven2/org/springframework/spring-core/6.2.9/spring-core-6.2.9.jar
2025-08-02 15:28:39,239 [BasicRepositoryConnector-repo.maven.apache.org-0-1] INFO  o.e.m.c.i.e.AbstractTransferListenerAdapter - Downloaded https://repo.maven.apache.org/maven2/org/springframework/boot/spring-boot-test-autoconfigure/3.5.4/spring-boot-test-autoconfigure-3.5.4.jar
2025-08-02 15:28:39,302 [BasicRepositoryConnector-repo.maven.apache.org-0-1] INFO  o.e.m.c.i.e.AbstractTransferListenerAdapter - Downloading https://repo.maven.apache.org/maven2/org/springframework/spring-jcl/6.2.9/spring-jcl-6.2.9.jar
2025-08-02 15:28:39,336 [BasicRepositoryConnector-repo.maven.apache.org-0-1] INFO  o.e.m.c.i.e.AbstractTransferListenerAdapter - Downloaded https://repo.maven.apache.org/maven2/org/springframework/spring-jcl/6.2.9/spring-jcl-6.2.9.jar
2025-08-02 15:28:39,384 [BasicRepositoryConnector-repo.maven.apache.org-0-1] INFO  o.e.m.c.i.e.AbstractTransferListenerAdapter - Downloading https://repo.maven.apache.org/maven2/org/springframework/spring-test/6.2.9/spring-test-6.2.9.jar
2025-08-02 15:28:39,569 [BasicRepositoryConnector-repo.maven.apache.org-0-3] INFO  o.e.m.c.i.e.AbstractTransferListenerAdapter - Downloaded https://repo.maven.apache.org/maven2/org/springframework/boot/spring-boot-autoconfigure/3.5.4/spring-boot-autoconfigure-3.5.4.jar
2025-08-02 15:28:39,642 [BasicRepositoryConnector-repo.maven.apache.org-0-3] INFO  o.e.m.c.i.e.AbstractTransferListenerAdapter - Downloading https://repo.maven.apache.org/maven2/org/xmlunit/xmlunit-core/2.10.3/xmlunit-core-2.10.3.jar
2025-08-02 15:28:39,664 [BasicRepositoryConnector-repo.maven.apache.org-0-0] INFO  o.e.m.c.i.e.AbstractTransferListenerAdapter - Downloaded https://repo.maven.apache.org/maven2/org/springframework/spring-core/6.2.9/spring-core-6.2.9.jar
2025-08-02 15:28:39,693 [BasicRepositoryConnector-repo.maven.apache.org-0-0] INFO  o.e.m.c.i.e.AbstractTransferListenerAdapter - Downloading https://repo.maven.apache.org/maven2/org/springframework/security/spring-security-test/6.5.2/spring-security-test-6.5.2.jar
2025-08-02 15:28:39,717 [BasicRepositoryConnector-repo.maven.apache.org-0-3] INFO  o.e.m.c.i.e.AbstractTransferListenerAdapter - Downloaded https://repo.maven.apache.org/maven2/org/xmlunit/xmlunit-core/2.10.3/xmlunit-core-2.10.3.jar
2025-08-02 15:28:39,738 [BasicRepositoryConnector-repo.maven.apache.org-0-0] INFO  o.e.m.c.i.e.AbstractTransferListenerAdapter - Downloaded https://repo.maven.apache.org/maven2/org/springframework/security/spring-security-test/6.5.2/spring-security-test-6.5.2.jar
2025-08-02 15:28:39,801 [BasicRepositoryConnector-repo.maven.apache.org-0-3] INFO  o.e.m.c.i.e.AbstractTransferListenerAdapter - Downloading https://repo.maven.apache.org/maven2/org/springframework/security/spring-security-core/6.5.2/spring-security-core-6.5.2.jar
2025-08-02 15:28:39,801 [BasicRepositoryConnector-repo.maven.apache.org-0-0] INFO  o.e.m.c.i.e.AbstractTransferListenerAdapter - Downloading https://repo.maven.apache.org/maven2/org/springframework/security/spring-security-crypto/6.5.2/spring-security-crypto-6.5.2.jar
2025-08-02 15:28:39,865 [BasicRepositoryConnector-repo.maven.apache.org-0-0] INFO  o.e.m.c.i.e.AbstractTransferListenerAdapter - Downloaded https://repo.maven.apache.org/maven2/org/springframework/security/spring-security-crypto/6.5.2/spring-security-crypto-6.5.2.jar
2025-08-02 15:28:40,028 [BasicRepositoryConnector-repo.maven.apache.org-0-3] INFO  o.e.m.c.i.e.AbstractTransferListenerAdapter - Downloaded https://repo.maven.apache.org/maven2/org/springframework/security/spring-security-core/6.5.2/spring-security-core-6.5.2.jar
2025-08-02 15:28:40,157 [BasicRepositoryConnector-repo.maven.apache.org-0-1] INFO  o.e.m.c.i.e.AbstractTransferListenerAdapter - Downloaded https://repo.maven.apache.org/maven2/org/springframework/spring-test/6.2.9/spring-test-6.2.9.jar
2025-08-02 15:28:40,367 [BasicRepositoryConnector-repo.maven.apache.org-0-4] INFO  o.e.m.c.i.e.AbstractTransferListenerAdapter - Downloaded https://repo.maven.apache.org/maven2/org/apache/tomcat/embed/tomcat-embed-core/10.1.43/tomcat-embed-core-10.1.43.jar
2025-08-02 15:28:43,941 [BasicRepositoryConnector-repo.maven.apache.org-0-2] INFO  o.e.m.c.i.e.AbstractTransferListenerAdapter - Downloading https://repo.maven.apache.org/maven2/org/springframework/boot/spring-boot-starter-jdbc/3.5.4/spring-boot-starter-jdbc-3.5.4.jar
2025-08-02 15:28:43,947 [BasicRepositoryConnector-repo.maven.apache.org-0-2] INFO  o.e.m.c.i.e.AbstractTransferListenerAdapter - Downloaded https://repo.maven.apache.org/maven2/org/springframework/boot/spring-boot-starter-jdbc/3.5.4/spring-boot-starter-jdbc-3.5.4.jar
2025-08-02 15:28:44,905 [Worker-5: Import Getting Started Content] INFO  o.e.m.j.i.AbstractJavaProjectConfigurator - Adding source folder /greennest/src/main/java
2025-08-02 15:28:44,907 [Worker-5: Import Getting Started Content] INFO  o.e.m.j.i.AbstractJavaProjectConfigurator - Adding resource folder /greennest/src/main/resources
2025-08-02 15:28:44,911 [Worker-5: Import Getting Started Content] INFO  o.e.m.j.i.AbstractJavaProjectConfigurator - Adding resource folder /greennest/src/main/resources
2025-08-02 15:28:44,914 [Worker-5: Import Getting Started Content] INFO  o.e.m.j.i.AbstractJavaProjectConfigurator - Adding source folder /greennest/src/test/java
2025-08-02 15:28:44,915 [Worker-5: Import Getting Started Content] INFO  o.e.m.j.i.AbstractJavaProjectConfigurator - Adding resource folder /greennest/src/test/resources
2025-08-02 15:28:45,751 [Worker-7: Download sources and javadoc] INFO  o.e.m.c.i.e.AbstractTransferListenerAdapter - Downloading https://repo.maven.apache.org/maven2/org/springframework/boot/spring-boot-starter-data-jpa/3.5.4/spring-boot-starter-data-jpa-3.5.4-sources.jar
2025-08-02 15:28:45,762 [Worker-7: Download sources and javadoc] INFO  o.e.m.c.i.e.AbstractTransferListenerAdapter - Downloaded https://repo.maven.apache.org/maven2/org/springframework/boot/spring-boot-starter-data-jpa/3.5.4/spring-boot-starter-data-jpa-3.5.4-sources.jar
2025-08-02 15:28:45,768 [Worker-7: Download sources and javadoc] INFO  o.e.m.j.internal.DownloadSourcesJob - Downloaded sources for org.springframework.boot:spring-boot-starter-data-jpa:3.5.4
2025-08-02 15:28:45,853 [Worker-7: Download sources and javadoc] INFO  o.e.m.c.i.e.AbstractTransferListenerAdapter - Downloading https://repo.maven.apache.org/maven2/org/springframework/boot/spring-boot-starter/3.5.4/spring-boot-starter-3.5.4-sources.jar
2025-08-02 15:28:45,858 [Worker-7: Download sources and javadoc] INFO  o.e.m.c.i.e.AbstractTransferListenerAdapter - Downloaded https://repo.maven.apache.org/maven2/org/springframework/boot/spring-boot-starter/3.5.4/spring-boot-starter-3.5.4-sources.jar
2025-08-02 15:28:45,863 [Worker-7: Download sources and javadoc] INFO  o.e.m.j.internal.DownloadSourcesJob - Downloaded sources for org.springframework.boot:spring-boot-starter:3.5.4
2025-08-02 15:28:46,021 [Worker-7: Download sources and javadoc] INFO  o.e.m.c.i.e.AbstractTransferListenerAdapter - Downloading https://repo.maven.apache.org/maven2/org/springframework/boot/spring-boot-starter-logging/3.5.4/spring-boot-starter-logging-3.5.4-sources.jar
2025-08-02 15:28:46,024 [Worker-7: Download sources and javadoc] INFO  o.e.m.c.i.e.AbstractTransferListenerAdapter - Downloaded https://repo.maven.apache.org/maven2/org/springframework/boot/spring-boot-starter-logging/3.5.4/spring-boot-starter-logging-3.5.4-sources.jar
2025-08-02 15:28:46,028 [Worker-7: Download sources and javadoc] INFO  o.e.m.j.internal.DownloadSourcesJob - Downloaded sources for org.springframework.boot:spring-boot-starter-logging:3.5.4
2025-08-02 15:28:46,041 [Worker-5: Import Getting Started Content] INFO  o.e.m.c.i.p.ProjectConfigurationManager - Imported and configured 1 project(s) in 23 sec
2025-08-02 15:28:46,045 [Worker-5: Import Getting Started Content] INFO  o.e.m.c.i.p.ProjectConfigurationManager - Update started
2025-08-02 15:28:46,163 [Worker-7: Download sources and javadoc] INFO  o.e.m.c.i.e.AbstractTransferListenerAdapter - Downloading https://repo.maven.apache.org/maven2/org/springframework/boot/spring-boot-starter-jdbc/3.5.4/spring-boot-starter-jdbc-3.5.4-sources.jar
2025-08-02 15:28:46,168 [Worker-7: Download sources and javadoc] INFO  o.e.m.c.i.e.AbstractTransferListenerAdapter - Downloaded https://repo.maven.apache.org/maven2/org/springframework/boot/spring-boot-starter-jdbc/3.5.4/spring-boot-starter-jdbc-3.5.4-sources.jar
2025-08-02 15:28:46,173 [Worker-7: Download sources and javadoc] INFO  o.e.m.j.internal.DownloadSourcesJob - Downloaded sources for org.springframework.boot:spring-boot-starter-jdbc:3.5.4
2025-08-02 15:28:47,200 [Worker-5: Import Getting Started Content] INFO  o.e.m.c.i.l.LifecycleMappingFactory - Using org.eclipse.m2e.jdt.JarLifecycleMapping lifecycle mapping for MavenProject: com.greennest:greennest-backend:0.0.1-SNAPSHOT @ C:\Users\DELL\Desktop\Perplexity\backend\greennest\pom.xml.
2025-08-02 15:28:47,389 [Worker-7: Download sources and javadoc] INFO  o.e.m.c.i.e.AbstractTransferListenerAdapter - Downloading https://repo.maven.apache.org/maven2/com/zaxxer/HikariCP/6.3.1/HikariCP-6.3.1-sources.jar
2025-08-02 15:28:47,497 [Worker-7: Download sources and javadoc] INFO  o.e.m.c.i.e.AbstractTransferListenerAdapter - Downloaded https://repo.maven.apache.org/maven2/com/zaxxer/HikariCP/6.3.1/HikariCP-6.3.1-sources.jar
2025-08-02 15:28:47,502 [Worker-7: Download sources and javadoc] INFO  o.e.m.j.internal.DownloadSourcesJob - Downloaded sources for com.zaxxer:HikariCP:6.3.1
2025-08-02 15:28:47,840 [Worker-7: Download sources and javadoc] INFO  o.e.m.c.i.e.AbstractTransferListenerAdapter - Downloading https://repo.maven.apache.org/maven2/org/springframework/spring-jdbc/6.2.9/spring-jdbc-6.2.9-sources.jar
2025-08-02 15:28:48,230 [Worker-5: Import Getting Started Content] INFO  o.e.m.j.i.AbstractJavaProjectConfigurator - Adding source folder /greennest/src/main/java
2025-08-02 15:28:48,231 [Worker-5: Import Getting Started Content] INFO  o.e.m.j.i.AbstractJavaProjectConfigurator - Adding resource folder /greennest/src/main/resources
2025-08-02 15:28:48,231 [Worker-5: Import Getting Started Content] INFO  o.e.m.j.i.AbstractJavaProjectConfigurator - Adding resource folder /greennest/src/main/resources
2025-08-02 15:28:48,232 [Worker-5: Import Getting Started Content] INFO  o.e.m.j.i.AbstractJavaProjectConfigurator - Adding source folder /greennest/src/test/java
2025-08-02 15:28:48,233 [Worker-5: Import Getting Started Content] INFO  o.e.m.j.i.AbstractJavaProjectConfigurator - Adding resource folder /greennest/src/test/resources
2025-08-02 15:28:48,330 [Worker-7: Download sources and javadoc] INFO  o.e.m.c.i.e.AbstractTransferListenerAdapter - Downloaded https://repo.maven.apache.org/maven2/org/springframework/spring-jdbc/6.2.9/spring-jdbc-6.2.9-sources.jar
2025-08-02 15:28:48,335 [Worker-7: Download sources and javadoc] INFO  o.e.m.j.internal.DownloadSourcesJob - Downloaded sources for org.springframework:spring-jdbc:6.2.9
2025-08-02 15:28:48,617 [Worker-7: Download sources and javadoc] INFO  o.e.m.c.i.e.AbstractTransferListenerAdapter - Downloading https://repo.maven.apache.org/maven2/org/hibernate/orm/hibernate-core/6.6.22.Final/hibernate-core-6.6.22.Final-sources.jar
2025-08-02 15:28:48,810 [Worker-5: Import Getting Started Content] INFO  o.e.m.c.i.p.ProjectConfigurationManager - Update completed for 1 poms: local refresh takes 0.00 sec, refresh facades takes 2.00 sec, update config takes 0.00 sec 
2025-08-02 15:28:50,175 [Worker-12: Building] INFO  o.a.m.s.f.DefaultMavenResourcesFiltering - Copying 1 resource from src\main\resources to target\classes
2025-08-02 15:28:50,200 [Worker-12: Building] INFO  o.a.m.s.f.DefaultMavenResourcesFiltering - Copying 0 resource from src\main\resources to target\classes
2025-08-02 15:28:50,206 [Worker-12: Building] INFO  o.a.m.s.f.DefaultMavenResourcesFiltering - skip non existing resourceDirectory C:\Users\DELL\Desktop\Perplexity\backend\greennest\src\test\resources
2025-08-02 15:28:57,962 [Worker-7: Download sources and javadoc] INFO  o.e.m.c.i.e.AbstractTransferListenerAdapter - Downloaded https://repo.maven.apache.org/maven2/org/hibernate/orm/hibernate-core/6.6.22.Final/hibernate-core-6.6.22.Final-sources.jar
2025-08-02 15:28:57,969 [Worker-7: Download sources and javadoc] INFO  o.e.m.j.internal.DownloadSourcesJob - Downloaded sources for org.hibernate.orm:hibernate-core:6.6.22.Final
2025-08-02 15:28:58,077 [Worker-7: Download sources and javadoc] INFO  o.e.m.c.i.e.AbstractTransferListenerAdapter - Downloading https://repo.maven.apache.org/maven2/org/springframework/data/spring-data-jpa/3.5.2/spring-data-jpa-3.5.2-sources.jar
2025-08-02 15:28:58,520 [Worker-7: Download sources and javadoc] INFO  o.e.m.c.i.e.AbstractTransferListenerAdapter - Downloaded https://repo.maven.apache.org/maven2/org/springframework/data/spring-data-jpa/3.5.2/spring-data-jpa-3.5.2-sources.jar
2025-08-02 15:28:58,523 [Worker-7: Download sources and javadoc] INFO  o.e.m.j.internal.DownloadSourcesJob - Downloaded sources for org.springframework.data:spring-data-jpa:3.5.2
2025-08-02 15:28:58,653 [Worker-7: Download sources and javadoc] INFO  o.e.m.c.i.e.AbstractTransferListenerAdapter - Downloading https://repo.maven.apache.org/maven2/org/springframework/data/spring-data-commons/3.5.2/spring-data-commons-3.5.2-sources.jar
2025-08-02 15:28:58,838 [Worker-7: Download sources and javadoc] INFO  o.e.m.c.i.e.AbstractTransferListenerAdapter - Downloaded https://repo.maven.apache.org/maven2/org/springframework/data/spring-data-commons/3.5.2/spring-data-commons-3.5.2-sources.jar
2025-08-02 15:28:58,842 [Worker-7: Download sources and javadoc] INFO  o.e.m.j.internal.DownloadSourcesJob - Downloaded sources for org.springframework.data:spring-data-commons:3.5.2
2025-08-02 15:28:59,062 [Worker-7: Download sources and javadoc] INFO  o.e.m.c.i.e.AbstractTransferListenerAdapter - Downloading https://repo.maven.apache.org/maven2/org/springframework/spring-orm/6.2.9/spring-orm-6.2.9-sources.jar
2025-08-02 15:28:59,277 [Worker-7: Download sources and javadoc] INFO  o.e.m.c.i.e.AbstractTransferListenerAdapter - Downloaded https://repo.maven.apache.org/maven2/org/springframework/spring-orm/6.2.9/spring-orm-6.2.9-sources.jar
2025-08-02 15:28:59,283 [Worker-7: Download sources and javadoc] INFO  o.e.m.j.internal.DownloadSourcesJob - Downloaded sources for org.springframework:spring-orm:6.2.9
2025-08-02 15:28:59,473 [Worker-7: Download sources and javadoc] INFO  o.e.m.c.i.e.AbstractTransferListenerAdapter - Downloading https://repo.maven.apache.org/maven2/org/springframework/spring-context/6.2.9/spring-context-6.2.9-sources.jar
2025-08-02 15:28:59,893 [Worker-7: Download sources and javadoc] INFO  o.e.m.c.i.e.AbstractTransferListenerAdapter - Downloaded https://repo.maven.apache.org/maven2/org/springframework/spring-context/6.2.9/spring-context-6.2.9-sources.jar
2025-08-02 15:28:59,897 [Worker-7: Download sources and javadoc] INFO  o.e.m.j.internal.DownloadSourcesJob - Downloaded sources for org.springframework:spring-context:6.2.9
2025-08-02 15:29:00,038 [Worker-7: Download sources and javadoc] INFO  o.e.m.c.i.e.AbstractTransferListenerAdapter - Downloading https://repo.maven.apache.org/maven2/org/springframework/spring-tx/6.2.9/spring-tx-6.2.9-sources.jar
2025-08-02 15:29:00,249 [Worker-7: Download sources and javadoc] INFO  o.e.m.c.i.e.AbstractTransferListenerAdapter - Downloaded https://repo.maven.apache.org/maven2/org/springframework/spring-tx/6.2.9/spring-tx-6.2.9-sources.jar
2025-08-02 15:29:00,253 [Worker-7: Download sources and javadoc] INFO  o.e.m.j.internal.DownloadSourcesJob - Downloaded sources for org.springframework:spring-tx:6.2.9
2025-08-02 15:29:00,413 [Worker-7: Download sources and javadoc] INFO  o.e.m.c.i.e.AbstractTransferListenerAdapter - Downloading https://repo.maven.apache.org/maven2/org/springframework/spring-beans/6.2.9/spring-beans-6.2.9-sources.jar
2025-08-02 15:29:00,603 [Worker-7: Download sources and javadoc] INFO  o.e.m.c.i.e.AbstractTransferListenerAdapter - Downloaded https://repo.maven.apache.org/maven2/org/springframework/spring-beans/6.2.9/spring-beans-6.2.9-sources.jar
2025-08-02 15:29:00,606 [Worker-7: Download sources and javadoc] INFO  o.e.m.j.internal.DownloadSourcesJob - Downloaded sources for org.springframework:spring-beans:6.2.9
2025-08-02 15:29:00,722 [Worker-7: Download sources and javadoc] INFO  o.e.m.c.i.e.AbstractTransferListenerAdapter - Downloading https://repo.maven.apache.org/maven2/org/springframework/spring-aspects/6.2.9/spring-aspects-6.2.9-sources.jar
2025-08-02 15:29:00,727 [Worker-7: Download sources and javadoc] INFO  o.e.m.c.i.e.AbstractTransferListenerAdapter - Downloaded https://repo.maven.apache.org/maven2/org/springframework/spring-aspects/6.2.9/spring-aspects-6.2.9-sources.jar
2025-08-02 15:29:00,730 [Worker-7: Download sources and javadoc] INFO  o.e.m.j.internal.DownloadSourcesJob - Downloaded sources for org.springframework:spring-aspects:6.2.9
2025-08-02 15:29:00,906 [Worker-7: Download sources and javadoc] INFO  o.e.m.c.i.e.AbstractTransferListenerAdapter - Downloading https://repo.maven.apache.org/maven2/org/springframework/boot/spring-boot-starter-security/3.5.4/spring-boot-starter-security-3.5.4-sources.jar
2025-08-02 15:29:00,909 [Worker-7: Download sources and javadoc] INFO  o.e.m.c.i.e.AbstractTransferListenerAdapter - Downloaded https://repo.maven.apache.org/maven2/org/springframework/boot/spring-boot-starter-security/3.5.4/spring-boot-starter-security-3.5.4-sources.jar
2025-08-02 15:29:00,912 [Worker-7: Download sources and javadoc] INFO  o.e.m.j.internal.DownloadSourcesJob - Downloaded sources for org.springframework.boot:spring-boot-starter-security:3.5.4
2025-08-02 15:29:01,213 [Worker-7: Download sources and javadoc] INFO  o.e.m.c.i.e.AbstractTransferListenerAdapter - Downloading https://repo.maven.apache.org/maven2/org/springframework/spring-aop/6.2.9/spring-aop-6.2.9-sources.jar
2025-08-02 15:29:01,345 [Worker-7: Download sources and javadoc] INFO  o.e.m.c.i.e.AbstractTransferListenerAdapter - Downloaded https://repo.maven.apache.org/maven2/org/springframework/spring-aop/6.2.9/spring-aop-6.2.9-sources.jar
2025-08-02 15:29:01,349 [Worker-7: Download sources and javadoc] INFO  o.e.m.j.internal.DownloadSourcesJob - Downloaded sources for org.springframework:spring-aop:6.2.9
2025-08-02 15:29:01,537 [Worker-7: Download sources and javadoc] INFO  o.e.m.c.i.e.AbstractTransferListenerAdapter - Downloading https://repo.maven.apache.org/maven2/org/springframework/security/spring-security-config/6.5.2/spring-security-config-6.5.2-sources.jar
2025-08-02 15:29:01,960 [Worker-7: Download sources and javadoc] INFO  o.e.m.c.i.e.AbstractTransferListenerAdapter - Downloaded https://repo.maven.apache.org/maven2/org/springframework/security/spring-security-config/6.5.2/spring-security-config-6.5.2-sources.jar
2025-08-02 15:29:01,965 [Worker-7: Download sources and javadoc] INFO  o.e.m.j.internal.DownloadSourcesJob - Downloaded sources for org.springframework.security:spring-security-config:6.5.2
2025-08-02 15:29:12,169 [Worker-7: Download sources and javadoc] INFO  o.e.m.c.i.e.AbstractTransferListenerAdapter - Downloading https://repo.maven.apache.org/maven2/org/springframework/security/spring-security-web/6.5.2/spring-security-web-6.5.2-sources.jar
2025-08-02 15:29:12,326 [Worker-7: Download sources and javadoc] INFO  o.e.m.c.i.e.AbstractTransferListenerAdapter - Downloaded https://repo.maven.apache.org/maven2/org/springframework/security/spring-security-web/6.5.2/spring-security-web-6.5.2-sources.jar
2025-08-02 15:29:12,332 [Worker-7: Download sources and javadoc] INFO  o.e.m.j.internal.DownloadSourcesJob - Downloaded sources for org.springframework.security:spring-security-web:6.5.2
2025-08-02 15:29:12,522 [Worker-7: Download sources and javadoc] INFO  o.e.m.c.i.e.AbstractTransferListenerAdapter - Downloading https://repo.maven.apache.org/maven2/org/springframework/spring-expression/6.2.9/spring-expression-6.2.9-sources.jar
2025-08-02 15:29:12,647 [Worker-7: Download sources and javadoc] INFO  o.e.m.c.i.e.AbstractTransferListenerAdapter - Downloaded https://repo.maven.apache.org/maven2/org/springframework/spring-expression/6.2.9/spring-expression-6.2.9-sources.jar
2025-08-02 15:29:12,649 [Worker-7: Download sources and javadoc] INFO  o.e.m.j.internal.DownloadSourcesJob - Downloaded sources for org.springframework:spring-expression:6.2.9
2025-08-02 15:29:12,886 [Worker-7: Download sources and javadoc] INFO  o.e.m.c.i.e.AbstractTransferListenerAdapter - Downloading https://repo.maven.apache.org/maven2/org/springframework/boot/spring-boot-starter-validation/3.5.4/spring-boot-starter-validation-3.5.4-sources.jar
2025-08-02 15:29:12,891 [Worker-7: Download sources and javadoc] INFO  o.e.m.c.i.e.AbstractTransferListenerAdapter - Downloaded https://repo.maven.apache.org/maven2/org/springframework/boot/spring-boot-starter-validation/3.5.4/spring-boot-starter-validation-3.5.4-sources.jar
2025-08-02 15:29:12,895 [Worker-7: Download sources and javadoc] INFO  o.e.m.j.internal.DownloadSourcesJob - Downloaded sources for org.springframework.boot:spring-boot-starter-validation:3.5.4
2025-08-02 15:29:13,193 [Worker-7: Download sources and javadoc] INFO  o.e.m.c.i.e.AbstractTransferListenerAdapter - Downloading https://repo.maven.apache.org/maven2/org/apache/tomcat/embed/tomcat-embed-el/10.1.43/tomcat-embed-el-10.1.43-sources.jar
2025-08-02 15:29:14,432 [Worker-7: Download sources and javadoc] INFO  o.e.m.c.i.e.AbstractTransferListenerAdapter - Downloaded https://repo.maven.apache.org/maven2/org/apache/tomcat/embed/tomcat-embed-el/10.1.43/tomcat-embed-el-10.1.43-sources.jar
2025-08-02 15:29:14,438 [Worker-7: Download sources and javadoc] INFO  o.e.m.j.internal.DownloadSourcesJob - Downloaded sources for org.apache.tomcat.embed:tomcat-embed-el:10.1.43
2025-08-02 15:29:14,560 [Worker-7: Download sources and javadoc] INFO  o.e.m.c.i.e.AbstractTransferListenerAdapter - Downloading https://repo.maven.apache.org/maven2/org/springframework/boot/spring-boot-starter-web/3.5.4/spring-boot-starter-web-3.5.4-sources.jar
2025-08-02 15:29:14,566 [Worker-7: Download sources and javadoc] INFO  o.e.m.c.i.e.AbstractTransferListenerAdapter - Downloaded https://repo.maven.apache.org/maven2/org/springframework/boot/spring-boot-starter-web/3.5.4/spring-boot-starter-web-3.5.4-sources.jar
2025-08-02 15:29:14,572 [Worker-7: Download sources and javadoc] INFO  o.e.m.j.internal.DownloadSourcesJob - Downloaded sources for org.springframework.boot:spring-boot-starter-web:3.5.4
2025-08-02 15:29:14,731 [Worker-7: Download sources and javadoc] INFO  o.e.m.c.i.e.AbstractTransferListenerAdapter - Downloading https://repo.maven.apache.org/maven2/org/springframework/boot/spring-boot-starter-json/3.5.4/spring-boot-starter-json-3.5.4-sources.jar
2025-08-02 15:29:14,739 [Worker-7: Download sources and javadoc] INFO  o.e.m.c.i.e.AbstractTransferListenerAdapter - Downloaded https://repo.maven.apache.org/maven2/org/springframework/boot/spring-boot-starter-json/3.5.4/spring-boot-starter-json-3.5.4-sources.jar
2025-08-02 15:29:14,744 [Worker-7: Download sources and javadoc] INFO  o.e.m.j.internal.DownloadSourcesJob - Downloaded sources for org.springframework.boot:spring-boot-starter-json:3.5.4
2025-08-02 15:29:14,863 [Worker-7: Download sources and javadoc] INFO  o.e.m.c.i.e.AbstractTransferListenerAdapter - Downloading https://repo.maven.apache.org/maven2/com/fasterxml/jackson/core/jackson-databind/2.19.2/jackson-databind-2.19.2-sources.jar
2025-08-02 15:29:15,458 [Worker-7: Download sources and javadoc] INFO  o.e.m.c.i.e.AbstractTransferListenerAdapter - Downloaded https://repo.maven.apache.org/maven2/com/fasterxml/jackson/core/jackson-databind/2.19.2/jackson-databind-2.19.2-sources.jar
2025-08-02 15:29:15,462 [Worker-7: Download sources and javadoc] INFO  o.e.m.j.internal.DownloadSourcesJob - Downloaded sources for com.fasterxml.jackson.core:jackson-databind:2.19.2
2025-08-02 15:29:15,581 [Worker-7: Download sources and javadoc] INFO  o.e.m.c.i.e.AbstractTransferListenerAdapter - Downloading https://repo.maven.apache.org/maven2/com/fasterxml/jackson/core/jackson-annotations/2.19.2/jackson-annotations-2.19.2-sources.jar
2025-08-02 15:29:15,627 [Worker-7: Download sources and javadoc] INFO  o.e.m.c.i.e.AbstractTransferListenerAdapter - Downloaded https://repo.maven.apache.org/maven2/com/fasterxml/jackson/core/jackson-annotations/2.19.2/jackson-annotations-2.19.2-sources.jar
2025-08-02 15:29:15,633 [Worker-7: Download sources and javadoc] INFO  o.e.m.j.internal.DownloadSourcesJob - Downloaded sources for com.fasterxml.jackson.core:jackson-annotations:2.19.2
2025-08-02 15:29:15,711 [Worker-7: Download sources and javadoc] INFO  o.e.m.c.i.e.AbstractTransferListenerAdapter - Downloading https://repo.maven.apache.org/maven2/com/fasterxml/jackson/core/jackson-core/2.19.2/jackson-core-2.19.2-sources.jar
2025-08-02 15:29:15,968 [Worker-7: Download sources and javadoc] INFO  o.e.m.c.i.e.AbstractTransferListenerAdapter - Downloaded https://repo.maven.apache.org/maven2/com/fasterxml/jackson/core/jackson-core/2.19.2/jackson-core-2.19.2-sources.jar
2025-08-02 15:29:15,971 [Worker-7: Download sources and javadoc] INFO  o.e.m.j.internal.DownloadSourcesJob - Downloaded sources for com.fasterxml.jackson.core:jackson-core:2.19.2
2025-08-02 15:29:16,227 [Worker-7: Download sources and javadoc] INFO  o.e.m.c.i.e.AbstractTransferListenerAdapter - Downloading https://repo.maven.apache.org/maven2/com/fasterxml/jackson/datatype/jackson-datatype-jdk8/2.19.2/jackson-datatype-jdk8-2.19.2-sources.jar
2025-08-02 15:29:16,233 [Worker-7: Download sources and javadoc] INFO  o.e.m.c.i.e.AbstractTransferListenerAdapter - Downloaded https://repo.maven.apache.org/maven2/com/fasterxml/jackson/datatype/jackson-datatype-jdk8/2.19.2/jackson-datatype-jdk8-2.19.2-sources.jar
2025-08-02 15:29:16,236 [Worker-7: Download sources and javadoc] INFO  o.e.m.j.internal.DownloadSourcesJob - Downloaded sources for com.fasterxml.jackson.datatype:jackson-datatype-jdk8:2.19.2
2025-08-02 15:29:16,424 [Worker-7: Download sources and javadoc] INFO  o.e.m.c.i.e.AbstractTransferListenerAdapter - Downloading https://repo.maven.apache.org/maven2/com/fasterxml/jackson/datatype/jackson-datatype-jsr310/2.19.2/jackson-datatype-jsr310-2.19.2-sources.jar
2025-08-02 15:29:16,459 [Worker-7: Download sources and javadoc] INFO  o.e.m.c.i.e.AbstractTransferListenerAdapter - Downloaded https://repo.maven.apache.org/maven2/com/fasterxml/jackson/datatype/jackson-datatype-jsr310/2.19.2/jackson-datatype-jsr310-2.19.2-sources.jar
2025-08-02 15:29:16,466 [Worker-7: Download sources and javadoc] INFO  o.e.m.j.internal.DownloadSourcesJob - Downloaded sources for com.fasterxml.jackson.datatype:jackson-datatype-jsr310:2.19.2
2025-08-02 15:29:16,593 [Worker-7: Download sources and javadoc] INFO  o.e.m.c.i.e.AbstractTransferListenerAdapter - Downloading https://repo.maven.apache.org/maven2/com/fasterxml/jackson/module/jackson-module-parameter-names/2.19.2/jackson-module-parameter-names-2.19.2-sources.jar
2025-08-02 15:29:16,601 [Worker-7: Download sources and javadoc] INFO  o.e.m.c.i.e.AbstractTransferListenerAdapter - Downloaded https://repo.maven.apache.org/maven2/com/fasterxml/jackson/module/jackson-module-parameter-names/2.19.2/jackson-module-parameter-names-2.19.2-sources.jar
2025-08-02 15:29:16,607 [Worker-7: Download sources and javadoc] INFO  o.e.m.j.internal.DownloadSourcesJob - Downloaded sources for com.fasterxml.jackson.module:jackson-module-parameter-names:2.19.2
2025-08-02 15:29:16,682 [Worker-7: Download sources and javadoc] INFO  o.e.m.c.i.e.AbstractTransferListenerAdapter - Downloading https://repo.maven.apache.org/maven2/org/springframework/boot/spring-boot-starter-tomcat/3.5.4/spring-boot-starter-tomcat-3.5.4-sources.jar
2025-08-02 15:29:16,685 [Worker-7: Download sources and javadoc] INFO  o.e.m.c.i.e.AbstractTransferListenerAdapter - Downloaded https://repo.maven.apache.org/maven2/org/springframework/boot/spring-boot-starter-tomcat/3.5.4/spring-boot-starter-tomcat-3.5.4-sources.jar
2025-08-02 15:29:16,688 [Worker-7: Download sources and javadoc] INFO  o.e.m.j.internal.DownloadSourcesJob - Downloaded sources for org.springframework.boot:spring-boot-starter-tomcat:3.5.4
2025-08-02 15:29:16,780 [Worker-7: Download sources and javadoc] INFO  o.e.m.c.i.e.AbstractTransferListenerAdapter - Downloading https://repo.maven.apache.org/maven2/org/apache/tomcat/embed/tomcat-embed-core/10.1.43/tomcat-embed-core-10.1.43-sources.jar
2025-08-02 15:29:17,569 [Worker-7: Download sources and javadoc] INFO  o.e.m.c.i.e.AbstractTransferListenerAdapter - Downloaded https://repo.maven.apache.org/maven2/org/apache/tomcat/embed/tomcat-embed-core/10.1.43/tomcat-embed-core-10.1.43-sources.jar
2025-08-02 15:29:17,571 [Worker-7: Download sources and javadoc] INFO  o.e.m.j.internal.DownloadSourcesJob - Downloaded sources for org.apache.tomcat.embed:tomcat-embed-core:10.1.43
2025-08-02 15:29:17,640 [Worker-7: Download sources and javadoc] INFO  o.e.m.c.i.e.AbstractTransferListenerAdapter - Downloading https://repo.maven.apache.org/maven2/org/apache/tomcat/embed/tomcat-embed-websocket/10.1.43/tomcat-embed-websocket-10.1.43-sources.jar
2025-08-02 15:29:17,833 [Worker-7: Download sources and javadoc] INFO  o.e.m.c.i.e.AbstractTransferListenerAdapter - Downloaded https://repo.maven.apache.org/maven2/org/apache/tomcat/embed/tomcat-embed-websocket/10.1.43/tomcat-embed-websocket-10.1.43-sources.jar
2025-08-02 15:29:17,839 [Worker-7: Download sources and javadoc] INFO  o.e.m.j.internal.DownloadSourcesJob - Downloaded sources for org.apache.tomcat.embed:tomcat-embed-websocket:10.1.43
2025-08-02 15:29:18,003 [Worker-7: Download sources and javadoc] INFO  o.e.m.c.i.e.AbstractTransferListenerAdapter - Downloading https://repo.maven.apache.org/maven2/org/springframework/spring-web/6.2.9/spring-web-6.2.9-sources.jar
2025-08-02 15:29:18,550 [Worker-7: Download sources and javadoc] INFO  o.e.m.c.i.e.AbstractTransferListenerAdapter - Downloaded https://repo.maven.apache.org/maven2/org/springframework/spring-web/6.2.9/spring-web-6.2.9-sources.jar
2025-08-02 15:29:18,552 [Worker-7: Download sources and javadoc] INFO  o.e.m.j.internal.DownloadSourcesJob - Downloaded sources for org.springframework:spring-web:6.2.9
2025-08-02 15:29:18,726 [Worker-7: Download sources and javadoc] INFO  o.e.m.c.i.e.AbstractTransferListenerAdapter - Downloading https://repo.maven.apache.org/maven2/io/micrometer/micrometer-observation/1.15.2/micrometer-observation-1.15.2-sources.jar
2025-08-02 15:29:18,804 [Worker-7: Download sources and javadoc] INFO  o.e.m.c.i.e.AbstractTransferListenerAdapter - Downloaded https://repo.maven.apache.org/maven2/io/micrometer/micrometer-observation/1.15.2/micrometer-observation-1.15.2-sources.jar
2025-08-02 15:29:18,809 [Worker-7: Download sources and javadoc] INFO  o.e.m.j.internal.DownloadSourcesJob - Downloaded sources for io.micrometer:micrometer-observation:1.15.2
2025-08-02 15:29:18,946 [Worker-7: Download sources and javadoc] INFO  o.e.m.c.i.e.AbstractTransferListenerAdapter - Downloading https://repo.maven.apache.org/maven2/io/micrometer/micrometer-commons/1.15.2/micrometer-commons-1.15.2-sources.jar
2025-08-02 15:29:18,976 [Worker-7: Download sources and javadoc] INFO  o.e.m.c.i.e.AbstractTransferListenerAdapter - Downloaded https://repo.maven.apache.org/maven2/io/micrometer/micrometer-commons/1.15.2/micrometer-commons-1.15.2-sources.jar
2025-08-02 15:29:18,981 [Worker-7: Download sources and javadoc] INFO  o.e.m.j.internal.DownloadSourcesJob - Downloaded sources for io.micrometer:micrometer-commons:1.15.2
2025-08-02 15:29:19,067 [Worker-7: Download sources and javadoc] INFO  o.e.m.c.i.e.AbstractTransferListenerAdapter - Downloading https://repo.maven.apache.org/maven2/org/springframework/spring-webmvc/6.2.9/spring-webmvc-6.2.9-sources.jar
2025-08-02 15:29:19,384 [Worker-7: Download sources and javadoc] INFO  o.e.m.c.i.e.AbstractTransferListenerAdapter - Downloaded https://repo.maven.apache.org/maven2/org/springframework/spring-webmvc/6.2.9/spring-webmvc-6.2.9-sources.jar
2025-08-02 15:29:19,387 [Worker-7: Download sources and javadoc] INFO  o.e.m.j.internal.DownloadSourcesJob - Downloaded sources for org.springframework:spring-webmvc:6.2.9
2025-08-02 15:29:19,460 [Worker-7: Download sources and javadoc] INFO  o.e.m.c.i.e.AbstractTransferListenerAdapter - Downloading https://repo.maven.apache.org/maven2/org/springframework/boot/spring-boot-devtools/3.5.4/spring-boot-devtools-3.5.4-sources.jar
2025-08-02 15:29:19,547 [Worker-7: Download sources and javadoc] INFO  o.e.m.c.i.e.AbstractTransferListenerAdapter - Downloaded https://repo.maven.apache.org/maven2/org/springframework/boot/spring-boot-devtools/3.5.4/spring-boot-devtools-3.5.4-sources.jar
2025-08-02 15:29:19,553 [Worker-7: Download sources and javadoc] INFO  o.e.m.j.internal.DownloadSourcesJob - Downloaded sources for org.springframework.boot:spring-boot-devtools:3.5.4
2025-08-02 15:29:19,809 [Worker-7: Download sources and javadoc] INFO  o.e.m.c.i.e.AbstractTransferListenerAdapter - Downloading https://repo.maven.apache.org/maven2/org/springframework/boot/spring-boot/3.5.4/spring-boot-3.5.4-sources.jar
2025-08-02 15:29:20,062 [Worker-7: Download sources and javadoc] INFO  o.e.m.c.i.e.AbstractTransferListenerAdapter - Downloaded https://repo.maven.apache.org/maven2/org/springframework/boot/spring-boot/3.5.4/spring-boot-3.5.4-sources.jar
2025-08-02 15:29:20,064 [Worker-7: Download sources and javadoc] INFO  o.e.m.j.internal.DownloadSourcesJob - Downloaded sources for org.springframework.boot:spring-boot:3.5.4
2025-08-02 15:29:20,220 [Worker-7: Download sources and javadoc] INFO  o.e.m.c.i.e.AbstractTransferListenerAdapter - Downloading https://repo.maven.apache.org/maven2/org/springframework/boot/spring-boot-autoconfigure/3.5.4/spring-boot-autoconfigure-3.5.4-sources.jar
2025-08-02 15:29:20,544 [Worker-7: Download sources and javadoc] INFO  o.e.m.c.i.e.AbstractTransferListenerAdapter - Downloaded https://repo.maven.apache.org/maven2/org/springframework/boot/spring-boot-autoconfigure/3.5.4/spring-boot-autoconfigure-3.5.4-sources.jar
2025-08-02 15:29:20,547 [Worker-7: Download sources and javadoc] INFO  o.e.m.j.internal.DownloadSourcesJob - Downloaded sources for org.springframework.boot:spring-boot-autoconfigure:3.5.4
2025-08-02 15:29:20,744 [Worker-7: Download sources and javadoc] INFO  o.e.m.c.i.e.AbstractTransferListenerAdapter - Downloading https://repo.maven.apache.org/maven2/org/springframework/boot/spring-boot-starter-test/3.5.4/spring-boot-starter-test-3.5.4-sources.jar
2025-08-02 15:29:20,751 [Worker-7: Download sources and javadoc] INFO  o.e.m.c.i.e.AbstractTransferListenerAdapter - Downloaded https://repo.maven.apache.org/maven2/org/springframework/boot/spring-boot-starter-test/3.5.4/spring-boot-starter-test-3.5.4-sources.jar
2025-08-02 15:29:20,753 [Worker-7: Download sources and javadoc] INFO  o.e.m.j.internal.DownloadSourcesJob - Downloaded sources for org.springframework.boot:spring-boot-starter-test:3.5.4
2025-08-02 15:29:20,966 [Worker-7: Download sources and javadoc] INFO  o.e.m.c.i.e.AbstractTransferListenerAdapter - Downloading https://repo.maven.apache.org/maven2/org/springframework/boot/spring-boot-test/3.5.4/spring-boot-test-3.5.4-sources.jar
2025-08-02 15:29:21,063 [Worker-7: Download sources and javadoc] INFO  o.e.m.c.i.e.AbstractTransferListenerAdapter - Downloaded https://repo.maven.apache.org/maven2/org/springframework/boot/spring-boot-test/3.5.4/spring-boot-test-3.5.4-sources.jar
2025-08-02 15:29:21,065 [Worker-7: Download sources and javadoc] INFO  o.e.m.j.internal.DownloadSourcesJob - Downloaded sources for org.springframework.boot:spring-boot-test:3.5.4
2025-08-02 15:29:21,284 [Worker-7: Download sources and javadoc] INFO  o.e.m.c.i.e.AbstractTransferListenerAdapter - Downloading https://repo.maven.apache.org/maven2/org/springframework/boot/spring-boot-test-autoconfigure/3.5.4/spring-boot-test-autoconfigure-3.5.4-sources.jar
2025-08-02 15:29:21,496 [Worker-7: Download sources and javadoc] INFO  o.e.m.c.i.e.AbstractTransferListenerAdapter - Downloaded https://repo.maven.apache.org/maven2/org/springframework/boot/spring-boot-test-autoconfigure/3.5.4/spring-boot-test-autoconfigure-3.5.4-sources.jar
2025-08-02 15:29:21,501 [Worker-7: Download sources and javadoc] INFO  o.e.m.j.internal.DownloadSourcesJob - Downloaded sources for org.springframework.boot:spring-boot-test-autoconfigure:3.5.4
2025-08-02 15:29:21,650 [Worker-7: Download sources and javadoc] INFO  o.e.m.c.i.e.AbstractTransferListenerAdapter - Downloading https://repo.maven.apache.org/maven2/org/springframework/spring-core/6.2.9/spring-core-6.2.9-sources.jar
2025-08-02 15:29:22,037 [Worker-7: Download sources and javadoc] INFO  o.e.m.c.i.e.AbstractTransferListenerAdapter - Downloaded https://repo.maven.apache.org/maven2/org/springframework/spring-core/6.2.9/spring-core-6.2.9-sources.jar
2025-08-02 15:29:22,039 [Worker-7: Download sources and javadoc] INFO  o.e.m.j.internal.DownloadSourcesJob - Downloaded sources for org.springframework:spring-core:6.2.9
2025-08-02 15:29:22,126 [Worker-7: Download sources and javadoc] INFO  o.e.m.c.i.e.AbstractTransferListenerAdapter - Downloading https://repo.maven.apache.org/maven2/org/springframework/spring-jcl/6.2.9/spring-jcl-6.2.9-sources.jar
2025-08-02 15:29:22,134 [Worker-7: Download sources and javadoc] INFO  o.e.m.c.i.e.AbstractTransferListenerAdapter - Downloaded https://repo.maven.apache.org/maven2/org/springframework/spring-jcl/6.2.9/spring-jcl-6.2.9-sources.jar
2025-08-02 15:29:22,139 [Worker-7: Download sources and javadoc] INFO  o.e.m.j.internal.DownloadSourcesJob - Downloaded sources for org.springframework:spring-jcl:6.2.9
2025-08-02 15:29:22,333 [Worker-7: Download sources and javadoc] INFO  o.e.m.c.i.e.AbstractTransferListenerAdapter - Downloading https://repo.maven.apache.org/maven2/org/springframework/spring-test/6.2.9/spring-test-6.2.9-sources.jar
2025-08-02 15:29:22,514 [Worker-7: Download sources and javadoc] INFO  o.e.m.c.i.e.AbstractTransferListenerAdapter - Downloaded https://repo.maven.apache.org/maven2/org/springframework/spring-test/6.2.9/spring-test-6.2.9-sources.jar
2025-08-02 15:29:22,516 [Worker-7: Download sources and javadoc] INFO  o.e.m.j.internal.DownloadSourcesJob - Downloaded sources for org.springframework:spring-test:6.2.9
2025-08-02 15:29:22,819 [Worker-7: Download sources and javadoc] INFO  o.e.m.c.i.e.AbstractTransferListenerAdapter - Downloading https://repo.maven.apache.org/maven2/org/xmlunit/xmlunit-core/2.10.3/xmlunit-core-2.10.3-sources.jar
2025-08-02 15:29:22,950 [Worker-7: Download sources and javadoc] INFO  o.e.m.c.i.e.AbstractTransferListenerAdapter - Downloaded https://repo.maven.apache.org/maven2/org/xmlunit/xmlunit-core/2.10.3/xmlunit-core-2.10.3-sources.jar
2025-08-02 15:29:22,957 [Worker-7: Download sources and javadoc] INFO  o.e.m.j.internal.DownloadSourcesJob - Downloaded sources for org.xmlunit:xmlunit-core:2.10.3
2025-08-02 15:29:23,129 [Worker-7: Download sources and javadoc] INFO  o.e.m.c.i.e.AbstractTransferListenerAdapter - Downloading https://repo.maven.apache.org/maven2/org/springframework/security/spring-security-test/6.5.2/spring-security-test-6.5.2-sources.jar
2025-08-02 15:29:23,166 [Worker-7: Download sources and javadoc] INFO  o.e.m.c.i.e.AbstractTransferListenerAdapter - Downloaded https://repo.maven.apache.org/maven2/org/springframework/security/spring-security-test/6.5.2/spring-security-test-6.5.2-sources.jar
2025-08-02 15:29:23,170 [Worker-7: Download sources and javadoc] INFO  o.e.m.j.internal.DownloadSourcesJob - Downloaded sources for org.springframework.security:spring-security-test:6.5.2
2025-08-02 15:29:23,251 [Worker-7: Download sources and javadoc] INFO  o.e.m.c.i.e.AbstractTransferListenerAdapter - Downloading https://repo.maven.apache.org/maven2/org/springframework/security/spring-security-core/6.5.2/spring-security-core-6.5.2-sources.jar
2025-08-02 15:29:23,385 [Worker-7: Download sources and javadoc] INFO  o.e.m.c.i.e.AbstractTransferListenerAdapter - Downloaded https://repo.maven.apache.org/maven2/org/springframework/security/spring-security-core/6.5.2/spring-security-core-6.5.2-sources.jar
2025-08-02 15:29:23,387 [Worker-7: Download sources and javadoc] INFO  o.e.m.j.internal.DownloadSourcesJob - Downloaded sources for org.springframework.security:spring-security-core:6.5.2
2025-08-02 15:29:23,443 [Worker-7: Download sources and javadoc] INFO  o.e.m.c.i.e.AbstractTransferListenerAdapter - Downloading https://repo.maven.apache.org/maven2/org/springframework/security/spring-security-crypto/6.5.2/spring-security-crypto-6.5.2-sources.jar
2025-08-02 15:29:23,476 [Worker-7: Download sources and javadoc] INFO  o.e.m.c.i.e.AbstractTransferListenerAdapter - Downloaded https://repo.maven.apache.org/maven2/org/springframework/security/spring-security-crypto/6.5.2/spring-security-crypto-6.5.2-sources.jar
2025-08-02 15:29:23,479 [Worker-7: Download sources and javadoc] INFO  o.e.m.j.internal.DownloadSourcesJob - Downloaded sources for org.springframework.security:spring-security-crypto:6.5.2
2025-08-02 15:35:48,588 [Worker-11: Building] INFO  o.a.m.s.f.DefaultMavenResourcesFiltering - Copying 1 resource from src\main\resources to target\classes
2025-08-02 15:35:48,612 [Worker-11: Building] INFO  o.a.m.s.f.DefaultMavenResourcesFiltering - Copying 0 resource from src\main\resources to target\classes
2025-08-02 15:35:48,618 [Worker-11: Building] INFO  o.a.m.s.f.DefaultMavenResourcesFiltering - skip non existing resourceDirectory C:\Users\DELL\Desktop\Perplexity\backend\greennest\src\test\resources
2025-08-02 16:26:29,452 [Worker-18: Building] INFO  o.a.m.s.f.DefaultMavenResourcesFiltering - Copying 1 resource from src\main\resources to target\classes
2025-08-02 16:26:29,462 [Worker-18: Building] INFO  o.a.m.s.f.DefaultMavenResourcesFiltering - Copying 0 resource from src\main\resources to target\classes
2025-08-02 16:26:29,468 [Worker-18: Building] INFO  o.a.m.s.f.DefaultMavenResourcesFiltering - skip non existing resourceDirectory C:\Users\DELL\Desktop\Perplexity\backend\greennest\src\test\resources
2025-08-02 16:27:05,482 [Start Help Server] INFO  org.eclipse.jetty.server.Server - jetty-12.0.16; built: 2024-12-09T21:02:54.535Z; git: c3f88bafb4e393f23204dc14dc57b042e84debc7; jvm 21.0.6+7-LTS
2025-08-02 16:27:05,550 [Start Help Server] INFO  o.e.j.server.handler.ContextHandler - Started oeje8n.ContextHandler$CoreContextHandler@64789ac5{/help,/help,b=null,a=AVAILABLE,h=oeje8n.ContextHandler$CoreContextHandler$CoreToNestedHandler@1435410c{STARTED}}
2025-08-02 16:27:05,551 [Start Help Server] INFO  o.e.j.s.DefaultSessionIdManager - Session workerName=node0
2025-08-02 16:27:05,573 [Start Help Server] INFO  o.e.jetty.server.AbstractConnector - Started ServerConnector@7a4e4f3a{HTTP/1.1, (http/1.1)}{127.0.0.1:63024}
2025-08-02 16:27:05,580 [Start Help Server] INFO  org.eclipse.jetty.server.Server - Started oejs.Server@334416ed{STARTING}[12.0.16,sto=0] @3774441ms
2025-08-02 16:28:59,876 [Worker-19: Building] INFO  o.a.m.s.f.DefaultMavenResourcesFiltering - Copying 1 resource from src\main\resources to target\classes
2025-08-02 16:28:59,893 [Worker-19: Building] INFO  o.a.m.s.f.DefaultMavenResourcesFiltering - Copying 0 resource from src\main\resources to target\classes
2025-08-02 16:28:59,898 [Worker-19: Building] INFO  o.a.m.s.f.DefaultMavenResourcesFiltering - skip non existing resourceDirectory C:\Users\DELL\Desktop\Perplexity\backend\greennest\src\test\resources
2025-08-02 16:30:06,804 [Worker-2: Building] INFO  o.a.m.s.f.DefaultMavenResourcesFiltering - Copying 1 resource from src\main\resources to target\classes
2025-08-02 16:30:06,829 [Worker-2: Building] INFO  o.a.m.s.f.DefaultMavenResourcesFiltering - Copying 0 resource from src\main\resources to target\classes
2025-08-02 16:30:06,832 [Worker-2: Building] INFO  o.a.m.s.f.DefaultMavenResourcesFiltering - skip non existing resourceDirectory C:\Users\DELL\Desktop\Perplexity\backend\greennest\src\test\resources
2025-08-02 16:30:30,100 [Worker-17: Building] INFO  o.a.m.s.f.DefaultMavenResourcesFiltering - Copying 1 resource from src\main\resources to target\classes
2025-08-02 16:30:30,103 [Worker-17: Building] INFO  o.a.m.s.f.DefaultMavenResourcesFiltering - Copying 0 resource from src\main\resources to target\classes
2025-08-02 16:30:30,106 [Worker-17: Building] INFO  o.a.m.s.f.DefaultMavenResourcesFiltering - skip non existing resourceDirectory C:\Users\DELL\Desktop\Perplexity\backend\greennest\src\test\resources
2025-08-02 16:30:32,571 [Worker-14: Building] INFO  o.a.m.s.f.DefaultMavenResourcesFiltering - Copying 1 resource from src\main\resources to target\classes
2025-08-02 16:30:32,585 [Worker-14: Building] INFO  o.a.m.s.f.DefaultMavenResourcesFiltering - Copying 0 resource from src\main\resources to target\classes
2025-08-02 16:30:32,589 [Worker-14: Building] INFO  o.a.m.s.f.DefaultMavenResourcesFiltering - skip non existing resourceDirectory C:\Users\DELL\Desktop\Perplexity\backend\greennest\src\test\resources
2025-08-02 16:30:36,564 [Worker-18: Building] INFO  o.a.m.s.f.DefaultMavenResourcesFiltering - Copying 1 resource from src\main\resources to target\classes
2025-08-02 16:30:36,582 [Worker-18: Building] INFO  o.a.m.s.f.DefaultMavenResourcesFiltering - Copying 0 resource from src\main\resources to target\classes
2025-08-02 16:30:36,585 [Worker-18: Building] INFO  o.a.m.s.f.DefaultMavenResourcesFiltering - skip non existing resourceDirectory C:\Users\DELL\Desktop\Perplexity\backend\greennest\src\test\resources
2025-08-02 16:30:38,268 [Worker-17: Building] INFO  o.a.m.s.f.DefaultMavenResourcesFiltering - Copying 1 resource from src\main\resources to target\classes
2025-08-02 16:30:38,278 [Worker-17: Building] INFO  o.a.m.s.f.DefaultMavenResourcesFiltering - Copying 0 resource from src\main\resources to target\classes
2025-08-02 16:30:38,280 [Worker-17: Building] INFO  o.a.m.s.f.DefaultMavenResourcesFiltering - skip non existing resourceDirectory C:\Users\DELL\Desktop\Perplexity\backend\greennest\src\test\resources
2025-08-02 16:30:50,371 [Worker-2: Building] INFO  o.a.m.s.f.DefaultMavenResourcesFiltering - Copying 1 resource from src\main\resources to target\classes
2025-08-02 16:30:50,374 [Worker-2: Building] INFO  o.a.m.s.f.DefaultMavenResourcesFiltering - Copying 0 resource from src\main\resources to target\classes
2025-08-02 16:30:50,376 [Worker-2: Building] INFO  o.a.m.s.f.DefaultMavenResourcesFiltering - skip non existing resourceDirectory C:\Users\DELL\Desktop\Perplexity\backend\greennest\src\test\resources
2025-08-02 16:47:32,907 [Worker-21: Building] INFO  o.a.m.s.f.DefaultMavenResourcesFiltering - Copying 1 resource from src\main\resources to target\classes
2025-08-02 16:47:32,919 [Worker-21: Building] INFO  o.a.m.s.f.DefaultMavenResourcesFiltering - Copying 0 resource from src\main\resources to target\classes
2025-08-02 16:47:32,922 [Worker-21: Building] INFO  o.a.m.s.f.DefaultMavenResourcesFiltering - skip non existing resourceDirectory C:\Users\DELL\Desktop\Perplexity\backend\greennest\src\test\resources
2025-08-02 16:48:06,000 [Worker-14: Building] INFO  o.a.m.s.f.DefaultMavenResourcesFiltering - Copying 1 resource from src\main\resources to target\classes
2025-08-02 16:48:06,009 [Worker-14: Building] INFO  o.a.m.s.f.DefaultMavenResourcesFiltering - Copying 0 resource from src\main\resources to target\classes
2025-08-02 16:48:06,012 [Worker-14: Building] INFO  o.a.m.s.f.DefaultMavenResourcesFiltering - skip non existing resourceDirectory C:\Users\DELL\Desktop\Perplexity\backend\greennest\src\test\resources
2025-08-02 16:48:39,367 [Worker-18: Building] INFO  o.a.m.s.f.DefaultMavenResourcesFiltering - Copying 1 resource from src\main\resources to target\classes
2025-08-02 16:48:39,399 [Worker-18: Building] INFO  o.a.m.s.f.DefaultMavenResourcesFiltering - Copying 0 resource from src\main\resources to target\classes
2025-08-02 16:48:39,413 [Worker-18: Building] INFO  o.a.m.s.f.DefaultMavenResourcesFiltering - skip non existing resourceDirectory C:\Users\DELL\Desktop\Perplexity\backend\greennest\src\test\resources
2025-08-02 16:48:42,473 [Worker-2: Building] INFO  o.a.m.s.f.DefaultMavenResourcesFiltering - Copying 1 resource from src\main\resources to target\classes
2025-08-02 16:48:42,478 [Worker-2: Building] INFO  o.a.m.s.f.DefaultMavenResourcesFiltering - Copying 0 resource from src\main\resources to target\classes
2025-08-02 16:48:42,480 [Worker-2: Building] INFO  o.a.m.s.f.DefaultMavenResourcesFiltering - skip non existing resourceDirectory C:\Users\DELL\Desktop\Perplexity\backend\greennest\src\test\resources
2025-08-02 16:49:06,312 [Worker-18: Building] INFO  o.a.m.s.f.DefaultMavenResourcesFiltering - Copying 1 resource from src\main\resources to target\classes
2025-08-02 16:49:06,326 [Worker-18: Building] INFO  o.a.m.s.f.DefaultMavenResourcesFiltering - Copying 0 resource from src\main\resources to target\classes
2025-08-02 16:49:06,328 [Worker-18: Building] INFO  o.a.m.s.f.DefaultMavenResourcesFiltering - skip non existing resourceDirectory C:\Users\DELL\Desktop\Perplexity\backend\greennest\src\test\resources
2025-08-02 16:49:09,959 [Worker-19: Building] INFO  o.a.m.s.f.DefaultMavenResourcesFiltering - Copying 1 resource from src\main\resources to target\classes
2025-08-02 16:49:09,962 [Worker-19: Building] INFO  o.a.m.s.f.DefaultMavenResourcesFiltering - Copying 0 resource from src\main\resources to target\classes
2025-08-02 16:49:09,964 [Worker-19: Building] INFO  o.a.m.s.f.DefaultMavenResourcesFiltering - skip non existing resourceDirectory C:\Users\DELL\Desktop\Perplexity\backend\greennest\src\test\resources
2025-08-02 16:49:34,899 [Worker-2: Building] INFO  o.a.m.s.f.DefaultMavenResourcesFiltering - Copying 1 resource from src\main\resources to target\classes
2025-08-02 16:49:34,903 [Worker-2: Building] INFO  o.a.m.s.f.DefaultMavenResourcesFiltering - Copying 0 resource from src\main\resources to target\classes
2025-08-02 16:49:34,905 [Worker-2: Building] INFO  o.a.m.s.f.DefaultMavenResourcesFiltering - skip non existing resourceDirectory C:\Users\DELL\Desktop\Perplexity\backend\greennest\src\test\resources
2025-08-02 16:51:35,367 [Worker-21: Building] INFO  o.a.m.s.f.DefaultMavenResourcesFiltering - Copying 1 resource from src\main\resources to target\classes
2025-08-02 16:51:35,372 [Worker-21: Building] INFO  o.a.m.s.f.DefaultMavenResourcesFiltering - Copying 0 resource from src\main\resources to target\classes
2025-08-02 16:51:35,376 [Worker-21: Building] INFO  o.a.m.s.f.DefaultMavenResourcesFiltering - skip non existing resourceDirectory C:\Users\DELL\Desktop\Perplexity\backend\greennest\src\test\resources
2025-08-02 16:51:38,831 [Worker-18: Building] INFO  o.a.m.s.f.DefaultMavenResourcesFiltering - Copying 1 resource from src\main\resources to target\classes
2025-08-02 16:51:38,834 [Worker-18: Building] INFO  o.a.m.s.f.DefaultMavenResourcesFiltering - Copying 0 resource from src\main\resources to target\classes
2025-08-02 16:51:38,836 [Worker-18: Building] INFO  o.a.m.s.f.DefaultMavenResourcesFiltering - skip non existing resourceDirectory C:\Users\DELL\Desktop\Perplexity\backend\greennest\src\test\resources
2025-08-02 16:52:13,030 [Worker-14: Building] INFO  o.a.m.s.f.DefaultMavenResourcesFiltering - Copying 1 resource from src\main\resources to target\classes
2025-08-02 16:52:13,033 [Worker-14: Building] INFO  o.a.m.s.f.DefaultMavenResourcesFiltering - Copying 0 resource from src\main\resources to target\classes
2025-08-02 16:52:13,035 [Worker-14: Building] INFO  o.a.m.s.f.DefaultMavenResourcesFiltering - skip non existing resourceDirectory C:\Users\DELL\Desktop\Perplexity\backend\greennest\src\test\resources
2025-08-02 16:52:43,827 [Worker-14: Building] INFO  o.a.m.s.f.DefaultMavenResourcesFiltering - Copying 1 resource from src\main\resources to target\classes
2025-08-02 16:52:43,862 [Worker-14: Building] INFO  o.a.m.s.f.DefaultMavenResourcesFiltering - Copying 0 resource from src\main\resources to target\classes
2025-08-02 16:52:43,867 [Worker-14: Building] INFO  o.a.m.s.f.DefaultMavenResourcesFiltering - skip non existing resourceDirectory C:\Users\DELL\Desktop\Perplexity\backend\greennest\src\test\resources
2025-08-02 16:52:53,793 [Worker-20: Building] INFO  o.a.m.s.f.DefaultMavenResourcesFiltering - Copying 1 resource from src\main\resources to target\classes
2025-08-02 16:52:53,796 [Worker-20: Building] INFO  o.a.m.s.f.DefaultMavenResourcesFiltering - Copying 0 resource from src\main\resources to target\classes
2025-08-02 16:52:53,799 [Worker-20: Building] INFO  o.a.m.s.f.DefaultMavenResourcesFiltering - skip non existing resourceDirectory C:\Users\DELL\Desktop\Perplexity\backend\greennest\src\test\resources
2025-08-02 16:53:32,179 [Worker-2: Building] INFO  o.a.m.s.f.DefaultMavenResourcesFiltering - Copying 1 resource from src\main\resources to target\classes
2025-08-02 16:53:32,186 [Worker-2: Building] INFO  o.a.m.s.f.DefaultMavenResourcesFiltering - Copying 0 resource from src\main\resources to target\classes
2025-08-02 16:53:32,191 [Worker-2: Building] INFO  o.a.m.s.f.DefaultMavenResourcesFiltering - skip non existing resourceDirectory C:\Users\DELL\Desktop\Perplexity\backend\greennest\src\test\resources
2025-08-02 16:53:36,696 [Worker-20: Building] INFO  o.a.m.s.f.DefaultMavenResourcesFiltering - Copying 1 resource from src\main\resources to target\classes
2025-08-02 16:53:36,699 [Worker-20: Building] INFO  o.a.m.s.f.DefaultMavenResourcesFiltering - Copying 0 resource from src\main\resources to target\classes
2025-08-02 16:53:36,702 [Worker-20: Building] INFO  o.a.m.s.f.DefaultMavenResourcesFiltering - skip non existing resourceDirectory C:\Users\DELL\Desktop\Perplexity\backend\greennest\src\test\resources
2025-08-02 16:54:01,100 [Worker-18: Building] INFO  o.a.m.s.f.DefaultMavenResourcesFiltering - Copying 1 resource from src\main\resources to target\classes
2025-08-02 16:54:01,104 [Worker-18: Building] INFO  o.a.m.s.f.DefaultMavenResourcesFiltering - Copying 0 resource from src\main\resources to target\classes
2025-08-02 16:54:01,106 [Worker-18: Building] INFO  o.a.m.s.f.DefaultMavenResourcesFiltering - skip non existing resourceDirectory C:\Users\DELL\Desktop\Perplexity\backend\greennest\src\test\resources
2025-08-02 16:54:05,812 [Worker-19: Building] INFO  o.a.m.s.f.DefaultMavenResourcesFiltering - Copying 1 resource from src\main\resources to target\classes
2025-08-02 16:54:05,814 [Worker-19: Building] INFO  o.a.m.s.f.DefaultMavenResourcesFiltering - Copying 0 resource from src\main\resources to target\classes
2025-08-02 16:54:05,816 [Worker-19: Building] INFO  o.a.m.s.f.DefaultMavenResourcesFiltering - skip non existing resourceDirectory C:\Users\DELL\Desktop\Perplexity\backend\greennest\src\test\resources
2025-08-02 16:54:34,484 [Worker-19: Building] INFO  o.a.m.s.f.DefaultMavenResourcesFiltering - Copying 1 resource from src\main\resources to target\classes
2025-08-02 16:54:34,488 [Worker-19: Building] INFO  o.a.m.s.f.DefaultMavenResourcesFiltering - Copying 0 resource from src\main\resources to target\classes
2025-08-02 16:54:34,491 [Worker-19: Building] INFO  o.a.m.s.f.DefaultMavenResourcesFiltering - skip non existing resourceDirectory C:\Users\DELL\Desktop\Perplexity\backend\greennest\src\test\resources
2025-08-02 16:54:39,108 [Worker-17: Building] INFO  o.a.m.s.f.DefaultMavenResourcesFiltering - Copying 1 resource from src\main\resources to target\classes
2025-08-02 16:54:39,112 [Worker-17: Building] INFO  o.a.m.s.f.DefaultMavenResourcesFiltering - Copying 0 resource from src\main\resources to target\classes
2025-08-02 16:54:39,114 [Worker-17: Building] INFO  o.a.m.s.f.DefaultMavenResourcesFiltering - skip non existing resourceDirectory C:\Users\DELL\Desktop\Perplexity\backend\greennest\src\test\resources
2025-08-02 16:55:16,840 [Worker-20: Building] INFO  o.e.m.c.i.l.LifecycleMappingFactory - Using org.eclipse.m2e.jdt.JarLifecycleMapping lifecycle mapping for MavenProject: com.greennest:greennest-backend:0.0.1-SNAPSHOT @ C:\Users\DELL\Desktop\Perplexity\backend\greennest\pom.xml.
2025-08-02 16:55:17,287 [Worker-20: Building] INFO  o.e.m.c.i.e.AbstractTransferListenerAdapter - Downloading https://repo.maven.apache.org/maven2/io/jsonwebtoken/jjwt-api/0.12.3/jjwt-api-0.12.3.pom
2025-08-02 16:55:17,305 [Worker-20: Building] INFO  o.e.m.c.i.e.AbstractTransferListenerAdapter - Downloaded https://repo.maven.apache.org/maven2/io/jsonwebtoken/jjwt-api/0.12.3/jjwt-api-0.12.3.pom
2025-08-02 16:55:17,323 [Worker-20: Building] INFO  o.e.m.c.i.e.AbstractTransferListenerAdapter - Downloading https://repo.maven.apache.org/maven2/io/jsonwebtoken/jjwt-root/0.12.3/jjwt-root-0.12.3.pom
2025-08-02 16:55:17,343 [Worker-20: Building] INFO  o.e.m.c.i.e.AbstractTransferListenerAdapter - Downloaded https://repo.maven.apache.org/maven2/io/jsonwebtoken/jjwt-root/0.12.3/jjwt-root-0.12.3.pom
2025-08-02 16:55:17,369 [Worker-20: Building] INFO  o.e.m.c.i.e.AbstractTransferListenerAdapter - Downloading https://repo.maven.apache.org/maven2/io/jsonwebtoken/jjwt-impl/0.12.3/jjwt-impl-0.12.3.pom
2025-08-02 16:55:17,373 [Worker-20: Building] INFO  o.e.m.c.i.e.AbstractTransferListenerAdapter - Downloaded https://repo.maven.apache.org/maven2/io/jsonwebtoken/jjwt-impl/0.12.3/jjwt-impl-0.12.3.pom
2025-08-02 16:55:17,390 [Worker-20: Building] INFO  o.e.m.c.i.e.AbstractTransferListenerAdapter - Downloading https://repo.maven.apache.org/maven2/io/jsonwebtoken/jjwt-jackson/0.12.3/jjwt-jackson-0.12.3.pom
2025-08-02 16:55:17,394 [Worker-20: Building] INFO  o.e.m.c.i.e.AbstractTransferListenerAdapter - Downloaded https://repo.maven.apache.org/maven2/io/jsonwebtoken/jjwt-jackson/0.12.3/jjwt-jackson-0.12.3.pom
2025-08-02 16:55:17,560 [Worker-20: Building] INFO  o.e.m.c.i.e.AbstractTransferListenerAdapter - Downloading https://repo.maven.apache.org/maven2/io/jsonwebtoken/jjwt-api/0.12.3/jjwt-api-0.12.3.jar
2025-08-02 16:55:17,598 [Worker-20: Building] INFO  o.e.m.c.i.e.AbstractTransferListenerAdapter - Downloaded https://repo.maven.apache.org/maven2/io/jsonwebtoken/jjwt-api/0.12.3/jjwt-api-0.12.3.jar
2025-08-02 16:55:17,610 [BasicRepositoryConnector-repo.maven.apache.org-1-0] INFO  o.e.m.c.i.e.AbstractTransferListenerAdapter - Downloading https://repo.maven.apache.org/maven2/io/jsonwebtoken/jjwt-impl/0.12.3/jjwt-impl-0.12.3.jar
2025-08-02 16:55:17,638 [BasicRepositoryConnector-repo.maven.apache.org-1-1] INFO  o.e.m.c.i.e.AbstractTransferListenerAdapter - Downloading https://repo.maven.apache.org/maven2/io/jsonwebtoken/jjwt-jackson/0.12.3/jjwt-jackson-0.12.3.jar
2025-08-02 16:55:17,641 [BasicRepositoryConnector-repo.maven.apache.org-1-1] INFO  o.e.m.c.i.e.AbstractTransferListenerAdapter - Downloaded https://repo.maven.apache.org/maven2/io/jsonwebtoken/jjwt-jackson/0.12.3/jjwt-jackson-0.12.3.jar
2025-08-02 16:55:17,652 [BasicRepositoryConnector-repo.maven.apache.org-1-0] INFO  o.e.m.c.i.e.AbstractTransferListenerAdapter - Downloaded https://repo.maven.apache.org/maven2/io/jsonwebtoken/jjwt-impl/0.12.3/jjwt-impl-0.12.3.jar
2025-08-02 16:55:18,013 [Worker-20: Building] INFO  o.a.m.s.f.DefaultMavenResourcesFiltering - Copying 0 resource from src\main\resources to target\classes
2025-08-02 16:55:18,015 [Worker-20: Building] INFO  o.a.m.s.f.DefaultMavenResourcesFiltering - Copying 0 resource from src\main\resources to target\classes
2025-08-02 16:55:18,025 [Worker-20: Building] INFO  o.a.m.s.f.DefaultMavenResourcesFiltering - skip non existing resourceDirectory C:\Users\DELL\Desktop\Perplexity\backend\greennest\src\test\resources
2025-08-02 16:55:18,599 [Worker-17: Building] INFO  o.a.m.s.f.DefaultMavenResourcesFiltering - Copying 1 resource from src\main\resources to target\classes
2025-08-02 16:55:18,619 [Worker-17: Building] INFO  o.a.m.s.f.DefaultMavenResourcesFiltering - Copying 0 resource from src\main\resources to target\classes
2025-08-02 16:55:18,624 [Worker-17: Building] INFO  o.a.m.s.f.DefaultMavenResourcesFiltering - skip non existing resourceDirectory C:\Users\DELL\Desktop\Perplexity\backend\greennest\src\test\resources
2025-08-02 16:55:19,131 [Worker-18: Download sources and javadoc] INFO  o.e.m.c.i.e.AbstractTransferListenerAdapter - Downloading https://repo.maven.apache.org/maven2/io/jsonwebtoken/jjwt-api/0.12.3/jjwt-api-0.12.3-sources.jar
2025-08-02 16:55:19,283 [Worker-18: Download sources and javadoc] INFO  o.e.m.c.i.e.AbstractTransferListenerAdapter - Downloaded https://repo.maven.apache.org/maven2/io/jsonwebtoken/jjwt-api/0.12.3/jjwt-api-0.12.3-sources.jar
2025-08-02 16:55:19,287 [Worker-18: Download sources and javadoc] INFO  o.e.m.j.internal.DownloadSourcesJob - Downloaded sources for io.jsonwebtoken:jjwt-api:0.12.3
2025-08-02 16:55:19,484 [Worker-18: Download sources and javadoc] INFO  o.e.m.c.i.e.AbstractTransferListenerAdapter - Downloading https://repo.maven.apache.org/maven2/io/jsonwebtoken/jjwt-impl/0.12.3/jjwt-impl-0.12.3-sources.jar
2025-08-02 16:55:19,587 [Worker-18: Download sources and javadoc] INFO  o.e.m.c.i.e.AbstractTransferListenerAdapter - Downloaded https://repo.maven.apache.org/maven2/io/jsonwebtoken/jjwt-impl/0.12.3/jjwt-impl-0.12.3-sources.jar
2025-08-02 16:55:19,591 [Worker-18: Download sources and javadoc] INFO  o.e.m.j.internal.DownloadSourcesJob - Downloaded sources for io.jsonwebtoken:jjwt-impl:0.12.3
2025-08-02 16:55:19,729 [Worker-18: Download sources and javadoc] INFO  o.e.m.c.i.e.AbstractTransferListenerAdapter - Downloading https://repo.maven.apache.org/maven2/io/jsonwebtoken/jjwt-jackson/0.12.3/jjwt-jackson-0.12.3-sources.jar
2025-08-02 16:55:19,733 [Worker-18: Download sources and javadoc] INFO  o.e.m.c.i.e.AbstractTransferListenerAdapter - Downloaded https://repo.maven.apache.org/maven2/io/jsonwebtoken/jjwt-jackson/0.12.3/jjwt-jackson-0.12.3-sources.jar
2025-08-02 16:55:19,737 [Worker-18: Download sources and javadoc] INFO  o.e.m.j.internal.DownloadSourcesJob - Downloaded sources for io.jsonwebtoken:jjwt-jackson:0.12.3
2025-08-02 16:55:47,183 [main] INFO  o.e.m2e.actions.ExecutePomAction - Creating new launch configuration
2025-08-02 16:56:00,686 [Worker-19: Launching greennest] INFO  o.eclipse.m2e.core.internal.Bundles - getClasspathEntries(Bundle=org.eclipse.m2e.maven.runtime_3.9.900.20250220-2013 [361])
2025-08-02 16:56:00,688 [Worker-19: Launching greennest] INFO  o.eclipse.m2e.core.internal.Bundles - 	Entry: C:\Users\DELL\Downloads\spring-tool-suite-4-4.29.1.RELEASE-e4.35.0-win32.win32.x86_64\sts-4.29.1.RELEASE\plugins\org.eclipse.m2e.maven.runtime_3.9.900.20250220-2013
2025-08-02 16:56:00,688 [Worker-19: Launching greennest] INFO  o.eclipse.m2e.core.internal.Bundles - 	Entry: C:\Users\DELL\Downloads\spring-tool-suite-4-4.29.1.RELEASE-e4.35.0-win32.win32.x86_64\sts-4.29.1.RELEASE\plugins\org.eclipse.m2e.maven.runtime_3.9.900.20250220-2013\jars\aopalliance-1.0.jar
2025-08-02 16:56:00,688 [Worker-19: Launching greennest] INFO  o.eclipse.m2e.core.internal.Bundles - 	Entry: C:\Users\DELL\Downloads\spring-tool-suite-4-4.29.1.RELEASE-e4.35.0-win32.win32.x86_64\sts-4.29.1.RELEASE\plugins\org.eclipse.m2e.maven.runtime_3.9.900.20250220-2013\jars\guice-5.1.0.jar
2025-08-02 16:56:00,689 [Worker-19: Launching greennest] INFO  o.eclipse.m2e.core.internal.Bundles - 	Entry: C:\Users\DELL\Downloads\spring-tool-suite-4-4.29.1.RELEASE-e4.35.0-win32.win32.x86_64\sts-4.29.1.RELEASE\plugins\org.eclipse.m2e.maven.runtime_3.9.900.20250220-2013\jars\httpclient-4.5.14.jar
2025-08-02 16:56:00,689 [Worker-19: Launching greennest] INFO  o.eclipse.m2e.core.internal.Bundles - 	Entry: C:\Users\DELL\Downloads\spring-tool-suite-4-4.29.1.RELEASE-e4.35.0-win32.win32.x86_64\sts-4.29.1.RELEASE\plugins\org.eclipse.m2e.maven.runtime_3.9.900.20250220-2013\jars\httpcore-4.4.16.jar
2025-08-02 16:56:00,689 [Worker-19: Launching greennest] INFO  o.eclipse.m2e.core.internal.Bundles - 	Entry: C:\Users\DELL\Downloads\spring-tool-suite-4-4.29.1.RELEASE-e4.35.0-win32.win32.x86_64\sts-4.29.1.RELEASE\plugins\org.eclipse.m2e.maven.runtime_3.9.900.20250220-2013\jars\jansi-2.4.1.jar
2025-08-02 16:56:00,689 [Worker-19: Launching greennest] INFO  o.eclipse.m2e.core.internal.Bundles - 	Entry: C:\Users\DELL\Downloads\spring-tool-suite-4-4.29.1.RELEASE-e4.35.0-win32.win32.x86_64\sts-4.29.1.RELEASE\plugins\org.eclipse.m2e.maven.runtime_3.9.900.20250220-2013\jars\jcl-over-slf4j-1.7.36.jar
2025-08-02 16:56:00,689 [Worker-19: Launching greennest] INFO  o.eclipse.m2e.core.internal.Bundles - 	Entry: C:\Users\DELL\Downloads\spring-tool-suite-4-4.29.1.RELEASE-e4.35.0-win32.win32.x86_64\sts-4.29.1.RELEASE\plugins\org.eclipse.m2e.maven.runtime_3.9.900.20250220-2013\jars\maven-artifact-3.9.9.jar
2025-08-02 16:56:00,689 [Worker-19: Launching greennest] INFO  o.eclipse.m2e.core.internal.Bundles - 	Entry: C:\Users\DELL\Downloads\spring-tool-suite-4-4.29.1.RELEASE-e4.35.0-win32.win32.x86_64\sts-4.29.1.RELEASE\plugins\org.eclipse.m2e.maven.runtime_3.9.900.20250220-2013\jars\maven-builder-support-3.9.9.jar
2025-08-02 16:56:00,689 [Worker-19: Launching greennest] INFO  o.eclipse.m2e.core.internal.Bundles - 	Entry: C:\Users\DELL\Downloads\spring-tool-suite-4-4.29.1.RELEASE-e4.35.0-win32.win32.x86_64\sts-4.29.1.RELEASE\plugins\org.eclipse.m2e.maven.runtime_3.9.900.20250220-2013\jars\maven-compat-3.9.9.jar
2025-08-02 16:56:00,689 [Worker-19: Launching greennest] INFO  o.eclipse.m2e.core.internal.Bundles - 	Entry: C:\Users\DELL\Downloads\spring-tool-suite-4-4.29.1.RELEASE-e4.35.0-win32.win32.x86_64\sts-4.29.1.RELEASE\plugins\org.eclipse.m2e.maven.runtime_3.9.900.20250220-2013\jars\maven-core-3.9.9.jar
2025-08-02 16:56:00,689 [Worker-19: Launching greennest] INFO  o.eclipse.m2e.core.internal.Bundles - 	Entry: C:\Users\DELL\Downloads\spring-tool-suite-4-4.29.1.RELEASE-e4.35.0-win32.win32.x86_64\sts-4.29.1.RELEASE\plugins\org.eclipse.m2e.maven.runtime_3.9.900.20250220-2013\jars\maven-embedder-3.9.9.jar
2025-08-02 16:56:00,689 [Worker-19: Launching greennest] INFO  o.eclipse.m2e.core.internal.Bundles - 	Entry: C:\Users\DELL\Downloads\spring-tool-suite-4-4.29.1.RELEASE-e4.35.0-win32.win32.x86_64\sts-4.29.1.RELEASE\plugins\org.eclipse.m2e.maven.runtime_3.9.900.20250220-2013\jars\maven-model-3.9.9.jar
2025-08-02 16:56:00,689 [Worker-19: Launching greennest] INFO  o.eclipse.m2e.core.internal.Bundles - 	Entry: C:\Users\DELL\Downloads\spring-tool-suite-4-4.29.1.RELEASE-e4.35.0-win32.win32.x86_64\sts-4.29.1.RELEASE\plugins\org.eclipse.m2e.maven.runtime_3.9.900.20250220-2013\jars\maven-model-builder-3.9.9.jar
2025-08-02 16:56:00,690 [Worker-19: Launching greennest] INFO  o.eclipse.m2e.core.internal.Bundles - 	Entry: C:\Users\DELL\Downloads\spring-tool-suite-4-4.29.1.RELEASE-e4.35.0-win32.win32.x86_64\sts-4.29.1.RELEASE\plugins\org.eclipse.m2e.maven.runtime_3.9.900.20250220-2013\jars\maven-plugin-api-3.9.9.jar
2025-08-02 16:56:00,690 [Worker-19: Launching greennest] INFO  o.eclipse.m2e.core.internal.Bundles - 	Entry: C:\Users\DELL\Downloads\spring-tool-suite-4-4.29.1.RELEASE-e4.35.0-win32.win32.x86_64\sts-4.29.1.RELEASE\plugins\org.eclipse.m2e.maven.runtime_3.9.900.20250220-2013\jars\maven-repository-metadata-3.9.9.jar
2025-08-02 16:56:00,690 [Worker-19: Launching greennest] INFO  o.eclipse.m2e.core.internal.Bundles - 	Entry: C:\Users\DELL\Downloads\spring-tool-suite-4-4.29.1.RELEASE-e4.35.0-win32.win32.x86_64\sts-4.29.1.RELEASE\plugins\org.eclipse.m2e.maven.runtime_3.9.900.20250220-2013\jars\maven-resolver-api-1.9.22.jar
2025-08-02 16:56:00,690 [Worker-19: Launching greennest] INFO  o.eclipse.m2e.core.internal.Bundles - 	Entry: C:\Users\DELL\Downloads\spring-tool-suite-4-4.29.1.RELEASE-e4.35.0-win32.win32.x86_64\sts-4.29.1.RELEASE\plugins\org.eclipse.m2e.maven.runtime_3.9.900.20250220-2013\jars\maven-resolver-connector-basic-1.9.22.jar
2025-08-02 16:56:00,690 [Worker-19: Launching greennest] INFO  o.eclipse.m2e.core.internal.Bundles - 	Entry: C:\Users\DELL\Downloads\spring-tool-suite-4-4.29.1.RELEASE-e4.35.0-win32.win32.x86_64\sts-4.29.1.RELEASE\plugins\org.eclipse.m2e.maven.runtime_3.9.900.20250220-2013\jars\maven-resolver-impl-1.9.22.jar
2025-08-02 16:56:00,690 [Worker-19: Launching greennest] INFO  o.eclipse.m2e.core.internal.Bundles - 	Entry: C:\Users\DELL\Downloads\spring-tool-suite-4-4.29.1.RELEASE-e4.35.0-win32.win32.x86_64\sts-4.29.1.RELEASE\plugins\org.eclipse.m2e.maven.runtime_3.9.900.20250220-2013\jars\maven-resolver-named-locks-1.9.22.jar
2025-08-02 16:56:00,690 [Worker-19: Launching greennest] INFO  o.eclipse.m2e.core.internal.Bundles - 	Entry: C:\Users\DELL\Downloads\spring-tool-suite-4-4.29.1.RELEASE-e4.35.0-win32.win32.x86_64\sts-4.29.1.RELEASE\plugins\org.eclipse.m2e.maven.runtime_3.9.900.20250220-2013\jars\maven-resolver-provider-3.9.9.jar
2025-08-02 16:56:00,690 [Worker-19: Launching greennest] INFO  o.eclipse.m2e.core.internal.Bundles - 	Entry: C:\Users\DELL\Downloads\spring-tool-suite-4-4.29.1.RELEASE-e4.35.0-win32.win32.x86_64\sts-4.29.1.RELEASE\plugins\org.eclipse.m2e.maven.runtime_3.9.900.20250220-2013\jars\maven-resolver-spi-1.9.22.jar
2025-08-02 16:56:00,690 [Worker-19: Launching greennest] INFO  o.eclipse.m2e.core.internal.Bundles - 	Entry: C:\Users\DELL\Downloads\spring-tool-suite-4-4.29.1.RELEASE-e4.35.0-win32.win32.x86_64\sts-4.29.1.RELEASE\plugins\org.eclipse.m2e.maven.runtime_3.9.900.20250220-2013\jars\maven-resolver-transport-file-1.9.22.jar
2025-08-02 16:56:00,690 [Worker-19: Launching greennest] INFO  o.eclipse.m2e.core.internal.Bundles - 	Entry: C:\Users\DELL\Downloads\spring-tool-suite-4-4.29.1.RELEASE-e4.35.0-win32.win32.x86_64\sts-4.29.1.RELEASE\plugins\org.eclipse.m2e.maven.runtime_3.9.900.20250220-2013\jars\maven-resolver-transport-http-1.9.22.jar
2025-08-02 16:56:00,691 [Worker-19: Launching greennest] INFO  o.eclipse.m2e.core.internal.Bundles - 	Entry: C:\Users\DELL\Downloads\spring-tool-suite-4-4.29.1.RELEASE-e4.35.0-win32.win32.x86_64\sts-4.29.1.RELEASE\plugins\org.eclipse.m2e.maven.runtime_3.9.900.20250220-2013\jars\maven-resolver-transport-wagon-1.9.22.jar
2025-08-02 16:56:00,691 [Worker-19: Launching greennest] INFO  o.eclipse.m2e.core.internal.Bundles - 	Entry: C:\Users\DELL\Downloads\spring-tool-suite-4-4.29.1.RELEASE-e4.35.0-win32.win32.x86_64\sts-4.29.1.RELEASE\plugins\org.eclipse.m2e.maven.runtime_3.9.900.20250220-2013\jars\maven-resolver-util-1.9.22.jar
2025-08-02 16:56:00,691 [Worker-19: Launching greennest] INFO  o.eclipse.m2e.core.internal.Bundles - 	Entry: C:\Users\DELL\Downloads\spring-tool-suite-4-4.29.1.RELEASE-e4.35.0-win32.win32.x86_64\sts-4.29.1.RELEASE\plugins\org.eclipse.m2e.maven.runtime_3.9.900.20250220-2013\jars\maven-settings-3.9.9.jar
2025-08-02 16:56:00,691 [Worker-19: Launching greennest] INFO  o.eclipse.m2e.core.internal.Bundles - 	Entry: C:\Users\DELL\Downloads\spring-tool-suite-4-4.29.1.RELEASE-e4.35.0-win32.win32.x86_64\sts-4.29.1.RELEASE\plugins\org.eclipse.m2e.maven.runtime_3.9.900.20250220-2013\jars\maven-settings-builder-3.9.9.jar
2025-08-02 16:56:00,691 [Worker-19: Launching greennest] INFO  o.eclipse.m2e.core.internal.Bundles - 	Entry: C:\Users\DELL\Downloads\spring-tool-suite-4-4.29.1.RELEASE-e4.35.0-win32.win32.x86_64\sts-4.29.1.RELEASE\plugins\org.eclipse.m2e.maven.runtime_3.9.900.20250220-2013\jars\maven-shared-utils-3.4.2.jar
2025-08-02 16:56:00,691 [Worker-19: Launching greennest] INFO  o.eclipse.m2e.core.internal.Bundles - 	Entry: C:\Users\DELL\Downloads\spring-tool-suite-4-4.29.1.RELEASE-e4.35.0-win32.win32.x86_64\sts-4.29.1.RELEASE\plugins\org.eclipse.m2e.maven.runtime_3.9.900.20250220-2013\jars\org.eclipse.sisu.inject-0.9.0.M3.jar
2025-08-02 16:56:00,691 [Worker-19: Launching greennest] INFO  o.eclipse.m2e.core.internal.Bundles - 	Entry: C:\Users\DELL\Downloads\spring-tool-suite-4-4.29.1.RELEASE-e4.35.0-win32.win32.x86_64\sts-4.29.1.RELEASE\plugins\org.eclipse.m2e.maven.runtime_3.9.900.20250220-2013\jars\org.eclipse.sisu.plexus-0.9.0.M3.jar
2025-08-02 16:56:00,691 [Worker-19: Launching greennest] INFO  o.eclipse.m2e.core.internal.Bundles - 	Entry: C:\Users\DELL\Downloads\spring-tool-suite-4-4.29.1.RELEASE-e4.35.0-win32.win32.x86_64\sts-4.29.1.RELEASE\plugins\org.eclipse.m2e.maven.runtime_3.9.900.20250220-2013\jars\plexus-build-api-0.0.7.jar
2025-08-02 16:56:00,691 [Worker-19: Launching greennest] INFO  o.eclipse.m2e.core.internal.Bundles - 	Entry: C:\Users\DELL\Downloads\spring-tool-suite-4-4.29.1.RELEASE-e4.35.0-win32.win32.x86_64\sts-4.29.1.RELEASE\plugins\org.eclipse.m2e.maven.runtime_3.9.900.20250220-2013\jars\plexus-build-api-1.2.0.jar
2025-08-02 16:56:00,691 [Worker-19: Launching greennest] INFO  o.eclipse.m2e.core.internal.Bundles - 	Entry: C:\Users\DELL\Downloads\spring-tool-suite-4-4.29.1.RELEASE-e4.35.0-win32.win32.x86_64\sts-4.29.1.RELEASE\plugins\org.eclipse.m2e.maven.runtime_3.9.900.20250220-2013\jars\plexus-cipher-2.0.jar
2025-08-02 16:56:00,691 [Worker-19: Launching greennest] INFO  o.eclipse.m2e.core.internal.Bundles - 	Entry: C:\Users\DELL\Downloads\spring-tool-suite-4-4.29.1.RELEASE-e4.35.0-win32.win32.x86_64\sts-4.29.1.RELEASE\plugins\org.eclipse.m2e.maven.runtime_3.9.900.20250220-2013\jars\plexus-classworlds-2.8.0.jar
2025-08-02 16:56:00,692 [Worker-19: Launching greennest] INFO  o.eclipse.m2e.core.internal.Bundles - 	Entry: C:\Users\DELL\Downloads\spring-tool-suite-4-4.29.1.RELEASE-e4.35.0-win32.win32.x86_64\sts-4.29.1.RELEASE\plugins\org.eclipse.m2e.maven.runtime_3.9.900.20250220-2013\jars\plexus-component-annotations-2.1.0.jar
2025-08-02 16:56:00,692 [Worker-19: Launching greennest] INFO  o.eclipse.m2e.core.internal.Bundles - 	Entry: C:\Users\DELL\Downloads\spring-tool-suite-4-4.29.1.RELEASE-e4.35.0-win32.win32.x86_64\sts-4.29.1.RELEASE\plugins\org.eclipse.m2e.maven.runtime_3.9.900.20250220-2013\jars\plexus-interpolation-1.27.jar
2025-08-02 16:56:00,692 [Worker-19: Launching greennest] INFO  o.eclipse.m2e.core.internal.Bundles - 	Entry: C:\Users\DELL\Downloads\spring-tool-suite-4-4.29.1.RELEASE-e4.35.0-win32.win32.x86_64\sts-4.29.1.RELEASE\plugins\org.eclipse.m2e.maven.runtime_3.9.900.20250220-2013\jars\plexus-sec-dispatcher-2.0.jar
2025-08-02 16:56:00,692 [Worker-19: Launching greennest] INFO  o.eclipse.m2e.core.internal.Bundles - 	Entry: C:\Users\DELL\Downloads\spring-tool-suite-4-4.29.1.RELEASE-e4.35.0-win32.win32.x86_64\sts-4.29.1.RELEASE\plugins\org.eclipse.m2e.maven.runtime_3.9.900.20250220-2013\jars\plexus-utils-3.5.1.jar
2025-08-02 16:56:00,692 [Worker-19: Launching greennest] INFO  o.eclipse.m2e.core.internal.Bundles - 	Entry: C:\Users\DELL\Downloads\spring-tool-suite-4-4.29.1.RELEASE-e4.35.0-win32.win32.x86_64\sts-4.29.1.RELEASE\plugins\org.eclipse.m2e.maven.runtime_3.9.900.20250220-2013\jars\plexus-xml-3.0.1.jar
2025-08-02 16:56:00,693 [Worker-19: Launching greennest] INFO  o.eclipse.m2e.core.internal.Bundles - 	Entry: C:\Users\DELL\Downloads\spring-tool-suite-4-4.29.1.RELEASE-e4.35.0-win32.win32.x86_64\sts-4.29.1.RELEASE\plugins\org.eclipse.m2e.maven.runtime_3.9.900.20250220-2013\jars\wagon-file-3.5.3.jar
2025-08-02 16:56:00,693 [Worker-19: Launching greennest] INFO  o.eclipse.m2e.core.internal.Bundles - 	Entry: C:\Users\DELL\Downloads\spring-tool-suite-4-4.29.1.RELEASE-e4.35.0-win32.win32.x86_64\sts-4.29.1.RELEASE\plugins\org.eclipse.m2e.maven.runtime_3.9.900.20250220-2013\jars\wagon-http-3.5.3.jar
2025-08-02 16:56:00,693 [Worker-19: Launching greennest] INFO  o.eclipse.m2e.core.internal.Bundles - 	Entry: C:\Users\DELL\Downloads\spring-tool-suite-4-4.29.1.RELEASE-e4.35.0-win32.win32.x86_64\sts-4.29.1.RELEASE\plugins\org.eclipse.m2e.maven.runtime_3.9.900.20250220-2013\jars\wagon-http-shared-3.5.3.jar
2025-08-02 16:56:00,693 [Worker-19: Launching greennest] INFO  o.eclipse.m2e.core.internal.Bundles - 	Entry: C:\Users\DELL\Downloads\spring-tool-suite-4-4.29.1.RELEASE-e4.35.0-win32.win32.x86_64\sts-4.29.1.RELEASE\plugins\org.eclipse.m2e.maven.runtime_3.9.900.20250220-2013\jars\wagon-provider-api-3.5.3.jar
2025-08-02 16:56:00,695 [Worker-19: Launching greennest] INFO  o.eclipse.m2e.core.internal.Bundles - getClasspathEntries(Bundle=com.google.guava_33.4.0.jre [29])
2025-08-02 16:56:00,697 [Worker-19: Launching greennest] INFO  o.eclipse.m2e.core.internal.Bundles - 	Entry: C:\Users\DELL\Downloads\spring-tool-suite-4-4.29.1.RELEASE-e4.35.0-win32.win32.x86_64\sts-4.29.1.RELEASE\plugins\com.google.guava_33.4.0.jre.jar
2025-08-02 16:56:00,697 [Worker-19: Launching greennest] INFO  o.eclipse.m2e.core.internal.Bundles - getClasspathEntries(Bundle=slf4j.api_2.0.17 [608])
2025-08-02 16:56:00,697 [Worker-19: Launching greennest] INFO  o.eclipse.m2e.core.internal.Bundles - 	Entry: C:\Users\DELL\Downloads\spring-tool-suite-4-4.29.1.RELEASE-e4.35.0-win32.win32.x86_64\sts-4.29.1.RELEASE\plugins\slf4j.api_2.0.17.jar
2025-08-02 16:56:00,697 [Worker-19: Launching greennest] INFO  o.eclipse.m2e.core.internal.Bundles - getClasspathEntries(Bundle=jakarta.inject.jakarta.inject-api_1.0.5 [45])
2025-08-02 16:56:00,697 [Worker-19: Launching greennest] INFO  o.eclipse.m2e.core.internal.Bundles - 	Entry: C:\Users\DELL\Downloads\spring-tool-suite-4-4.29.1.RELEASE-e4.35.0-win32.win32.x86_64\sts-4.29.1.RELEASE\plugins\jakarta.inject.jakarta.inject-api_1.0.5.jar
2025-08-02 16:56:00,697 [Worker-19: Launching greennest] INFO  o.eclipse.m2e.core.internal.Bundles - getClasspathEntries(Bundle=jakarta.annotation-api_1.3.5 [41])
2025-08-02 16:56:00,698 [Worker-19: Launching greennest] INFO  o.eclipse.m2e.core.internal.Bundles - 	Entry: C:\Users\DELL\Downloads\spring-tool-suite-4-4.29.1.RELEASE-e4.35.0-win32.win32.x86_64\sts-4.29.1.RELEASE\plugins\jakarta.annotation-api_1.3.5.jar
2025-08-02 16:56:00,698 [Worker-19: Launching greennest] INFO  o.eclipse.m2e.core.internal.Bundles - getClasspathEntries(Bundle=org.apache.commons.cli_1.9.0 [77])
2025-08-02 16:56:00,698 [Worker-19: Launching greennest] INFO  o.eclipse.m2e.core.internal.Bundles - 	Entry: C:\Users\DELL\Downloads\spring-tool-suite-4-4.29.1.RELEASE-e4.35.0-win32.win32.x86_64\sts-4.29.1.RELEASE\plugins\org.apache.commons.cli_1.9.0.jar
2025-08-02 16:56:00,698 [Worker-19: Launching greennest] INFO  o.eclipse.m2e.core.internal.Bundles - getClasspathEntries(Bundle=org.apache.commons.commons-codec_1.16.0 [79])
2025-08-02 16:56:00,698 [Worker-19: Launching greennest] INFO  o.eclipse.m2e.core.internal.Bundles - 	Entry: C:\Users\DELL\Downloads\spring-tool-suite-4-4.29.1.RELEASE-e4.35.0-win32.win32.x86_64\sts-4.29.1.RELEASE\plugins\org.apache.commons.commons-codec_1.16.0.jar
2025-08-02 16:56:00,698 [Worker-19: Launching greennest] INFO  o.eclipse.m2e.core.internal.Bundles - getClasspathEntries(Bundle=com.google.guava.failureaccess_1.0.2 [30])
2025-08-02 16:56:00,698 [Worker-19: Launching greennest] INFO  o.eclipse.m2e.core.internal.Bundles - 	Entry: C:\Users\DELL\Downloads\spring-tool-suite-4-4.29.1.RELEASE-e4.35.0-win32.win32.x86_64\sts-4.29.1.RELEASE\plugins\com.google.guava.failureaccess_1.0.2.jar
2025-08-02 16:56:00,701 [Worker-19: Launching greennest] INFO  o.e.m.i.launch.MavenLaunchDelegate - Run build in "C:\Users\DELL\Desktop\Perplexity\backend\greennest":
2025-08-02 16:56:00,701 [Worker-19: Launching greennest] INFO  o.e.m.i.launch.MavenLaunchDelegate -  mvn  -Ppom.xml -B -Dstyle.color=always clean, compile
2025-08-02 16:56:01,011 [Worker-17: Building] INFO  o.a.m.s.f.DefaultMavenResourcesFiltering - Copying 1 resource from src\main\resources to target\classes
2025-08-02 16:56:01,014 [Worker-17: Building] INFO  o.a.m.s.f.DefaultMavenResourcesFiltering - Copying 0 resource from src\main\resources to target\classes
2025-08-02 16:56:01,016 [Worker-17: Building] INFO  o.a.m.s.f.DefaultMavenResourcesFiltering - skip non existing resourceDirectory C:\Users\DELL\Desktop\Perplexity\backend\greennest\src\test\resources
2025-08-02 16:56:17,599 [main] INFO  o.e.m2e.actions.ExecutePomAction - Creating new launch configuration
2025-08-02 16:56:24,707 [Worker-22: Launching greennest (1)] INFO  o.eclipse.m2e.core.internal.Bundles - getClasspathEntries(Bundle=org.eclipse.m2e.maven.runtime_3.9.900.20250220-2013 [361])
2025-08-02 16:56:24,708 [Worker-22: Launching greennest (1)] INFO  o.eclipse.m2e.core.internal.Bundles - 	Entry: C:\Users\DELL\Downloads\spring-tool-suite-4-4.29.1.RELEASE-e4.35.0-win32.win32.x86_64\sts-4.29.1.RELEASE\plugins\org.eclipse.m2e.maven.runtime_3.9.900.20250220-2013
2025-08-02 16:56:24,708 [Worker-22: Launching greennest (1)] INFO  o.eclipse.m2e.core.internal.Bundles - 	Entry: C:\Users\DELL\Downloads\spring-tool-suite-4-4.29.1.RELEASE-e4.35.0-win32.win32.x86_64\sts-4.29.1.RELEASE\plugins\org.eclipse.m2e.maven.runtime_3.9.900.20250220-2013\jars\aopalliance-1.0.jar
2025-08-02 16:56:24,708 [Worker-22: Launching greennest (1)] INFO  o.eclipse.m2e.core.internal.Bundles - 	Entry: C:\Users\DELL\Downloads\spring-tool-suite-4-4.29.1.RELEASE-e4.35.0-win32.win32.x86_64\sts-4.29.1.RELEASE\plugins\org.eclipse.m2e.maven.runtime_3.9.900.20250220-2013\jars\guice-5.1.0.jar
2025-08-02 16:56:24,708 [Worker-22: Launching greennest (1)] INFO  o.eclipse.m2e.core.internal.Bundles - 	Entry: C:\Users\DELL\Downloads\spring-tool-suite-4-4.29.1.RELEASE-e4.35.0-win32.win32.x86_64\sts-4.29.1.RELEASE\plugins\org.eclipse.m2e.maven.runtime_3.9.900.20250220-2013\jars\httpclient-4.5.14.jar
2025-08-02 16:56:24,708 [Worker-22: Launching greennest (1)] INFO  o.eclipse.m2e.core.internal.Bundles - 	Entry: C:\Users\DELL\Downloads\spring-tool-suite-4-4.29.1.RELEASE-e4.35.0-win32.win32.x86_64\sts-4.29.1.RELEASE\plugins\org.eclipse.m2e.maven.runtime_3.9.900.20250220-2013\jars\httpcore-4.4.16.jar
2025-08-02 16:56:24,708 [Worker-22: Launching greennest (1)] INFO  o.eclipse.m2e.core.internal.Bundles - 	Entry: C:\Users\DELL\Downloads\spring-tool-suite-4-4.29.1.RELEASE-e4.35.0-win32.win32.x86_64\sts-4.29.1.RELEASE\plugins\org.eclipse.m2e.maven.runtime_3.9.900.20250220-2013\jars\jansi-2.4.1.jar
2025-08-02 16:56:24,709 [Worker-22: Launching greennest (1)] INFO  o.eclipse.m2e.core.internal.Bundles - 	Entry: C:\Users\DELL\Downloads\spring-tool-suite-4-4.29.1.RELEASE-e4.35.0-win32.win32.x86_64\sts-4.29.1.RELEASE\plugins\org.eclipse.m2e.maven.runtime_3.9.900.20250220-2013\jars\jcl-over-slf4j-1.7.36.jar
2025-08-02 16:56:24,709 [Worker-22: Launching greennest (1)] INFO  o.eclipse.m2e.core.internal.Bundles - 	Entry: C:\Users\DELL\Downloads\spring-tool-suite-4-4.29.1.RELEASE-e4.35.0-win32.win32.x86_64\sts-4.29.1.RELEASE\plugins\org.eclipse.m2e.maven.runtime_3.9.900.20250220-2013\jars\maven-artifact-3.9.9.jar
2025-08-02 16:56:24,709 [Worker-22: Launching greennest (1)] INFO  o.eclipse.m2e.core.internal.Bundles - 	Entry: C:\Users\DELL\Downloads\spring-tool-suite-4-4.29.1.RELEASE-e4.35.0-win32.win32.x86_64\sts-4.29.1.RELEASE\plugins\org.eclipse.m2e.maven.runtime_3.9.900.20250220-2013\jars\maven-builder-support-3.9.9.jar
2025-08-02 16:56:24,709 [Worker-22: Launching greennest (1)] INFO  o.eclipse.m2e.core.internal.Bundles - 	Entry: C:\Users\DELL\Downloads\spring-tool-suite-4-4.29.1.RELEASE-e4.35.0-win32.win32.x86_64\sts-4.29.1.RELEASE\plugins\org.eclipse.m2e.maven.runtime_3.9.900.20250220-2013\jars\maven-compat-3.9.9.jar
2025-08-02 16:56:24,709 [Worker-22: Launching greennest (1)] INFO  o.eclipse.m2e.core.internal.Bundles - 	Entry: C:\Users\DELL\Downloads\spring-tool-suite-4-4.29.1.RELEASE-e4.35.0-win32.win32.x86_64\sts-4.29.1.RELEASE\plugins\org.eclipse.m2e.maven.runtime_3.9.900.20250220-2013\jars\maven-core-3.9.9.jar
2025-08-02 16:56:24,709 [Worker-22: Launching greennest (1)] INFO  o.eclipse.m2e.core.internal.Bundles - 	Entry: C:\Users\DELL\Downloads\spring-tool-suite-4-4.29.1.RELEASE-e4.35.0-win32.win32.x86_64\sts-4.29.1.RELEASE\plugins\org.eclipse.m2e.maven.runtime_3.9.900.20250220-2013\jars\maven-embedder-3.9.9.jar
2025-08-02 16:56:24,709 [Worker-22: Launching greennest (1)] INFO  o.eclipse.m2e.core.internal.Bundles - 	Entry: C:\Users\DELL\Downloads\spring-tool-suite-4-4.29.1.RELEASE-e4.35.0-win32.win32.x86_64\sts-4.29.1.RELEASE\plugins\org.eclipse.m2e.maven.runtime_3.9.900.20250220-2013\jars\maven-model-3.9.9.jar
2025-08-02 16:56:24,709 [Worker-22: Launching greennest (1)] INFO  o.eclipse.m2e.core.internal.Bundles - 	Entry: C:\Users\DELL\Downloads\spring-tool-suite-4-4.29.1.RELEASE-e4.35.0-win32.win32.x86_64\sts-4.29.1.RELEASE\plugins\org.eclipse.m2e.maven.runtime_3.9.900.20250220-2013\jars\maven-model-builder-3.9.9.jar
2025-08-02 16:56:24,709 [Worker-22: Launching greennest (1)] INFO  o.eclipse.m2e.core.internal.Bundles - 	Entry: C:\Users\DELL\Downloads\spring-tool-suite-4-4.29.1.RELEASE-e4.35.0-win32.win32.x86_64\sts-4.29.1.RELEASE\plugins\org.eclipse.m2e.maven.runtime_3.9.900.20250220-2013\jars\maven-plugin-api-3.9.9.jar
2025-08-02 16:56:24,709 [Worker-22: Launching greennest (1)] INFO  o.eclipse.m2e.core.internal.Bundles - 	Entry: C:\Users\DELL\Downloads\spring-tool-suite-4-4.29.1.RELEASE-e4.35.0-win32.win32.x86_64\sts-4.29.1.RELEASE\plugins\org.eclipse.m2e.maven.runtime_3.9.900.20250220-2013\jars\maven-repository-metadata-3.9.9.jar
2025-08-02 16:56:24,709 [Worker-22: Launching greennest (1)] INFO  o.eclipse.m2e.core.internal.Bundles - 	Entry: C:\Users\DELL\Downloads\spring-tool-suite-4-4.29.1.RELEASE-e4.35.0-win32.win32.x86_64\sts-4.29.1.RELEASE\plugins\org.eclipse.m2e.maven.runtime_3.9.900.20250220-2013\jars\maven-resolver-api-1.9.22.jar
2025-08-02 16:56:24,709 [Worker-22: Launching greennest (1)] INFO  o.eclipse.m2e.core.internal.Bundles - 	Entry: C:\Users\DELL\Downloads\spring-tool-suite-4-4.29.1.RELEASE-e4.35.0-win32.win32.x86_64\sts-4.29.1.RELEASE\plugins\org.eclipse.m2e.maven.runtime_3.9.900.20250220-2013\jars\maven-resolver-connector-basic-1.9.22.jar
2025-08-02 16:56:24,709 [Worker-22: Launching greennest (1)] INFO  o.eclipse.m2e.core.internal.Bundles - 	Entry: C:\Users\DELL\Downloads\spring-tool-suite-4-4.29.1.RELEASE-e4.35.0-win32.win32.x86_64\sts-4.29.1.RELEASE\plugins\org.eclipse.m2e.maven.runtime_3.9.900.20250220-2013\jars\maven-resolver-impl-1.9.22.jar
2025-08-02 16:56:24,709 [Worker-22: Launching greennest (1)] INFO  o.eclipse.m2e.core.internal.Bundles - 	Entry: C:\Users\DELL\Downloads\spring-tool-suite-4-4.29.1.RELEASE-e4.35.0-win32.win32.x86_64\sts-4.29.1.RELEASE\plugins\org.eclipse.m2e.maven.runtime_3.9.900.20250220-2013\jars\maven-resolver-named-locks-1.9.22.jar
2025-08-02 16:56:24,710 [Worker-22: Launching greennest (1)] INFO  o.eclipse.m2e.core.internal.Bundles - 	Entry: C:\Users\DELL\Downloads\spring-tool-suite-4-4.29.1.RELEASE-e4.35.0-win32.win32.x86_64\sts-4.29.1.RELEASE\plugins\org.eclipse.m2e.maven.runtime_3.9.900.20250220-2013\jars\maven-resolver-provider-3.9.9.jar
2025-08-02 16:56:24,710 [Worker-22: Launching greennest (1)] INFO  o.eclipse.m2e.core.internal.Bundles - 	Entry: C:\Users\DELL\Downloads\spring-tool-suite-4-4.29.1.RELEASE-e4.35.0-win32.win32.x86_64\sts-4.29.1.RELEASE\plugins\org.eclipse.m2e.maven.runtime_3.9.900.20250220-2013\jars\maven-resolver-spi-1.9.22.jar
2025-08-02 16:56:24,710 [Worker-22: Launching greennest (1)] INFO  o.eclipse.m2e.core.internal.Bundles - 	Entry: C:\Users\DELL\Downloads\spring-tool-suite-4-4.29.1.RELEASE-e4.35.0-win32.win32.x86_64\sts-4.29.1.RELEASE\plugins\org.eclipse.m2e.maven.runtime_3.9.900.20250220-2013\jars\maven-resolver-transport-file-1.9.22.jar
2025-08-02 16:56:24,710 [Worker-22: Launching greennest (1)] INFO  o.eclipse.m2e.core.internal.Bundles - 	Entry: C:\Users\DELL\Downloads\spring-tool-suite-4-4.29.1.RELEASE-e4.35.0-win32.win32.x86_64\sts-4.29.1.RELEASE\plugins\org.eclipse.m2e.maven.runtime_3.9.900.20250220-2013\jars\maven-resolver-transport-http-1.9.22.jar
2025-08-02 16:56:24,710 [Worker-22: Launching greennest (1)] INFO  o.eclipse.m2e.core.internal.Bundles - 	Entry: C:\Users\DELL\Downloads\spring-tool-suite-4-4.29.1.RELEASE-e4.35.0-win32.win32.x86_64\sts-4.29.1.RELEASE\plugins\org.eclipse.m2e.maven.runtime_3.9.900.20250220-2013\jars\maven-resolver-transport-wagon-1.9.22.jar
2025-08-02 16:56:24,710 [Worker-22: Launching greennest (1)] INFO  o.eclipse.m2e.core.internal.Bundles - 	Entry: C:\Users\DELL\Downloads\spring-tool-suite-4-4.29.1.RELEASE-e4.35.0-win32.win32.x86_64\sts-4.29.1.RELEASE\plugins\org.eclipse.m2e.maven.runtime_3.9.900.20250220-2013\jars\maven-resolver-util-1.9.22.jar
2025-08-02 16:56:24,710 [Worker-22: Launching greennest (1)] INFO  o.eclipse.m2e.core.internal.Bundles - 	Entry: C:\Users\DELL\Downloads\spring-tool-suite-4-4.29.1.RELEASE-e4.35.0-win32.win32.x86_64\sts-4.29.1.RELEASE\plugins\org.eclipse.m2e.maven.runtime_3.9.900.20250220-2013\jars\maven-settings-3.9.9.jar
2025-08-02 16:56:24,710 [Worker-22: Launching greennest (1)] INFO  o.eclipse.m2e.core.internal.Bundles - 	Entry: C:\Users\DELL\Downloads\spring-tool-suite-4-4.29.1.RELEASE-e4.35.0-win32.win32.x86_64\sts-4.29.1.RELEASE\plugins\org.eclipse.m2e.maven.runtime_3.9.900.20250220-2013\jars\maven-settings-builder-3.9.9.jar
2025-08-02 16:56:24,710 [Worker-22: Launching greennest (1)] INFO  o.eclipse.m2e.core.internal.Bundles - 	Entry: C:\Users\DELL\Downloads\spring-tool-suite-4-4.29.1.RELEASE-e4.35.0-win32.win32.x86_64\sts-4.29.1.RELEASE\plugins\org.eclipse.m2e.maven.runtime_3.9.900.20250220-2013\jars\maven-shared-utils-3.4.2.jar
2025-08-02 16:56:24,710 [Worker-22: Launching greennest (1)] INFO  o.eclipse.m2e.core.internal.Bundles - 	Entry: C:\Users\DELL\Downloads\spring-tool-suite-4-4.29.1.RELEASE-e4.35.0-win32.win32.x86_64\sts-4.29.1.RELEASE\plugins\org.eclipse.m2e.maven.runtime_3.9.900.20250220-2013\jars\org.eclipse.sisu.inject-0.9.0.M3.jar
2025-08-02 16:56:24,710 [Worker-22: Launching greennest (1)] INFO  o.eclipse.m2e.core.internal.Bundles - 	Entry: C:\Users\DELL\Downloads\spring-tool-suite-4-4.29.1.RELEASE-e4.35.0-win32.win32.x86_64\sts-4.29.1.RELEASE\plugins\org.eclipse.m2e.maven.runtime_3.9.900.20250220-2013\jars\org.eclipse.sisu.plexus-0.9.0.M3.jar
2025-08-02 16:56:24,710 [Worker-22: Launching greennest (1)] INFO  o.eclipse.m2e.core.internal.Bundles - 	Entry: C:\Users\DELL\Downloads\spring-tool-suite-4-4.29.1.RELEASE-e4.35.0-win32.win32.x86_64\sts-4.29.1.RELEASE\plugins\org.eclipse.m2e.maven.runtime_3.9.900.20250220-2013\jars\plexus-build-api-0.0.7.jar
2025-08-02 16:56:24,710 [Worker-22: Launching greennest (1)] INFO  o.eclipse.m2e.core.internal.Bundles - 	Entry: C:\Users\DELL\Downloads\spring-tool-suite-4-4.29.1.RELEASE-e4.35.0-win32.win32.x86_64\sts-4.29.1.RELEASE\plugins\org.eclipse.m2e.maven.runtime_3.9.900.20250220-2013\jars\plexus-build-api-1.2.0.jar
2025-08-02 16:56:24,710 [Worker-22: Launching greennest (1)] INFO  o.eclipse.m2e.core.internal.Bundles - 	Entry: C:\Users\DELL\Downloads\spring-tool-suite-4-4.29.1.RELEASE-e4.35.0-win32.win32.x86_64\sts-4.29.1.RELEASE\plugins\org.eclipse.m2e.maven.runtime_3.9.900.20250220-2013\jars\plexus-cipher-2.0.jar
2025-08-02 16:56:24,711 [Worker-22: Launching greennest (1)] INFO  o.eclipse.m2e.core.internal.Bundles - 	Entry: C:\Users\DELL\Downloads\spring-tool-suite-4-4.29.1.RELEASE-e4.35.0-win32.win32.x86_64\sts-4.29.1.RELEASE\plugins\org.eclipse.m2e.maven.runtime_3.9.900.20250220-2013\jars\plexus-classworlds-2.8.0.jar
2025-08-02 16:56:24,711 [Worker-22: Launching greennest (1)] INFO  o.eclipse.m2e.core.internal.Bundles - 	Entry: C:\Users\DELL\Downloads\spring-tool-suite-4-4.29.1.RELEASE-e4.35.0-win32.win32.x86_64\sts-4.29.1.RELEASE\plugins\org.eclipse.m2e.maven.runtime_3.9.900.20250220-2013\jars\plexus-component-annotations-2.1.0.jar
2025-08-02 16:56:24,711 [Worker-22: Launching greennest (1)] INFO  o.eclipse.m2e.core.internal.Bundles - 	Entry: C:\Users\DELL\Downloads\spring-tool-suite-4-4.29.1.RELEASE-e4.35.0-win32.win32.x86_64\sts-4.29.1.RELEASE\plugins\org.eclipse.m2e.maven.runtime_3.9.900.20250220-2013\jars\plexus-interpolation-1.27.jar
2025-08-02 16:56:24,711 [Worker-22: Launching greennest (1)] INFO  o.eclipse.m2e.core.internal.Bundles - 	Entry: C:\Users\DELL\Downloads\spring-tool-suite-4-4.29.1.RELEASE-e4.35.0-win32.win32.x86_64\sts-4.29.1.RELEASE\plugins\org.eclipse.m2e.maven.runtime_3.9.900.20250220-2013\jars\plexus-sec-dispatcher-2.0.jar
2025-08-02 16:56:24,711 [Worker-22: Launching greennest (1)] INFO  o.eclipse.m2e.core.internal.Bundles - 	Entry: C:\Users\DELL\Downloads\spring-tool-suite-4-4.29.1.RELEASE-e4.35.0-win32.win32.x86_64\sts-4.29.1.RELEASE\plugins\org.eclipse.m2e.maven.runtime_3.9.900.20250220-2013\jars\plexus-utils-3.5.1.jar
2025-08-02 16:56:24,711 [Worker-22: Launching greennest (1)] INFO  o.eclipse.m2e.core.internal.Bundles - 	Entry: C:\Users\DELL\Downloads\spring-tool-suite-4-4.29.1.RELEASE-e4.35.0-win32.win32.x86_64\sts-4.29.1.RELEASE\plugins\org.eclipse.m2e.maven.runtime_3.9.900.20250220-2013\jars\plexus-xml-3.0.1.jar
2025-08-02 16:56:24,711 [Worker-22: Launching greennest (1)] INFO  o.eclipse.m2e.core.internal.Bundles - 	Entry: C:\Users\DELL\Downloads\spring-tool-suite-4-4.29.1.RELEASE-e4.35.0-win32.win32.x86_64\sts-4.29.1.RELEASE\plugins\org.eclipse.m2e.maven.runtime_3.9.900.20250220-2013\jars\wagon-file-3.5.3.jar
2025-08-02 16:56:24,711 [Worker-22: Launching greennest (1)] INFO  o.eclipse.m2e.core.internal.Bundles - 	Entry: C:\Users\DELL\Downloads\spring-tool-suite-4-4.29.1.RELEASE-e4.35.0-win32.win32.x86_64\sts-4.29.1.RELEASE\plugins\org.eclipse.m2e.maven.runtime_3.9.900.20250220-2013\jars\wagon-http-3.5.3.jar
2025-08-02 16:56:24,711 [Worker-22: Launching greennest (1)] INFO  o.eclipse.m2e.core.internal.Bundles - 	Entry: C:\Users\DELL\Downloads\spring-tool-suite-4-4.29.1.RELEASE-e4.35.0-win32.win32.x86_64\sts-4.29.1.RELEASE\plugins\org.eclipse.m2e.maven.runtime_3.9.900.20250220-2013\jars\wagon-http-shared-3.5.3.jar
2025-08-02 16:56:24,711 [Worker-22: Launching greennest (1)] INFO  o.eclipse.m2e.core.internal.Bundles - 	Entry: C:\Users\DELL\Downloads\spring-tool-suite-4-4.29.1.RELEASE-e4.35.0-win32.win32.x86_64\sts-4.29.1.RELEASE\plugins\org.eclipse.m2e.maven.runtime_3.9.900.20250220-2013\jars\wagon-provider-api-3.5.3.jar
2025-08-02 16:56:24,711 [Worker-22: Launching greennest (1)] INFO  o.eclipse.m2e.core.internal.Bundles - getClasspathEntries(Bundle=com.google.guava_33.4.0.jre [29])
2025-08-02 16:56:24,712 [Worker-22: Launching greennest (1)] INFO  o.eclipse.m2e.core.internal.Bundles - 	Entry: C:\Users\DELL\Downloads\spring-tool-suite-4-4.29.1.RELEASE-e4.35.0-win32.win32.x86_64\sts-4.29.1.RELEASE\plugins\com.google.guava_33.4.0.jre.jar
2025-08-02 16:56:24,712 [Worker-22: Launching greennest (1)] INFO  o.eclipse.m2e.core.internal.Bundles - getClasspathEntries(Bundle=slf4j.api_2.0.17 [608])
2025-08-02 16:56:24,712 [Worker-22: Launching greennest (1)] INFO  o.eclipse.m2e.core.internal.Bundles - 	Entry: C:\Users\DELL\Downloads\spring-tool-suite-4-4.29.1.RELEASE-e4.35.0-win32.win32.x86_64\sts-4.29.1.RELEASE\plugins\slf4j.api_2.0.17.jar
2025-08-02 16:56:24,712 [Worker-22: Launching greennest (1)] INFO  o.eclipse.m2e.core.internal.Bundles - getClasspathEntries(Bundle=jakarta.inject.jakarta.inject-api_1.0.5 [45])
2025-08-02 16:56:24,712 [Worker-22: Launching greennest (1)] INFO  o.eclipse.m2e.core.internal.Bundles - 	Entry: C:\Users\DELL\Downloads\spring-tool-suite-4-4.29.1.RELEASE-e4.35.0-win32.win32.x86_64\sts-4.29.1.RELEASE\plugins\jakarta.inject.jakarta.inject-api_1.0.5.jar
2025-08-02 16:56:24,712 [Worker-22: Launching greennest (1)] INFO  o.eclipse.m2e.core.internal.Bundles - getClasspathEntries(Bundle=jakarta.annotation-api_1.3.5 [41])
2025-08-02 16:56:24,712 [Worker-22: Launching greennest (1)] INFO  o.eclipse.m2e.core.internal.Bundles - 	Entry: C:\Users\DELL\Downloads\spring-tool-suite-4-4.29.1.RELEASE-e4.35.0-win32.win32.x86_64\sts-4.29.1.RELEASE\plugins\jakarta.annotation-api_1.3.5.jar
2025-08-02 16:56:24,712 [Worker-22: Launching greennest (1)] INFO  o.eclipse.m2e.core.internal.Bundles - getClasspathEntries(Bundle=org.apache.commons.cli_1.9.0 [77])
2025-08-02 16:56:24,713 [Worker-22: Launching greennest (1)] INFO  o.eclipse.m2e.core.internal.Bundles - 	Entry: C:\Users\DELL\Downloads\spring-tool-suite-4-4.29.1.RELEASE-e4.35.0-win32.win32.x86_64\sts-4.29.1.RELEASE\plugins\org.apache.commons.cli_1.9.0.jar
2025-08-02 16:56:24,713 [Worker-22: Launching greennest (1)] INFO  o.eclipse.m2e.core.internal.Bundles - getClasspathEntries(Bundle=org.apache.commons.commons-codec_1.16.0 [79])
2025-08-02 16:56:24,713 [Worker-22: Launching greennest (1)] INFO  o.eclipse.m2e.core.internal.Bundles - 	Entry: C:\Users\DELL\Downloads\spring-tool-suite-4-4.29.1.RELEASE-e4.35.0-win32.win32.x86_64\sts-4.29.1.RELEASE\plugins\org.apache.commons.commons-codec_1.16.0.jar
2025-08-02 16:56:24,713 [Worker-22: Launching greennest (1)] INFO  o.eclipse.m2e.core.internal.Bundles - getClasspathEntries(Bundle=com.google.guava.failureaccess_1.0.2 [30])
2025-08-02 16:56:24,713 [Worker-22: Launching greennest (1)] INFO  o.eclipse.m2e.core.internal.Bundles - 	Entry: C:\Users\DELL\Downloads\spring-tool-suite-4-4.29.1.RELEASE-e4.35.0-win32.win32.x86_64\sts-4.29.1.RELEASE\plugins\com.google.guava.failureaccess_1.0.2.jar
2025-08-02 16:56:24,714 [Worker-22: Launching greennest (1)] INFO  o.e.m.i.launch.MavenLaunchDelegate - Run build in "C:\Users\DELL\Desktop\Perplexity\backend\greennest":
2025-08-02 16:56:24,714 [Worker-22: Launching greennest (1)] INFO  o.e.m.i.launch.MavenLaunchDelegate -  mvn  -Ppom.xml -B -Dstyle.color=always clean and compile
2025-08-02 16:56:34,749 [main] INFO  o.e.m2e.actions.ExecutePomAction - Creating new launch configuration
2025-08-02 16:56:39,284 [Worker-24: Launching greennest (2)] INFO  o.eclipse.m2e.core.internal.Bundles - getClasspathEntries(Bundle=org.eclipse.m2e.maven.runtime_3.9.900.20250220-2013 [361])
2025-08-02 16:56:39,284 [Worker-24: Launching greennest (2)] INFO  o.eclipse.m2e.core.internal.Bundles - 	Entry: C:\Users\DELL\Downloads\spring-tool-suite-4-4.29.1.RELEASE-e4.35.0-win32.win32.x86_64\sts-4.29.1.RELEASE\plugins\org.eclipse.m2e.maven.runtime_3.9.900.20250220-2013
2025-08-02 16:56:39,285 [Worker-24: Launching greennest (2)] INFO  o.eclipse.m2e.core.internal.Bundles - 	Entry: C:\Users\DELL\Downloads\spring-tool-suite-4-4.29.1.RELEASE-e4.35.0-win32.win32.x86_64\sts-4.29.1.RELEASE\plugins\org.eclipse.m2e.maven.runtime_3.9.900.20250220-2013\jars\aopalliance-1.0.jar
2025-08-02 16:56:39,285 [Worker-24: Launching greennest (2)] INFO  o.eclipse.m2e.core.internal.Bundles - 	Entry: C:\Users\DELL\Downloads\spring-tool-suite-4-4.29.1.RELEASE-e4.35.0-win32.win32.x86_64\sts-4.29.1.RELEASE\plugins\org.eclipse.m2e.maven.runtime_3.9.900.20250220-2013\jars\guice-5.1.0.jar
2025-08-02 16:56:39,285 [Worker-24: Launching greennest (2)] INFO  o.eclipse.m2e.core.internal.Bundles - 	Entry: C:\Users\DELL\Downloads\spring-tool-suite-4-4.29.1.RELEASE-e4.35.0-win32.win32.x86_64\sts-4.29.1.RELEASE\plugins\org.eclipse.m2e.maven.runtime_3.9.900.20250220-2013\jars\httpclient-4.5.14.jar
2025-08-02 16:56:39,285 [Worker-24: Launching greennest (2)] INFO  o.eclipse.m2e.core.internal.Bundles - 	Entry: C:\Users\DELL\Downloads\spring-tool-suite-4-4.29.1.RELEASE-e4.35.0-win32.win32.x86_64\sts-4.29.1.RELEASE\plugins\org.eclipse.m2e.maven.runtime_3.9.900.20250220-2013\jars\httpcore-4.4.16.jar
2025-08-02 16:56:39,285 [Worker-24: Launching greennest (2)] INFO  o.eclipse.m2e.core.internal.Bundles - 	Entry: C:\Users\DELL\Downloads\spring-tool-suite-4-4.29.1.RELEASE-e4.35.0-win32.win32.x86_64\sts-4.29.1.RELEASE\plugins\org.eclipse.m2e.maven.runtime_3.9.900.20250220-2013\jars\jansi-2.4.1.jar
2025-08-02 16:56:39,285 [Worker-24: Launching greennest (2)] INFO  o.eclipse.m2e.core.internal.Bundles - 	Entry: C:\Users\DELL\Downloads\spring-tool-suite-4-4.29.1.RELEASE-e4.35.0-win32.win32.x86_64\sts-4.29.1.RELEASE\plugins\org.eclipse.m2e.maven.runtime_3.9.900.20250220-2013\jars\jcl-over-slf4j-1.7.36.jar
2025-08-02 16:56:39,285 [Worker-24: Launching greennest (2)] INFO  o.eclipse.m2e.core.internal.Bundles - 	Entry: C:\Users\DELL\Downloads\spring-tool-suite-4-4.29.1.RELEASE-e4.35.0-win32.win32.x86_64\sts-4.29.1.RELEASE\plugins\org.eclipse.m2e.maven.runtime_3.9.900.20250220-2013\jars\maven-artifact-3.9.9.jar
2025-08-02 16:56:39,285 [Worker-24: Launching greennest (2)] INFO  o.eclipse.m2e.core.internal.Bundles - 	Entry: C:\Users\DELL\Downloads\spring-tool-suite-4-4.29.1.RELEASE-e4.35.0-win32.win32.x86_64\sts-4.29.1.RELEASE\plugins\org.eclipse.m2e.maven.runtime_3.9.900.20250220-2013\jars\maven-builder-support-3.9.9.jar
2025-08-02 16:56:39,285 [Worker-24: Launching greennest (2)] INFO  o.eclipse.m2e.core.internal.Bundles - 	Entry: C:\Users\DELL\Downloads\spring-tool-suite-4-4.29.1.RELEASE-e4.35.0-win32.win32.x86_64\sts-4.29.1.RELEASE\plugins\org.eclipse.m2e.maven.runtime_3.9.900.20250220-2013\jars\maven-compat-3.9.9.jar
2025-08-02 16:56:39,285 [Worker-24: Launching greennest (2)] INFO  o.eclipse.m2e.core.internal.Bundles - 	Entry: C:\Users\DELL\Downloads\spring-tool-suite-4-4.29.1.RELEASE-e4.35.0-win32.win32.x86_64\sts-4.29.1.RELEASE\plugins\org.eclipse.m2e.maven.runtime_3.9.900.20250220-2013\jars\maven-core-3.9.9.jar
2025-08-02 16:56:39,285 [Worker-24: Launching greennest (2)] INFO  o.eclipse.m2e.core.internal.Bundles - 	Entry: C:\Users\DELL\Downloads\spring-tool-suite-4-4.29.1.RELEASE-e4.35.0-win32.win32.x86_64\sts-4.29.1.RELEASE\plugins\org.eclipse.m2e.maven.runtime_3.9.900.20250220-2013\jars\maven-embedder-3.9.9.jar
2025-08-02 16:56:39,285 [Worker-24: Launching greennest (2)] INFO  o.eclipse.m2e.core.internal.Bundles - 	Entry: C:\Users\DELL\Downloads\spring-tool-suite-4-4.29.1.RELEASE-e4.35.0-win32.win32.x86_64\sts-4.29.1.RELEASE\plugins\org.eclipse.m2e.maven.runtime_3.9.900.20250220-2013\jars\maven-model-3.9.9.jar
2025-08-02 16:56:39,286 [Worker-24: Launching greennest (2)] INFO  o.eclipse.m2e.core.internal.Bundles - 	Entry: C:\Users\DELL\Downloads\spring-tool-suite-4-4.29.1.RELEASE-e4.35.0-win32.win32.x86_64\sts-4.29.1.RELEASE\plugins\org.eclipse.m2e.maven.runtime_3.9.900.20250220-2013\jars\maven-model-builder-3.9.9.jar
2025-08-02 16:56:39,286 [Worker-24: Launching greennest (2)] INFO  o.eclipse.m2e.core.internal.Bundles - 	Entry: C:\Users\DELL\Downloads\spring-tool-suite-4-4.29.1.RELEASE-e4.35.0-win32.win32.x86_64\sts-4.29.1.RELEASE\plugins\org.eclipse.m2e.maven.runtime_3.9.900.20250220-2013\jars\maven-plugin-api-3.9.9.jar
2025-08-02 16:56:39,286 [Worker-24: Launching greennest (2)] INFO  o.eclipse.m2e.core.internal.Bundles - 	Entry: C:\Users\DELL\Downloads\spring-tool-suite-4-4.29.1.RELEASE-e4.35.0-win32.win32.x86_64\sts-4.29.1.RELEASE\plugins\org.eclipse.m2e.maven.runtime_3.9.900.20250220-2013\jars\maven-repository-metadata-3.9.9.jar
2025-08-02 16:56:39,286 [Worker-24: Launching greennest (2)] INFO  o.eclipse.m2e.core.internal.Bundles - 	Entry: C:\Users\DELL\Downloads\spring-tool-suite-4-4.29.1.RELEASE-e4.35.0-win32.win32.x86_64\sts-4.29.1.RELEASE\plugins\org.eclipse.m2e.maven.runtime_3.9.900.20250220-2013\jars\maven-resolver-api-1.9.22.jar
2025-08-02 16:56:39,286 [Worker-24: Launching greennest (2)] INFO  o.eclipse.m2e.core.internal.Bundles - 	Entry: C:\Users\DELL\Downloads\spring-tool-suite-4-4.29.1.RELEASE-e4.35.0-win32.win32.x86_64\sts-4.29.1.RELEASE\plugins\org.eclipse.m2e.maven.runtime_3.9.900.20250220-2013\jars\maven-resolver-connector-basic-1.9.22.jar
2025-08-02 16:56:39,286 [Worker-24: Launching greennest (2)] INFO  o.eclipse.m2e.core.internal.Bundles - 	Entry: C:\Users\DELL\Downloads\spring-tool-suite-4-4.29.1.RELEASE-e4.35.0-win32.win32.x86_64\sts-4.29.1.RELEASE\plugins\org.eclipse.m2e.maven.runtime_3.9.900.20250220-2013\jars\maven-resolver-impl-1.9.22.jar
2025-08-02 16:56:39,286 [Worker-24: Launching greennest (2)] INFO  o.eclipse.m2e.core.internal.Bundles - 	Entry: C:\Users\DELL\Downloads\spring-tool-suite-4-4.29.1.RELEASE-e4.35.0-win32.win32.x86_64\sts-4.29.1.RELEASE\plugins\org.eclipse.m2e.maven.runtime_3.9.900.20250220-2013\jars\maven-resolver-named-locks-1.9.22.jar
2025-08-02 16:56:39,286 [Worker-24: Launching greennest (2)] INFO  o.eclipse.m2e.core.internal.Bundles - 	Entry: C:\Users\DELL\Downloads\spring-tool-suite-4-4.29.1.RELEASE-e4.35.0-win32.win32.x86_64\sts-4.29.1.RELEASE\plugins\org.eclipse.m2e.maven.runtime_3.9.900.20250220-2013\jars\maven-resolver-provider-3.9.9.jar
2025-08-02 16:56:39,286 [Worker-24: Launching greennest (2)] INFO  o.eclipse.m2e.core.internal.Bundles - 	Entry: C:\Users\DELL\Downloads\spring-tool-suite-4-4.29.1.RELEASE-e4.35.0-win32.win32.x86_64\sts-4.29.1.RELEASE\plugins\org.eclipse.m2e.maven.runtime_3.9.900.20250220-2013\jars\maven-resolver-spi-1.9.22.jar
2025-08-02 16:56:39,286 [Worker-24: Launching greennest (2)] INFO  o.eclipse.m2e.core.internal.Bundles - 	Entry: C:\Users\DELL\Downloads\spring-tool-suite-4-4.29.1.RELEASE-e4.35.0-win32.win32.x86_64\sts-4.29.1.RELEASE\plugins\org.eclipse.m2e.maven.runtime_3.9.900.20250220-2013\jars\maven-resolver-transport-file-1.9.22.jar
2025-08-02 16:56:39,286 [Worker-24: Launching greennest (2)] INFO  o.eclipse.m2e.core.internal.Bundles - 	Entry: C:\Users\DELL\Downloads\spring-tool-suite-4-4.29.1.RELEASE-e4.35.0-win32.win32.x86_64\sts-4.29.1.RELEASE\plugins\org.eclipse.m2e.maven.runtime_3.9.900.20250220-2013\jars\maven-resolver-transport-http-1.9.22.jar
2025-08-02 16:56:39,286 [Worker-24: Launching greennest (2)] INFO  o.eclipse.m2e.core.internal.Bundles - 	Entry: C:\Users\DELL\Downloads\spring-tool-suite-4-4.29.1.RELEASE-e4.35.0-win32.win32.x86_64\sts-4.29.1.RELEASE\plugins\org.eclipse.m2e.maven.runtime_3.9.900.20250220-2013\jars\maven-resolver-transport-wagon-1.9.22.jar
2025-08-02 16:56:39,286 [Worker-24: Launching greennest (2)] INFO  o.eclipse.m2e.core.internal.Bundles - 	Entry: C:\Users\DELL\Downloads\spring-tool-suite-4-4.29.1.RELEASE-e4.35.0-win32.win32.x86_64\sts-4.29.1.RELEASE\plugins\org.eclipse.m2e.maven.runtime_3.9.900.20250220-2013\jars\maven-resolver-util-1.9.22.jar
2025-08-02 16:56:39,286 [Worker-24: Launching greennest (2)] INFO  o.eclipse.m2e.core.internal.Bundles - 	Entry: C:\Users\DELL\Downloads\spring-tool-suite-4-4.29.1.RELEASE-e4.35.0-win32.win32.x86_64\sts-4.29.1.RELEASE\plugins\org.eclipse.m2e.maven.runtime_3.9.900.20250220-2013\jars\maven-settings-3.9.9.jar
2025-08-02 16:56:39,286 [Worker-24: Launching greennest (2)] INFO  o.eclipse.m2e.core.internal.Bundles - 	Entry: C:\Users\DELL\Downloads\spring-tool-suite-4-4.29.1.RELEASE-e4.35.0-win32.win32.x86_64\sts-4.29.1.RELEASE\plugins\org.eclipse.m2e.maven.runtime_3.9.900.20250220-2013\jars\maven-settings-builder-3.9.9.jar
2025-08-02 16:56:39,286 [Worker-24: Launching greennest (2)] INFO  o.eclipse.m2e.core.internal.Bundles - 	Entry: C:\Users\DELL\Downloads\spring-tool-suite-4-4.29.1.RELEASE-e4.35.0-win32.win32.x86_64\sts-4.29.1.RELEASE\plugins\org.eclipse.m2e.maven.runtime_3.9.900.20250220-2013\jars\maven-shared-utils-3.4.2.jar
2025-08-02 16:56:39,286 [Worker-24: Launching greennest (2)] INFO  o.eclipse.m2e.core.internal.Bundles - 	Entry: C:\Users\DELL\Downloads\spring-tool-suite-4-4.29.1.RELEASE-e4.35.0-win32.win32.x86_64\sts-4.29.1.RELEASE\plugins\org.eclipse.m2e.maven.runtime_3.9.900.20250220-2013\jars\org.eclipse.sisu.inject-0.9.0.M3.jar
2025-08-02 16:56:39,287 [Worker-24: Launching greennest (2)] INFO  o.eclipse.m2e.core.internal.Bundles - 	Entry: C:\Users\DELL\Downloads\spring-tool-suite-4-4.29.1.RELEASE-e4.35.0-win32.win32.x86_64\sts-4.29.1.RELEASE\plugins\org.eclipse.m2e.maven.runtime_3.9.900.20250220-2013\jars\org.eclipse.sisu.plexus-0.9.0.M3.jar
2025-08-02 16:56:39,287 [Worker-24: Launching greennest (2)] INFO  o.eclipse.m2e.core.internal.Bundles - 	Entry: C:\Users\DELL\Downloads\spring-tool-suite-4-4.29.1.RELEASE-e4.35.0-win32.win32.x86_64\sts-4.29.1.RELEASE\plugins\org.eclipse.m2e.maven.runtime_3.9.900.20250220-2013\jars\plexus-build-api-0.0.7.jar
2025-08-02 16:56:39,287 [Worker-24: Launching greennest (2)] INFO  o.eclipse.m2e.core.internal.Bundles - 	Entry: C:\Users\DELL\Downloads\spring-tool-suite-4-4.29.1.RELEASE-e4.35.0-win32.win32.x86_64\sts-4.29.1.RELEASE\plugins\org.eclipse.m2e.maven.runtime_3.9.900.20250220-2013\jars\plexus-build-api-1.2.0.jar
2025-08-02 16:56:39,287 [Worker-24: Launching greennest (2)] INFO  o.eclipse.m2e.core.internal.Bundles - 	Entry: C:\Users\DELL\Downloads\spring-tool-suite-4-4.29.1.RELEASE-e4.35.0-win32.win32.x86_64\sts-4.29.1.RELEASE\plugins\org.eclipse.m2e.maven.runtime_3.9.900.20250220-2013\jars\plexus-cipher-2.0.jar
2025-08-02 16:56:39,287 [Worker-24: Launching greennest (2)] INFO  o.eclipse.m2e.core.internal.Bundles - 	Entry: C:\Users\DELL\Downloads\spring-tool-suite-4-4.29.1.RELEASE-e4.35.0-win32.win32.x86_64\sts-4.29.1.RELEASE\plugins\org.eclipse.m2e.maven.runtime_3.9.900.20250220-2013\jars\plexus-classworlds-2.8.0.jar
2025-08-02 16:56:39,287 [Worker-24: Launching greennest (2)] INFO  o.eclipse.m2e.core.internal.Bundles - 	Entry: C:\Users\DELL\Downloads\spring-tool-suite-4-4.29.1.RELEASE-e4.35.0-win32.win32.x86_64\sts-4.29.1.RELEASE\plugins\org.eclipse.m2e.maven.runtime_3.9.900.20250220-2013\jars\plexus-component-annotations-2.1.0.jar
2025-08-02 16:56:39,287 [Worker-24: Launching greennest (2)] INFO  o.eclipse.m2e.core.internal.Bundles - 	Entry: C:\Users\DELL\Downloads\spring-tool-suite-4-4.29.1.RELEASE-e4.35.0-win32.win32.x86_64\sts-4.29.1.RELEASE\plugins\org.eclipse.m2e.maven.runtime_3.9.900.20250220-2013\jars\plexus-interpolation-1.27.jar
2025-08-02 16:56:39,287 [Worker-24: Launching greennest (2)] INFO  o.eclipse.m2e.core.internal.Bundles - 	Entry: C:\Users\DELL\Downloads\spring-tool-suite-4-4.29.1.RELEASE-e4.35.0-win32.win32.x86_64\sts-4.29.1.RELEASE\plugins\org.eclipse.m2e.maven.runtime_3.9.900.20250220-2013\jars\plexus-sec-dispatcher-2.0.jar
2025-08-02 16:56:39,287 [Worker-24: Launching greennest (2)] INFO  o.eclipse.m2e.core.internal.Bundles - 	Entry: C:\Users\DELL\Downloads\spring-tool-suite-4-4.29.1.RELEASE-e4.35.0-win32.win32.x86_64\sts-4.29.1.RELEASE\plugins\org.eclipse.m2e.maven.runtime_3.9.900.20250220-2013\jars\plexus-utils-3.5.1.jar
2025-08-02 16:56:39,287 [Worker-24: Launching greennest (2)] INFO  o.eclipse.m2e.core.internal.Bundles - 	Entry: C:\Users\DELL\Downloads\spring-tool-suite-4-4.29.1.RELEASE-e4.35.0-win32.win32.x86_64\sts-4.29.1.RELEASE\plugins\org.eclipse.m2e.maven.runtime_3.9.900.20250220-2013\jars\plexus-xml-3.0.1.jar
2025-08-02 16:56:39,287 [Worker-24: Launching greennest (2)] INFO  o.eclipse.m2e.core.internal.Bundles - 	Entry: C:\Users\DELL\Downloads\spring-tool-suite-4-4.29.1.RELEASE-e4.35.0-win32.win32.x86_64\sts-4.29.1.RELEASE\plugins\org.eclipse.m2e.maven.runtime_3.9.900.20250220-2013\jars\wagon-file-3.5.3.jar
2025-08-02 16:56:39,288 [Worker-24: Launching greennest (2)] INFO  o.eclipse.m2e.core.internal.Bundles - 	Entry: C:\Users\DELL\Downloads\spring-tool-suite-4-4.29.1.RELEASE-e4.35.0-win32.win32.x86_64\sts-4.29.1.RELEASE\plugins\org.eclipse.m2e.maven.runtime_3.9.900.20250220-2013\jars\wagon-http-3.5.3.jar
2025-08-02 16:56:39,288 [Worker-24: Launching greennest (2)] INFO  o.eclipse.m2e.core.internal.Bundles - 	Entry: C:\Users\DELL\Downloads\spring-tool-suite-4-4.29.1.RELEASE-e4.35.0-win32.win32.x86_64\sts-4.29.1.RELEASE\plugins\org.eclipse.m2e.maven.runtime_3.9.900.20250220-2013\jars\wagon-http-shared-3.5.3.jar
2025-08-02 16:56:39,288 [Worker-24: Launching greennest (2)] INFO  o.eclipse.m2e.core.internal.Bundles - 	Entry: C:\Users\DELL\Downloads\spring-tool-suite-4-4.29.1.RELEASE-e4.35.0-win32.win32.x86_64\sts-4.29.1.RELEASE\plugins\org.eclipse.m2e.maven.runtime_3.9.900.20250220-2013\jars\wagon-provider-api-3.5.3.jar
2025-08-02 16:56:39,288 [Worker-24: Launching greennest (2)] INFO  o.eclipse.m2e.core.internal.Bundles - getClasspathEntries(Bundle=com.google.guava_33.4.0.jre [29])
2025-08-02 16:56:39,288 [Worker-24: Launching greennest (2)] INFO  o.eclipse.m2e.core.internal.Bundles - 	Entry: C:\Users\DELL\Downloads\spring-tool-suite-4-4.29.1.RELEASE-e4.35.0-win32.win32.x86_64\sts-4.29.1.RELEASE\plugins\com.google.guava_33.4.0.jre.jar
2025-08-02 16:56:39,288 [Worker-24: Launching greennest (2)] INFO  o.eclipse.m2e.core.internal.Bundles - getClasspathEntries(Bundle=slf4j.api_2.0.17 [608])
2025-08-02 16:56:39,288 [Worker-24: Launching greennest (2)] INFO  o.eclipse.m2e.core.internal.Bundles - 	Entry: C:\Users\DELL\Downloads\spring-tool-suite-4-4.29.1.RELEASE-e4.35.0-win32.win32.x86_64\sts-4.29.1.RELEASE\plugins\slf4j.api_2.0.17.jar
2025-08-02 16:56:39,288 [Worker-24: Launching greennest (2)] INFO  o.eclipse.m2e.core.internal.Bundles - getClasspathEntries(Bundle=jakarta.inject.jakarta.inject-api_1.0.5 [45])
2025-08-02 16:56:39,289 [Worker-24: Launching greennest (2)] INFO  o.eclipse.m2e.core.internal.Bundles - 	Entry: C:\Users\DELL\Downloads\spring-tool-suite-4-4.29.1.RELEASE-e4.35.0-win32.win32.x86_64\sts-4.29.1.RELEASE\plugins\jakarta.inject.jakarta.inject-api_1.0.5.jar
2025-08-02 16:56:39,289 [Worker-24: Launching greennest (2)] INFO  o.eclipse.m2e.core.internal.Bundles - getClasspathEntries(Bundle=jakarta.annotation-api_1.3.5 [41])
2025-08-02 16:56:39,289 [Worker-24: Launching greennest (2)] INFO  o.eclipse.m2e.core.internal.Bundles - 	Entry: C:\Users\DELL\Downloads\spring-tool-suite-4-4.29.1.RELEASE-e4.35.0-win32.win32.x86_64\sts-4.29.1.RELEASE\plugins\jakarta.annotation-api_1.3.5.jar
2025-08-02 16:56:39,289 [Worker-24: Launching greennest (2)] INFO  o.eclipse.m2e.core.internal.Bundles - getClasspathEntries(Bundle=org.apache.commons.cli_1.9.0 [77])
2025-08-02 16:56:39,289 [Worker-24: Launching greennest (2)] INFO  o.eclipse.m2e.core.internal.Bundles - 	Entry: C:\Users\DELL\Downloads\spring-tool-suite-4-4.29.1.RELEASE-e4.35.0-win32.win32.x86_64\sts-4.29.1.RELEASE\plugins\org.apache.commons.cli_1.9.0.jar
2025-08-02 16:56:39,289 [Worker-24: Launching greennest (2)] INFO  o.eclipse.m2e.core.internal.Bundles - getClasspathEntries(Bundle=org.apache.commons.commons-codec_1.16.0 [79])
2025-08-02 16:56:39,289 [Worker-24: Launching greennest (2)] INFO  o.eclipse.m2e.core.internal.Bundles - 	Entry: C:\Users\DELL\Downloads\spring-tool-suite-4-4.29.1.RELEASE-e4.35.0-win32.win32.x86_64\sts-4.29.1.RELEASE\plugins\org.apache.commons.commons-codec_1.16.0.jar
2025-08-02 16:56:39,289 [Worker-24: Launching greennest (2)] INFO  o.eclipse.m2e.core.internal.Bundles - getClasspathEntries(Bundle=com.google.guava.failureaccess_1.0.2 [30])
2025-08-02 16:56:39,290 [Worker-24: Launching greennest (2)] INFO  o.eclipse.m2e.core.internal.Bundles - 	Entry: C:\Users\DELL\Downloads\spring-tool-suite-4-4.29.1.RELEASE-e4.35.0-win32.win32.x86_64\sts-4.29.1.RELEASE\plugins\com.google.guava.failureaccess_1.0.2.jar
2025-08-02 16:56:39,291 [Worker-24: Launching greennest (2)] INFO  o.e.m.i.launch.MavenLaunchDelegate - Run build in "C:\Users\DELL\Desktop\Perplexity\backend\greennest":
2025-08-02 16:56:39,291 [Worker-24: Launching greennest (2)] INFO  o.e.m.i.launch.MavenLaunchDelegate -  mvn  -Ppom.xml -B -Dstyle.color=always clean compile
2025-08-02 16:57:16,013 [Worker-18: Updating Maven Project] INFO  o.e.m.c.i.p.ProjectConfigurationManager - Update started
2025-08-02 16:57:16,244 [Worker-18: Updating Maven Project] INFO  o.e.m.c.i.l.LifecycleMappingFactory - Using org.eclipse.m2e.jdt.JarLifecycleMapping lifecycle mapping for MavenProject: com.greennest:greennest-backend:0.0.1-SNAPSHOT @ C:\Users\DELL\Desktop\Perplexity\backend\greennest\pom.xml.
2025-08-02 16:57:16,731 [Worker-18: Updating Maven Project] INFO  o.e.m.j.i.AbstractJavaProjectConfigurator - Adding source folder /greennest/src/main/java
2025-08-02 16:57:16,731 [Worker-18: Updating Maven Project] INFO  o.e.m.j.i.AbstractJavaProjectConfigurator - Adding resource folder /greennest/src/main/resources
2025-08-02 16:57:16,732 [Worker-18: Updating Maven Project] INFO  o.e.m.j.i.AbstractJavaProjectConfigurator - Adding resource folder /greennest/src/main/resources
2025-08-02 16:57:16,732 [Worker-18: Updating Maven Project] INFO  o.e.m.j.i.AbstractJavaProjectConfigurator - Adding source folder /greennest/src/test/java
2025-08-02 16:57:16,732 [Worker-18: Updating Maven Project] INFO  o.e.m.j.i.AbstractJavaProjectConfigurator - Adding resource folder /greennest/src/test/resources
2025-08-02 16:57:16,923 [Worker-18: Updating Maven Project] INFO  o.e.m.c.i.p.ProjectConfigurationManager - Update completed for 1 poms: local refresh takes 0.00 sec, refresh facades takes 0.00 sec, update config takes 0.00 sec 
2025-08-02 16:57:17,243 [Worker-22: Building] INFO  o.a.m.s.f.DefaultMavenResourcesFiltering - Copying 1 resource from src\main\resources to target\classes
2025-08-02 16:57:17,257 [Worker-22: Building] INFO  o.a.m.s.f.DefaultMavenResourcesFiltering - Copying 0 resource from src\main\resources to target\classes
2025-08-02 16:57:17,262 [Worker-22: Building] INFO  o.a.m.s.f.DefaultMavenResourcesFiltering - skip non existing resourceDirectory C:\Users\DELL\Desktop\Perplexity\backend\greennest\src\test\resources
2025-08-02 16:57:45,739 [Worker-30: Updating Maven Project] INFO  o.e.m.c.i.p.ProjectConfigurationManager - Update started
2025-08-02 16:57:45,946 [Worker-30: Updating Maven Project] INFO  o.e.m.c.i.l.LifecycleMappingFactory - Using org.eclipse.m2e.jdt.JarLifecycleMapping lifecycle mapping for MavenProject: com.greennest:greennest-backend:0.0.1-SNAPSHOT @ C:\Users\DELL\Desktop\Perplexity\backend\greennest\pom.xml.
2025-08-02 16:57:46,334 [Worker-30: Updating Maven Project] INFO  o.e.m.j.i.AbstractJavaProjectConfigurator - Adding source folder /greennest/src/main/java
2025-08-02 16:57:46,334 [Worker-30: Updating Maven Project] INFO  o.e.m.j.i.AbstractJavaProjectConfigurator - Adding resource folder /greennest/src/main/resources
2025-08-02 16:57:46,334 [Worker-30: Updating Maven Project] INFO  o.e.m.j.i.AbstractJavaProjectConfigurator - Adding resource folder /greennest/src/main/resources
2025-08-02 16:57:46,335 [Worker-30: Updating Maven Project] INFO  o.e.m.j.i.AbstractJavaProjectConfigurator - Adding source folder /greennest/src/test/java
2025-08-02 16:57:46,335 [Worker-30: Updating Maven Project] INFO  o.e.m.j.i.AbstractJavaProjectConfigurator - Adding resource folder /greennest/src/test/resources
2025-08-02 16:57:46,547 [Worker-30: Updating Maven Project] INFO  o.e.m.c.i.p.ProjectConfigurationManager - Update completed for 1 poms: local refresh takes 0.00 sec, refresh facades takes 0.00 sec, update config takes 0.00 sec 
2025-08-02 16:57:46,820 [Worker-23: Building] INFO  o.a.m.s.f.DefaultMavenResourcesFiltering - Copying 1 resource from src\main\resources to target\classes
2025-08-02 16:57:46,832 [Worker-23: Building] INFO  o.a.m.s.f.DefaultMavenResourcesFiltering - Copying 0 resource from src\main\resources to target\classes
2025-08-02 16:57:46,836 [Worker-23: Building] INFO  o.a.m.s.f.DefaultMavenResourcesFiltering - skip non existing resourceDirectory C:\Users\DELL\Desktop\Perplexity\backend\greennest\src\test\resources
2025-08-02 16:57:53,121 [main] INFO  o.e.m2e.actions.ExecutePomAction - Creating new launch configuration
2025-08-02 16:58:00,331 [Worker-2: Launching greennest (3)] INFO  o.eclipse.m2e.core.internal.Bundles - getClasspathEntries(Bundle=org.eclipse.m2e.maven.runtime_3.9.900.20250220-2013 [361])
2025-08-02 16:58:00,331 [Worker-2: Launching greennest (3)] INFO  o.eclipse.m2e.core.internal.Bundles - 	Entry: C:\Users\DELL\Downloads\spring-tool-suite-4-4.29.1.RELEASE-e4.35.0-win32.win32.x86_64\sts-4.29.1.RELEASE\plugins\org.eclipse.m2e.maven.runtime_3.9.900.20250220-2013
2025-08-02 16:58:00,331 [Worker-2: Launching greennest (3)] INFO  o.eclipse.m2e.core.internal.Bundles - 	Entry: C:\Users\DELL\Downloads\spring-tool-suite-4-4.29.1.RELEASE-e4.35.0-win32.win32.x86_64\sts-4.29.1.RELEASE\plugins\org.eclipse.m2e.maven.runtime_3.9.900.20250220-2013\jars\aopalliance-1.0.jar
2025-08-02 16:58:00,331 [Worker-2: Launching greennest (3)] INFO  o.eclipse.m2e.core.internal.Bundles - 	Entry: C:\Users\DELL\Downloads\spring-tool-suite-4-4.29.1.RELEASE-e4.35.0-win32.win32.x86_64\sts-4.29.1.RELEASE\plugins\org.eclipse.m2e.maven.runtime_3.9.900.20250220-2013\jars\guice-5.1.0.jar
2025-08-02 16:58:00,331 [Worker-2: Launching greennest (3)] INFO  o.eclipse.m2e.core.internal.Bundles - 	Entry: C:\Users\DELL\Downloads\spring-tool-suite-4-4.29.1.RELEASE-e4.35.0-win32.win32.x86_64\sts-4.29.1.RELEASE\plugins\org.eclipse.m2e.maven.runtime_3.9.900.20250220-2013\jars\httpclient-4.5.14.jar
2025-08-02 16:58:00,332 [Worker-2: Launching greennest (3)] INFO  o.eclipse.m2e.core.internal.Bundles - 	Entry: C:\Users\DELL\Downloads\spring-tool-suite-4-4.29.1.RELEASE-e4.35.0-win32.win32.x86_64\sts-4.29.1.RELEASE\plugins\org.eclipse.m2e.maven.runtime_3.9.900.20250220-2013\jars\httpcore-4.4.16.jar
2025-08-02 16:58:00,332 [Worker-2: Launching greennest (3)] INFO  o.eclipse.m2e.core.internal.Bundles - 	Entry: C:\Users\DELL\Downloads\spring-tool-suite-4-4.29.1.RELEASE-e4.35.0-win32.win32.x86_64\sts-4.29.1.RELEASE\plugins\org.eclipse.m2e.maven.runtime_3.9.900.20250220-2013\jars\jansi-2.4.1.jar
2025-08-02 16:58:00,332 [Worker-2: Launching greennest (3)] INFO  o.eclipse.m2e.core.internal.Bundles - 	Entry: C:\Users\DELL\Downloads\spring-tool-suite-4-4.29.1.RELEASE-e4.35.0-win32.win32.x86_64\sts-4.29.1.RELEASE\plugins\org.eclipse.m2e.maven.runtime_3.9.900.20250220-2013\jars\jcl-over-slf4j-1.7.36.jar
2025-08-02 16:58:00,332 [Worker-2: Launching greennest (3)] INFO  o.eclipse.m2e.core.internal.Bundles - 	Entry: C:\Users\DELL\Downloads\spring-tool-suite-4-4.29.1.RELEASE-e4.35.0-win32.win32.x86_64\sts-4.29.1.RELEASE\plugins\org.eclipse.m2e.maven.runtime_3.9.900.20250220-2013\jars\maven-artifact-3.9.9.jar
2025-08-02 16:58:00,332 [Worker-2: Launching greennest (3)] INFO  o.eclipse.m2e.core.internal.Bundles - 	Entry: C:\Users\DELL\Downloads\spring-tool-suite-4-4.29.1.RELEASE-e4.35.0-win32.win32.x86_64\sts-4.29.1.RELEASE\plugins\org.eclipse.m2e.maven.runtime_3.9.900.20250220-2013\jars\maven-builder-support-3.9.9.jar
2025-08-02 16:58:00,332 [Worker-2: Launching greennest (3)] INFO  o.eclipse.m2e.core.internal.Bundles - 	Entry: C:\Users\DELL\Downloads\spring-tool-suite-4-4.29.1.RELEASE-e4.35.0-win32.win32.x86_64\sts-4.29.1.RELEASE\plugins\org.eclipse.m2e.maven.runtime_3.9.900.20250220-2013\jars\maven-compat-3.9.9.jar
2025-08-02 16:58:00,332 [Worker-2: Launching greennest (3)] INFO  o.eclipse.m2e.core.internal.Bundles - 	Entry: C:\Users\DELL\Downloads\spring-tool-suite-4-4.29.1.RELEASE-e4.35.0-win32.win32.x86_64\sts-4.29.1.RELEASE\plugins\org.eclipse.m2e.maven.runtime_3.9.900.20250220-2013\jars\maven-core-3.9.9.jar
2025-08-02 16:58:00,332 [Worker-2: Launching greennest (3)] INFO  o.eclipse.m2e.core.internal.Bundles - 	Entry: C:\Users\DELL\Downloads\spring-tool-suite-4-4.29.1.RELEASE-e4.35.0-win32.win32.x86_64\sts-4.29.1.RELEASE\plugins\org.eclipse.m2e.maven.runtime_3.9.900.20250220-2013\jars\maven-embedder-3.9.9.jar
2025-08-02 16:58:00,332 [Worker-2: Launching greennest (3)] INFO  o.eclipse.m2e.core.internal.Bundles - 	Entry: C:\Users\DELL\Downloads\spring-tool-suite-4-4.29.1.RELEASE-e4.35.0-win32.win32.x86_64\sts-4.29.1.RELEASE\plugins\org.eclipse.m2e.maven.runtime_3.9.900.20250220-2013\jars\maven-model-3.9.9.jar
2025-08-02 16:58:00,332 [Worker-2: Launching greennest (3)] INFO  o.eclipse.m2e.core.internal.Bundles - 	Entry: C:\Users\DELL\Downloads\spring-tool-suite-4-4.29.1.RELEASE-e4.35.0-win32.win32.x86_64\sts-4.29.1.RELEASE\plugins\org.eclipse.m2e.maven.runtime_3.9.900.20250220-2013\jars\maven-model-builder-3.9.9.jar
2025-08-02 16:58:00,332 [Worker-2: Launching greennest (3)] INFO  o.eclipse.m2e.core.internal.Bundles - 	Entry: C:\Users\DELL\Downloads\spring-tool-suite-4-4.29.1.RELEASE-e4.35.0-win32.win32.x86_64\sts-4.29.1.RELEASE\plugins\org.eclipse.m2e.maven.runtime_3.9.900.20250220-2013\jars\maven-plugin-api-3.9.9.jar
2025-08-02 16:58:00,332 [Worker-2: Launching greennest (3)] INFO  o.eclipse.m2e.core.internal.Bundles - 	Entry: C:\Users\DELL\Downloads\spring-tool-suite-4-4.29.1.RELEASE-e4.35.0-win32.win32.x86_64\sts-4.29.1.RELEASE\plugins\org.eclipse.m2e.maven.runtime_3.9.900.20250220-2013\jars\maven-repository-metadata-3.9.9.jar
2025-08-02 16:58:00,332 [Worker-2: Launching greennest (3)] INFO  o.eclipse.m2e.core.internal.Bundles - 	Entry: C:\Users\DELL\Downloads\spring-tool-suite-4-4.29.1.RELEASE-e4.35.0-win32.win32.x86_64\sts-4.29.1.RELEASE\plugins\org.eclipse.m2e.maven.runtime_3.9.900.20250220-2013\jars\maven-resolver-api-1.9.22.jar
2025-08-02 16:58:00,333 [Worker-2: Launching greennest (3)] INFO  o.eclipse.m2e.core.internal.Bundles - 	Entry: C:\Users\DELL\Downloads\spring-tool-suite-4-4.29.1.RELEASE-e4.35.0-win32.win32.x86_64\sts-4.29.1.RELEASE\plugins\org.eclipse.m2e.maven.runtime_3.9.900.20250220-2013\jars\maven-resolver-connector-basic-1.9.22.jar
2025-08-02 16:58:00,333 [Worker-2: Launching greennest (3)] INFO  o.eclipse.m2e.core.internal.Bundles - 	Entry: C:\Users\DELL\Downloads\spring-tool-suite-4-4.29.1.RELEASE-e4.35.0-win32.win32.x86_64\sts-4.29.1.RELEASE\plugins\org.eclipse.m2e.maven.runtime_3.9.900.20250220-2013\jars\maven-resolver-impl-1.9.22.jar
2025-08-02 16:58:00,333 [Worker-2: Launching greennest (3)] INFO  o.eclipse.m2e.core.internal.Bundles - 	Entry: C:\Users\DELL\Downloads\spring-tool-suite-4-4.29.1.RELEASE-e4.35.0-win32.win32.x86_64\sts-4.29.1.RELEASE\plugins\org.eclipse.m2e.maven.runtime_3.9.900.20250220-2013\jars\maven-resolver-named-locks-1.9.22.jar
2025-08-02 16:58:00,333 [Worker-2: Launching greennest (3)] INFO  o.eclipse.m2e.core.internal.Bundles - 	Entry: C:\Users\DELL\Downloads\spring-tool-suite-4-4.29.1.RELEASE-e4.35.0-win32.win32.x86_64\sts-4.29.1.RELEASE\plugins\org.eclipse.m2e.maven.runtime_3.9.900.20250220-2013\jars\maven-resolver-provider-3.9.9.jar
2025-08-02 16:58:00,333 [Worker-2: Launching greennest (3)] INFO  o.eclipse.m2e.core.internal.Bundles - 	Entry: C:\Users\DELL\Downloads\spring-tool-suite-4-4.29.1.RELEASE-e4.35.0-win32.win32.x86_64\sts-4.29.1.RELEASE\plugins\org.eclipse.m2e.maven.runtime_3.9.900.20250220-2013\jars\maven-resolver-spi-1.9.22.jar
2025-08-02 16:58:00,333 [Worker-2: Launching greennest (3)] INFO  o.eclipse.m2e.core.internal.Bundles - 	Entry: C:\Users\DELL\Downloads\spring-tool-suite-4-4.29.1.RELEASE-e4.35.0-win32.win32.x86_64\sts-4.29.1.RELEASE\plugins\org.eclipse.m2e.maven.runtime_3.9.900.20250220-2013\jars\maven-resolver-transport-file-1.9.22.jar
2025-08-02 16:58:00,333 [Worker-2: Launching greennest (3)] INFO  o.eclipse.m2e.core.internal.Bundles - 	Entry: C:\Users\DELL\Downloads\spring-tool-suite-4-4.29.1.RELEASE-e4.35.0-win32.win32.x86_64\sts-4.29.1.RELEASE\plugins\org.eclipse.m2e.maven.runtime_3.9.900.20250220-2013\jars\maven-resolver-transport-http-1.9.22.jar
2025-08-02 16:58:00,333 [Worker-2: Launching greennest (3)] INFO  o.eclipse.m2e.core.internal.Bundles - 	Entry: C:\Users\DELL\Downloads\spring-tool-suite-4-4.29.1.RELEASE-e4.35.0-win32.win32.x86_64\sts-4.29.1.RELEASE\plugins\org.eclipse.m2e.maven.runtime_3.9.900.20250220-2013\jars\maven-resolver-transport-wagon-1.9.22.jar
2025-08-02 16:58:00,333 [Worker-2: Launching greennest (3)] INFO  o.eclipse.m2e.core.internal.Bundles - 	Entry: C:\Users\DELL\Downloads\spring-tool-suite-4-4.29.1.RELEASE-e4.35.0-win32.win32.x86_64\sts-4.29.1.RELEASE\plugins\org.eclipse.m2e.maven.runtime_3.9.900.20250220-2013\jars\maven-resolver-util-1.9.22.jar
2025-08-02 16:58:00,333 [Worker-2: Launching greennest (3)] INFO  o.eclipse.m2e.core.internal.Bundles - 	Entry: C:\Users\DELL\Downloads\spring-tool-suite-4-4.29.1.RELEASE-e4.35.0-win32.win32.x86_64\sts-4.29.1.RELEASE\plugins\org.eclipse.m2e.maven.runtime_3.9.900.20250220-2013\jars\maven-settings-3.9.9.jar
2025-08-02 16:58:00,333 [Worker-2: Launching greennest (3)] INFO  o.eclipse.m2e.core.internal.Bundles - 	Entry: C:\Users\DELL\Downloads\spring-tool-suite-4-4.29.1.RELEASE-e4.35.0-win32.win32.x86_64\sts-4.29.1.RELEASE\plugins\org.eclipse.m2e.maven.runtime_3.9.900.20250220-2013\jars\maven-settings-builder-3.9.9.jar
2025-08-02 16:58:00,333 [Worker-2: Launching greennest (3)] INFO  o.eclipse.m2e.core.internal.Bundles - 	Entry: C:\Users\DELL\Downloads\spring-tool-suite-4-4.29.1.RELEASE-e4.35.0-win32.win32.x86_64\sts-4.29.1.RELEASE\plugins\org.eclipse.m2e.maven.runtime_3.9.900.20250220-2013\jars\maven-shared-utils-3.4.2.jar
2025-08-02 16:58:00,333 [Worker-2: Launching greennest (3)] INFO  o.eclipse.m2e.core.internal.Bundles - 	Entry: C:\Users\DELL\Downloads\spring-tool-suite-4-4.29.1.RELEASE-e4.35.0-win32.win32.x86_64\sts-4.29.1.RELEASE\plugins\org.eclipse.m2e.maven.runtime_3.9.900.20250220-2013\jars\org.eclipse.sisu.inject-0.9.0.M3.jar
2025-08-02 16:58:00,333 [Worker-2: Launching greennest (3)] INFO  o.eclipse.m2e.core.internal.Bundles - 	Entry: C:\Users\DELL\Downloads\spring-tool-suite-4-4.29.1.RELEASE-e4.35.0-win32.win32.x86_64\sts-4.29.1.RELEASE\plugins\org.eclipse.m2e.maven.runtime_3.9.900.20250220-2013\jars\org.eclipse.sisu.plexus-0.9.0.M3.jar
2025-08-02 16:58:00,334 [Worker-2: Launching greennest (3)] INFO  o.eclipse.m2e.core.internal.Bundles - 	Entry: C:\Users\DELL\Downloads\spring-tool-suite-4-4.29.1.RELEASE-e4.35.0-win32.win32.x86_64\sts-4.29.1.RELEASE\plugins\org.eclipse.m2e.maven.runtime_3.9.900.20250220-2013\jars\plexus-build-api-0.0.7.jar
2025-08-02 16:58:00,334 [Worker-2: Launching greennest (3)] INFO  o.eclipse.m2e.core.internal.Bundles - 	Entry: C:\Users\DELL\Downloads\spring-tool-suite-4-4.29.1.RELEASE-e4.35.0-win32.win32.x86_64\sts-4.29.1.RELEASE\plugins\org.eclipse.m2e.maven.runtime_3.9.900.20250220-2013\jars\plexus-build-api-1.2.0.jar
2025-08-02 16:58:00,334 [Worker-2: Launching greennest (3)] INFO  o.eclipse.m2e.core.internal.Bundles - 	Entry: C:\Users\DELL\Downloads\spring-tool-suite-4-4.29.1.RELEASE-e4.35.0-win32.win32.x86_64\sts-4.29.1.RELEASE\plugins\org.eclipse.m2e.maven.runtime_3.9.900.20250220-2013\jars\plexus-cipher-2.0.jar
2025-08-02 16:58:00,334 [Worker-2: Launching greennest (3)] INFO  o.eclipse.m2e.core.internal.Bundles - 	Entry: C:\Users\DELL\Downloads\spring-tool-suite-4-4.29.1.RELEASE-e4.35.0-win32.win32.x86_64\sts-4.29.1.RELEASE\plugins\org.eclipse.m2e.maven.runtime_3.9.900.20250220-2013\jars\plexus-classworlds-2.8.0.jar
2025-08-02 16:58:00,334 [Worker-2: Launching greennest (3)] INFO  o.eclipse.m2e.core.internal.Bundles - 	Entry: C:\Users\DELL\Downloads\spring-tool-suite-4-4.29.1.RELEASE-e4.35.0-win32.win32.x86_64\sts-4.29.1.RELEASE\plugins\org.eclipse.m2e.maven.runtime_3.9.900.20250220-2013\jars\plexus-component-annotations-2.1.0.jar
2025-08-02 16:58:00,334 [Worker-2: Launching greennest (3)] INFO  o.eclipse.m2e.core.internal.Bundles - 	Entry: C:\Users\DELL\Downloads\spring-tool-suite-4-4.29.1.RELEASE-e4.35.0-win32.win32.x86_64\sts-4.29.1.RELEASE\plugins\org.eclipse.m2e.maven.runtime_3.9.900.20250220-2013\jars\plexus-interpolation-1.27.jar
2025-08-02 16:58:00,334 [Worker-2: Launching greennest (3)] INFO  o.eclipse.m2e.core.internal.Bundles - 	Entry: C:\Users\DELL\Downloads\spring-tool-suite-4-4.29.1.RELEASE-e4.35.0-win32.win32.x86_64\sts-4.29.1.RELEASE\plugins\org.eclipse.m2e.maven.runtime_3.9.900.20250220-2013\jars\plexus-sec-dispatcher-2.0.jar
2025-08-02 16:58:00,334 [Worker-2: Launching greennest (3)] INFO  o.eclipse.m2e.core.internal.Bundles - 	Entry: C:\Users\DELL\Downloads\spring-tool-suite-4-4.29.1.RELEASE-e4.35.0-win32.win32.x86_64\sts-4.29.1.RELEASE\plugins\org.eclipse.m2e.maven.runtime_3.9.900.20250220-2013\jars\plexus-utils-3.5.1.jar
2025-08-02 16:58:00,334 [Worker-2: Launching greennest (3)] INFO  o.eclipse.m2e.core.internal.Bundles - 	Entry: C:\Users\DELL\Downloads\spring-tool-suite-4-4.29.1.RELEASE-e4.35.0-win32.win32.x86_64\sts-4.29.1.RELEASE\plugins\org.eclipse.m2e.maven.runtime_3.9.900.20250220-2013\jars\plexus-xml-3.0.1.jar
2025-08-02 16:58:00,334 [Worker-2: Launching greennest (3)] INFO  o.eclipse.m2e.core.internal.Bundles - 	Entry: C:\Users\DELL\Downloads\spring-tool-suite-4-4.29.1.RELEASE-e4.35.0-win32.win32.x86_64\sts-4.29.1.RELEASE\plugins\org.eclipse.m2e.maven.runtime_3.9.900.20250220-2013\jars\wagon-file-3.5.3.jar
2025-08-02 16:58:00,334 [Worker-2: Launching greennest (3)] INFO  o.eclipse.m2e.core.internal.Bundles - 	Entry: C:\Users\DELL\Downloads\spring-tool-suite-4-4.29.1.RELEASE-e4.35.0-win32.win32.x86_64\sts-4.29.1.RELEASE\plugins\org.eclipse.m2e.maven.runtime_3.9.900.20250220-2013\jars\wagon-http-3.5.3.jar
2025-08-02 16:58:00,334 [Worker-2: Launching greennest (3)] INFO  o.eclipse.m2e.core.internal.Bundles - 	Entry: C:\Users\DELL\Downloads\spring-tool-suite-4-4.29.1.RELEASE-e4.35.0-win32.win32.x86_64\sts-4.29.1.RELEASE\plugins\org.eclipse.m2e.maven.runtime_3.9.900.20250220-2013\jars\wagon-http-shared-3.5.3.jar
2025-08-02 16:58:00,334 [Worker-2: Launching greennest (3)] INFO  o.eclipse.m2e.core.internal.Bundles - 	Entry: C:\Users\DELL\Downloads\spring-tool-suite-4-4.29.1.RELEASE-e4.35.0-win32.win32.x86_64\sts-4.29.1.RELEASE\plugins\org.eclipse.m2e.maven.runtime_3.9.900.20250220-2013\jars\wagon-provider-api-3.5.3.jar
2025-08-02 16:58:00,335 [Worker-2: Launching greennest (3)] INFO  o.eclipse.m2e.core.internal.Bundles - getClasspathEntries(Bundle=com.google.guava_33.4.0.jre [29])
2025-08-02 16:58:00,335 [Worker-2: Launching greennest (3)] INFO  o.eclipse.m2e.core.internal.Bundles - 	Entry: C:\Users\DELL\Downloads\spring-tool-suite-4-4.29.1.RELEASE-e4.35.0-win32.win32.x86_64\sts-4.29.1.RELEASE\plugins\com.google.guava_33.4.0.jre.jar
2025-08-02 16:58:00,335 [Worker-2: Launching greennest (3)] INFO  o.eclipse.m2e.core.internal.Bundles - getClasspathEntries(Bundle=slf4j.api_2.0.17 [608])
2025-08-02 16:58:00,335 [Worker-2: Launching greennest (3)] INFO  o.eclipse.m2e.core.internal.Bundles - 	Entry: C:\Users\DELL\Downloads\spring-tool-suite-4-4.29.1.RELEASE-e4.35.0-win32.win32.x86_64\sts-4.29.1.RELEASE\plugins\slf4j.api_2.0.17.jar
2025-08-02 16:58:00,335 [Worker-2: Launching greennest (3)] INFO  o.eclipse.m2e.core.internal.Bundles - getClasspathEntries(Bundle=jakarta.inject.jakarta.inject-api_1.0.5 [45])
2025-08-02 16:58:00,337 [Worker-2: Launching greennest (3)] INFO  o.eclipse.m2e.core.internal.Bundles - 	Entry: C:\Users\DELL\Downloads\spring-tool-suite-4-4.29.1.RELEASE-e4.35.0-win32.win32.x86_64\sts-4.29.1.RELEASE\plugins\jakarta.inject.jakarta.inject-api_1.0.5.jar
2025-08-02 16:58:00,337 [Worker-2: Launching greennest (3)] INFO  o.eclipse.m2e.core.internal.Bundles - getClasspathEntries(Bundle=jakarta.annotation-api_1.3.5 [41])
2025-08-02 16:58:00,337 [Worker-2: Launching greennest (3)] INFO  o.eclipse.m2e.core.internal.Bundles - 	Entry: C:\Users\DELL\Downloads\spring-tool-suite-4-4.29.1.RELEASE-e4.35.0-win32.win32.x86_64\sts-4.29.1.RELEASE\plugins\jakarta.annotation-api_1.3.5.jar
2025-08-02 16:58:00,337 [Worker-2: Launching greennest (3)] INFO  o.eclipse.m2e.core.internal.Bundles - getClasspathEntries(Bundle=org.apache.commons.cli_1.9.0 [77])
2025-08-02 16:58:00,337 [Worker-2: Launching greennest (3)] INFO  o.eclipse.m2e.core.internal.Bundles - 	Entry: C:\Users\DELL\Downloads\spring-tool-suite-4-4.29.1.RELEASE-e4.35.0-win32.win32.x86_64\sts-4.29.1.RELEASE\plugins\org.apache.commons.cli_1.9.0.jar
2025-08-02 16:58:00,337 [Worker-2: Launching greennest (3)] INFO  o.eclipse.m2e.core.internal.Bundles - getClasspathEntries(Bundle=org.apache.commons.commons-codec_1.16.0 [79])
2025-08-02 16:58:00,337 [Worker-2: Launching greennest (3)] INFO  o.eclipse.m2e.core.internal.Bundles - 	Entry: C:\Users\DELL\Downloads\spring-tool-suite-4-4.29.1.RELEASE-e4.35.0-win32.win32.x86_64\sts-4.29.1.RELEASE\plugins\org.apache.commons.commons-codec_1.16.0.jar
2025-08-02 16:58:00,337 [Worker-2: Launching greennest (3)] INFO  o.eclipse.m2e.core.internal.Bundles - getClasspathEntries(Bundle=com.google.guava.failureaccess_1.0.2 [30])
2025-08-02 16:58:00,338 [Worker-2: Launching greennest (3)] INFO  o.eclipse.m2e.core.internal.Bundles - 	Entry: C:\Users\DELL\Downloads\spring-tool-suite-4-4.29.1.RELEASE-e4.35.0-win32.win32.x86_64\sts-4.29.1.RELEASE\plugins\com.google.guava.failureaccess_1.0.2.jar
2025-08-02 16:58:00,339 [Worker-2: Launching greennest (3)] INFO  o.e.m.i.launch.MavenLaunchDelegate - Run build in "C:\Users\DELL\Desktop\Perplexity\backend\greennest":
2025-08-02 16:58:00,339 [Worker-2: Launching greennest (3)] INFO  o.e.m.i.launch.MavenLaunchDelegate -  mvn  -Ppom.xml -B -Dstyle.color=always clean compile
2025-08-02 16:59:05,799 [Stop Help Server] INFO  org.eclipse.jetty.server.Server - Stopped oejs.Server@334416ed{STOPPING}[12.0.16,sto=0]
2025-08-02 16:59:05,804 [Stop Help Server] INFO  o.e.jetty.server.AbstractConnector - Stopped ServerConnector@7a4e4f3a{HTTP/1.1, (http/1.1)}{127.0.0.1:0}
2025-08-02 16:59:24,172 [Worker-8: Loading available Gradle versions] INFO  o.e.b.c.i.u.g.PublishedGradleVersions - Gradle version information cache is up-to-date. Trying to read.
2025-08-02 17:00:45,715 [Worker-1: Updating Maven Project] INFO  o.e.m.c.i.p.ProjectConfigurationManager - Update started
2025-08-02 17:00:46,431 [Worker-1: Updating Maven Project] INFO  o.e.m.c.i.l.LifecycleMappingFactory - Using org.eclipse.m2e.jdt.JarLifecycleMapping lifecycle mapping for MavenProject: com.greennest:greennest-backend:0.0.1-SNAPSHOT @ C:\Users\DELL\Desktop\Perplexity\backend\greennest\pom.xml.
2025-08-02 17:00:47,681 [Worker-1: Updating Maven Project] INFO  o.e.m.j.i.AbstractJavaProjectConfigurator - Adding source folder /greennest/src/main/java
2025-08-02 17:00:47,683 [Worker-1: Updating Maven Project] INFO  o.e.m.j.i.AbstractJavaProjectConfigurator - Adding resource folder /greennest/src/main/resources
2025-08-02 17:00:47,684 [Worker-1: Updating Maven Project] INFO  o.e.m.j.i.AbstractJavaProjectConfigurator - Adding resource folder /greennest/src/main/resources
2025-08-02 17:00:47,685 [Worker-1: Updating Maven Project] INFO  o.e.m.j.i.AbstractJavaProjectConfigurator - Adding source folder /greennest/src/test/java
2025-08-02 17:00:47,686 [Worker-1: Updating Maven Project] INFO  o.e.m.j.i.AbstractJavaProjectConfigurator - Adding resource folder /greennest/src/test/resources
2025-08-02 17:00:48,075 [Worker-1: Updating Maven Project] INFO  o.e.m.c.i.p.ProjectConfigurationManager - Update completed for 1 poms: local refresh takes 0.00 sec, refresh facades takes 1.00 sec, update config takes 0.00 sec 
2025-08-02 17:00:49,044 [Worker-12: Building] INFO  o.a.m.s.f.DefaultMavenResourcesFiltering - Copying 1 resource from src\main\resources to target\classes
2025-08-02 17:00:49,069 [Worker-12: Building] INFO  o.a.m.s.f.DefaultMavenResourcesFiltering - Copying 0 resource from src\main\resources to target\classes
2025-08-02 17:00:49,077 [Worker-12: Building] INFO  o.a.m.s.f.DefaultMavenResourcesFiltering - skip non existing resourceDirectory C:\Users\DELL\Desktop\Perplexity\backend\greennest\src\test\resources
2025-08-02 17:00:58,267 [main] INFO  o.e.m2e.actions.ExecutePomAction - Creating new launch configuration
2025-08-02 17:01:09,722 [Worker-8: Launching greennest (4)] INFO  o.eclipse.m2e.core.internal.Bundles - getClasspathEntries(Bundle=org.eclipse.m2e.maven.runtime_3.9.900.20250220-2013 [361])
2025-08-02 17:01:09,724 [Worker-8: Launching greennest (4)] INFO  o.eclipse.m2e.core.internal.Bundles - 	Entry: C:\Users\DELL\Downloads\spring-tool-suite-4-4.29.1.RELEASE-e4.35.0-win32.win32.x86_64\sts-4.29.1.RELEASE\plugins\org.eclipse.m2e.maven.runtime_3.9.900.20250220-2013
2025-08-02 17:01:09,724 [Worker-8: Launching greennest (4)] INFO  o.eclipse.m2e.core.internal.Bundles - 	Entry: C:\Users\DELL\Downloads\spring-tool-suite-4-4.29.1.RELEASE-e4.35.0-win32.win32.x86_64\sts-4.29.1.RELEASE\plugins\org.eclipse.m2e.maven.runtime_3.9.900.20250220-2013\jars\aopalliance-1.0.jar
2025-08-02 17:01:09,724 [Worker-8: Launching greennest (4)] INFO  o.eclipse.m2e.core.internal.Bundles - 	Entry: C:\Users\DELL\Downloads\spring-tool-suite-4-4.29.1.RELEASE-e4.35.0-win32.win32.x86_64\sts-4.29.1.RELEASE\plugins\org.eclipse.m2e.maven.runtime_3.9.900.20250220-2013\jars\guice-5.1.0.jar
2025-08-02 17:01:09,725 [Worker-8: Launching greennest (4)] INFO  o.eclipse.m2e.core.internal.Bundles - 	Entry: C:\Users\DELL\Downloads\spring-tool-suite-4-4.29.1.RELEASE-e4.35.0-win32.win32.x86_64\sts-4.29.1.RELEASE\plugins\org.eclipse.m2e.maven.runtime_3.9.900.20250220-2013\jars\httpclient-4.5.14.jar
2025-08-02 17:01:09,725 [Worker-8: Launching greennest (4)] INFO  o.eclipse.m2e.core.internal.Bundles - 	Entry: C:\Users\DELL\Downloads\spring-tool-suite-4-4.29.1.RELEASE-e4.35.0-win32.win32.x86_64\sts-4.29.1.RELEASE\plugins\org.eclipse.m2e.maven.runtime_3.9.900.20250220-2013\jars\httpcore-4.4.16.jar
2025-08-02 17:01:09,725 [Worker-8: Launching greennest (4)] INFO  o.eclipse.m2e.core.internal.Bundles - 	Entry: C:\Users\DELL\Downloads\spring-tool-suite-4-4.29.1.RELEASE-e4.35.0-win32.win32.x86_64\sts-4.29.1.RELEASE\plugins\org.eclipse.m2e.maven.runtime_3.9.900.20250220-2013\jars\jansi-2.4.1.jar
2025-08-02 17:01:09,725 [Worker-8: Launching greennest (4)] INFO  o.eclipse.m2e.core.internal.Bundles - 	Entry: C:\Users\DELL\Downloads\spring-tool-suite-4-4.29.1.RELEASE-e4.35.0-win32.win32.x86_64\sts-4.29.1.RELEASE\plugins\org.eclipse.m2e.maven.runtime_3.9.900.20250220-2013\jars\jcl-over-slf4j-1.7.36.jar
2025-08-02 17:01:09,725 [Worker-8: Launching greennest (4)] INFO  o.eclipse.m2e.core.internal.Bundles - 	Entry: C:\Users\DELL\Downloads\spring-tool-suite-4-4.29.1.RELEASE-e4.35.0-win32.win32.x86_64\sts-4.29.1.RELEASE\plugins\org.eclipse.m2e.maven.runtime_3.9.900.20250220-2013\jars\maven-artifact-3.9.9.jar
2025-08-02 17:01:09,725 [Worker-8: Launching greennest (4)] INFO  o.eclipse.m2e.core.internal.Bundles - 	Entry: C:\Users\DELL\Downloads\spring-tool-suite-4-4.29.1.RELEASE-e4.35.0-win32.win32.x86_64\sts-4.29.1.RELEASE\plugins\org.eclipse.m2e.maven.runtime_3.9.900.20250220-2013\jars\maven-builder-support-3.9.9.jar
2025-08-02 17:01:09,726 [Worker-8: Launching greennest (4)] INFO  o.eclipse.m2e.core.internal.Bundles - 	Entry: C:\Users\DELL\Downloads\spring-tool-suite-4-4.29.1.RELEASE-e4.35.0-win32.win32.x86_64\sts-4.29.1.RELEASE\plugins\org.eclipse.m2e.maven.runtime_3.9.900.20250220-2013\jars\maven-compat-3.9.9.jar
2025-08-02 17:01:09,726 [Worker-8: Launching greennest (4)] INFO  o.eclipse.m2e.core.internal.Bundles - 	Entry: C:\Users\DELL\Downloads\spring-tool-suite-4-4.29.1.RELEASE-e4.35.0-win32.win32.x86_64\sts-4.29.1.RELEASE\plugins\org.eclipse.m2e.maven.runtime_3.9.900.20250220-2013\jars\maven-core-3.9.9.jar
2025-08-02 17:01:09,726 [Worker-8: Launching greennest (4)] INFO  o.eclipse.m2e.core.internal.Bundles - 	Entry: C:\Users\DELL\Downloads\spring-tool-suite-4-4.29.1.RELEASE-e4.35.0-win32.win32.x86_64\sts-4.29.1.RELEASE\plugins\org.eclipse.m2e.maven.runtime_3.9.900.20250220-2013\jars\maven-embedder-3.9.9.jar
2025-08-02 17:01:09,726 [Worker-8: Launching greennest (4)] INFO  o.eclipse.m2e.core.internal.Bundles - 	Entry: C:\Users\DELL\Downloads\spring-tool-suite-4-4.29.1.RELEASE-e4.35.0-win32.win32.x86_64\sts-4.29.1.RELEASE\plugins\org.eclipse.m2e.maven.runtime_3.9.900.20250220-2013\jars\maven-model-3.9.9.jar
2025-08-02 17:01:09,727 [Worker-8: Launching greennest (4)] INFO  o.eclipse.m2e.core.internal.Bundles - 	Entry: C:\Users\DELL\Downloads\spring-tool-suite-4-4.29.1.RELEASE-e4.35.0-win32.win32.x86_64\sts-4.29.1.RELEASE\plugins\org.eclipse.m2e.maven.runtime_3.9.900.20250220-2013\jars\maven-model-builder-3.9.9.jar
2025-08-02 17:01:09,727 [Worker-8: Launching greennest (4)] INFO  o.eclipse.m2e.core.internal.Bundles - 	Entry: C:\Users\DELL\Downloads\spring-tool-suite-4-4.29.1.RELEASE-e4.35.0-win32.win32.x86_64\sts-4.29.1.RELEASE\plugins\org.eclipse.m2e.maven.runtime_3.9.900.20250220-2013\jars\maven-plugin-api-3.9.9.jar
2025-08-02 17:01:09,727 [Worker-8: Launching greennest (4)] INFO  o.eclipse.m2e.core.internal.Bundles - 	Entry: C:\Users\DELL\Downloads\spring-tool-suite-4-4.29.1.RELEASE-e4.35.0-win32.win32.x86_64\sts-4.29.1.RELEASE\plugins\org.eclipse.m2e.maven.runtime_3.9.900.20250220-2013\jars\maven-repository-metadata-3.9.9.jar
2025-08-02 17:01:09,728 [Worker-8: Launching greennest (4)] INFO  o.eclipse.m2e.core.internal.Bundles - 	Entry: C:\Users\DELL\Downloads\spring-tool-suite-4-4.29.1.RELEASE-e4.35.0-win32.win32.x86_64\sts-4.29.1.RELEASE\plugins\org.eclipse.m2e.maven.runtime_3.9.900.20250220-2013\jars\maven-resolver-api-1.9.22.jar
2025-08-02 17:01:09,730 [Worker-8: Launching greennest (4)] INFO  o.eclipse.m2e.core.internal.Bundles - 	Entry: C:\Users\DELL\Downloads\spring-tool-suite-4-4.29.1.RELEASE-e4.35.0-win32.win32.x86_64\sts-4.29.1.RELEASE\plugins\org.eclipse.m2e.maven.runtime_3.9.900.20250220-2013\jars\maven-resolver-connector-basic-1.9.22.jar
2025-08-02 17:01:09,731 [Worker-8: Launching greennest (4)] INFO  o.eclipse.m2e.core.internal.Bundles - 	Entry: C:\Users\DELL\Downloads\spring-tool-suite-4-4.29.1.RELEASE-e4.35.0-win32.win32.x86_64\sts-4.29.1.RELEASE\plugins\org.eclipse.m2e.maven.runtime_3.9.900.20250220-2013\jars\maven-resolver-impl-1.9.22.jar
2025-08-02 17:01:09,731 [Worker-8: Launching greennest (4)] INFO  o.eclipse.m2e.core.internal.Bundles - 	Entry: C:\Users\DELL\Downloads\spring-tool-suite-4-4.29.1.RELEASE-e4.35.0-win32.win32.x86_64\sts-4.29.1.RELEASE\plugins\org.eclipse.m2e.maven.runtime_3.9.900.20250220-2013\jars\maven-resolver-named-locks-1.9.22.jar
2025-08-02 17:01:09,731 [Worker-8: Launching greennest (4)] INFO  o.eclipse.m2e.core.internal.Bundles - 	Entry: C:\Users\DELL\Downloads\spring-tool-suite-4-4.29.1.RELEASE-e4.35.0-win32.win32.x86_64\sts-4.29.1.RELEASE\plugins\org.eclipse.m2e.maven.runtime_3.9.900.20250220-2013\jars\maven-resolver-provider-3.9.9.jar
2025-08-02 17:01:09,731 [Worker-8: Launching greennest (4)] INFO  o.eclipse.m2e.core.internal.Bundles - 	Entry: C:\Users\DELL\Downloads\spring-tool-suite-4-4.29.1.RELEASE-e4.35.0-win32.win32.x86_64\sts-4.29.1.RELEASE\plugins\org.eclipse.m2e.maven.runtime_3.9.900.20250220-2013\jars\maven-resolver-spi-1.9.22.jar
2025-08-02 17:01:09,732 [Worker-8: Launching greennest (4)] INFO  o.eclipse.m2e.core.internal.Bundles - 	Entry: C:\Users\DELL\Downloads\spring-tool-suite-4-4.29.1.RELEASE-e4.35.0-win32.win32.x86_64\sts-4.29.1.RELEASE\plugins\org.eclipse.m2e.maven.runtime_3.9.900.20250220-2013\jars\maven-resolver-transport-file-1.9.22.jar
2025-08-02 17:01:09,732 [Worker-8: Launching greennest (4)] INFO  o.eclipse.m2e.core.internal.Bundles - 	Entry: C:\Users\DELL\Downloads\spring-tool-suite-4-4.29.1.RELEASE-e4.35.0-win32.win32.x86_64\sts-4.29.1.RELEASE\plugins\org.eclipse.m2e.maven.runtime_3.9.900.20250220-2013\jars\maven-resolver-transport-http-1.9.22.jar
2025-08-02 17:01:09,733 [Worker-8: Launching greennest (4)] INFO  o.eclipse.m2e.core.internal.Bundles - 	Entry: C:\Users\DELL\Downloads\spring-tool-suite-4-4.29.1.RELEASE-e4.35.0-win32.win32.x86_64\sts-4.29.1.RELEASE\plugins\org.eclipse.m2e.maven.runtime_3.9.900.20250220-2013\jars\maven-resolver-transport-wagon-1.9.22.jar
2025-08-02 17:01:09,733 [Worker-8: Launching greennest (4)] INFO  o.eclipse.m2e.core.internal.Bundles - 	Entry: C:\Users\DELL\Downloads\spring-tool-suite-4-4.29.1.RELEASE-e4.35.0-win32.win32.x86_64\sts-4.29.1.RELEASE\plugins\org.eclipse.m2e.maven.runtime_3.9.900.20250220-2013\jars\maven-resolver-util-1.9.22.jar
2025-08-02 17:01:09,733 [Worker-8: Launching greennest (4)] INFO  o.eclipse.m2e.core.internal.Bundles - 	Entry: C:\Users\DELL\Downloads\spring-tool-suite-4-4.29.1.RELEASE-e4.35.0-win32.win32.x86_64\sts-4.29.1.RELEASE\plugins\org.eclipse.m2e.maven.runtime_3.9.900.20250220-2013\jars\maven-settings-3.9.9.jar
2025-08-02 17:01:09,733 [Worker-8: Launching greennest (4)] INFO  o.eclipse.m2e.core.internal.Bundles - 	Entry: C:\Users\DELL\Downloads\spring-tool-suite-4-4.29.1.RELEASE-e4.35.0-win32.win32.x86_64\sts-4.29.1.RELEASE\plugins\org.eclipse.m2e.maven.runtime_3.9.900.20250220-2013\jars\maven-settings-builder-3.9.9.jar
2025-08-02 17:01:09,733 [Worker-8: Launching greennest (4)] INFO  o.eclipse.m2e.core.internal.Bundles - 	Entry: C:\Users\DELL\Downloads\spring-tool-suite-4-4.29.1.RELEASE-e4.35.0-win32.win32.x86_64\sts-4.29.1.RELEASE\plugins\org.eclipse.m2e.maven.runtime_3.9.900.20250220-2013\jars\maven-shared-utils-3.4.2.jar
2025-08-02 17:01:09,734 [Worker-8: Launching greennest (4)] INFO  o.eclipse.m2e.core.internal.Bundles - 	Entry: C:\Users\DELL\Downloads\spring-tool-suite-4-4.29.1.RELEASE-e4.35.0-win32.win32.x86_64\sts-4.29.1.RELEASE\plugins\org.eclipse.m2e.maven.runtime_3.9.900.20250220-2013\jars\org.eclipse.sisu.inject-0.9.0.M3.jar
2025-08-02 17:01:09,734 [Worker-8: Launching greennest (4)] INFO  o.eclipse.m2e.core.internal.Bundles - 	Entry: C:\Users\DELL\Downloads\spring-tool-suite-4-4.29.1.RELEASE-e4.35.0-win32.win32.x86_64\sts-4.29.1.RELEASE\plugins\org.eclipse.m2e.maven.runtime_3.9.900.20250220-2013\jars\org.eclipse.sisu.plexus-0.9.0.M3.jar
2025-08-02 17:01:09,734 [Worker-8: Launching greennest (4)] INFO  o.eclipse.m2e.core.internal.Bundles - 	Entry: C:\Users\DELL\Downloads\spring-tool-suite-4-4.29.1.RELEASE-e4.35.0-win32.win32.x86_64\sts-4.29.1.RELEASE\plugins\org.eclipse.m2e.maven.runtime_3.9.900.20250220-2013\jars\plexus-build-api-0.0.7.jar
2025-08-02 17:01:09,734 [Worker-8: Launching greennest (4)] INFO  o.eclipse.m2e.core.internal.Bundles - 	Entry: C:\Users\DELL\Downloads\spring-tool-suite-4-4.29.1.RELEASE-e4.35.0-win32.win32.x86_64\sts-4.29.1.RELEASE\plugins\org.eclipse.m2e.maven.runtime_3.9.900.20250220-2013\jars\plexus-build-api-1.2.0.jar
2025-08-02 17:01:09,735 [Worker-8: Launching greennest (4)] INFO  o.eclipse.m2e.core.internal.Bundles - 	Entry: C:\Users\DELL\Downloads\spring-tool-suite-4-4.29.1.RELEASE-e4.35.0-win32.win32.x86_64\sts-4.29.1.RELEASE\plugins\org.eclipse.m2e.maven.runtime_3.9.900.20250220-2013\jars\plexus-cipher-2.0.jar
2025-08-02 17:01:09,735 [Worker-8: Launching greennest (4)] INFO  o.eclipse.m2e.core.internal.Bundles - 	Entry: C:\Users\DELL\Downloads\spring-tool-suite-4-4.29.1.RELEASE-e4.35.0-win32.win32.x86_64\sts-4.29.1.RELEASE\plugins\org.eclipse.m2e.maven.runtime_3.9.900.20250220-2013\jars\plexus-classworlds-2.8.0.jar
2025-08-02 17:01:09,735 [Worker-8: Launching greennest (4)] INFO  o.eclipse.m2e.core.internal.Bundles - 	Entry: C:\Users\DELL\Downloads\spring-tool-suite-4-4.29.1.RELEASE-e4.35.0-win32.win32.x86_64\sts-4.29.1.RELEASE\plugins\org.eclipse.m2e.maven.runtime_3.9.900.20250220-2013\jars\plexus-component-annotations-2.1.0.jar
2025-08-02 17:01:09,735 [Worker-8: Launching greennest (4)] INFO  o.eclipse.m2e.core.internal.Bundles - 	Entry: C:\Users\DELL\Downloads\spring-tool-suite-4-4.29.1.RELEASE-e4.35.0-win32.win32.x86_64\sts-4.29.1.RELEASE\plugins\org.eclipse.m2e.maven.runtime_3.9.900.20250220-2013\jars\plexus-interpolation-1.27.jar
2025-08-02 17:01:09,735 [Worker-8: Launching greennest (4)] INFO  o.eclipse.m2e.core.internal.Bundles - 	Entry: C:\Users\DELL\Downloads\spring-tool-suite-4-4.29.1.RELEASE-e4.35.0-win32.win32.x86_64\sts-4.29.1.RELEASE\plugins\org.eclipse.m2e.maven.runtime_3.9.900.20250220-2013\jars\plexus-sec-dispatcher-2.0.jar
2025-08-02 17:01:09,736 [Worker-8: Launching greennest (4)] INFO  o.eclipse.m2e.core.internal.Bundles - 	Entry: C:\Users\DELL\Downloads\spring-tool-suite-4-4.29.1.RELEASE-e4.35.0-win32.win32.x86_64\sts-4.29.1.RELEASE\plugins\org.eclipse.m2e.maven.runtime_3.9.900.20250220-2013\jars\plexus-utils-3.5.1.jar
2025-08-02 17:01:09,736 [Worker-8: Launching greennest (4)] INFO  o.eclipse.m2e.core.internal.Bundles - 	Entry: C:\Users\DELL\Downloads\spring-tool-suite-4-4.29.1.RELEASE-e4.35.0-win32.win32.x86_64\sts-4.29.1.RELEASE\plugins\org.eclipse.m2e.maven.runtime_3.9.900.20250220-2013\jars\plexus-xml-3.0.1.jar
2025-08-02 17:01:09,736 [Worker-8: Launching greennest (4)] INFO  o.eclipse.m2e.core.internal.Bundles - 	Entry: C:\Users\DELL\Downloads\spring-tool-suite-4-4.29.1.RELEASE-e4.35.0-win32.win32.x86_64\sts-4.29.1.RELEASE\plugins\org.eclipse.m2e.maven.runtime_3.9.900.20250220-2013\jars\wagon-file-3.5.3.jar
2025-08-02 17:01:09,736 [Worker-8: Launching greennest (4)] INFO  o.eclipse.m2e.core.internal.Bundles - 	Entry: C:\Users\DELL\Downloads\spring-tool-suite-4-4.29.1.RELEASE-e4.35.0-win32.win32.x86_64\sts-4.29.1.RELEASE\plugins\org.eclipse.m2e.maven.runtime_3.9.900.20250220-2013\jars\wagon-http-3.5.3.jar
2025-08-02 17:01:09,736 [Worker-8: Launching greennest (4)] INFO  o.eclipse.m2e.core.internal.Bundles - 	Entry: C:\Users\DELL\Downloads\spring-tool-suite-4-4.29.1.RELEASE-e4.35.0-win32.win32.x86_64\sts-4.29.1.RELEASE\plugins\org.eclipse.m2e.maven.runtime_3.9.900.20250220-2013\jars\wagon-http-shared-3.5.3.jar
2025-08-02 17:01:09,737 [Worker-8: Launching greennest (4)] INFO  o.eclipse.m2e.core.internal.Bundles - 	Entry: C:\Users\DELL\Downloads\spring-tool-suite-4-4.29.1.RELEASE-e4.35.0-win32.win32.x86_64\sts-4.29.1.RELEASE\plugins\org.eclipse.m2e.maven.runtime_3.9.900.20250220-2013\jars\wagon-provider-api-3.5.3.jar
2025-08-02 17:01:09,739 [Worker-8: Launching greennest (4)] INFO  o.eclipse.m2e.core.internal.Bundles - getClasspathEntries(Bundle=com.google.guava_33.4.0.jre [29])
2025-08-02 17:01:09,740 [Worker-8: Launching greennest (4)] INFO  o.eclipse.m2e.core.internal.Bundles - 	Entry: C:\Users\DELL\Downloads\spring-tool-suite-4-4.29.1.RELEASE-e4.35.0-win32.win32.x86_64\sts-4.29.1.RELEASE\plugins\com.google.guava_33.4.0.jre.jar
2025-08-02 17:01:09,740 [Worker-8: Launching greennest (4)] INFO  o.eclipse.m2e.core.internal.Bundles - getClasspathEntries(Bundle=slf4j.api_2.0.17 [608])
2025-08-02 17:01:09,741 [Worker-8: Launching greennest (4)] INFO  o.eclipse.m2e.core.internal.Bundles - 	Entry: C:\Users\DELL\Downloads\spring-tool-suite-4-4.29.1.RELEASE-e4.35.0-win32.win32.x86_64\sts-4.29.1.RELEASE\plugins\slf4j.api_2.0.17.jar
2025-08-02 17:01:09,741 [Worker-8: Launching greennest (4)] INFO  o.eclipse.m2e.core.internal.Bundles - getClasspathEntries(Bundle=jakarta.inject.jakarta.inject-api_1.0.5 [45])
2025-08-02 17:01:09,741 [Worker-8: Launching greennest (4)] INFO  o.eclipse.m2e.core.internal.Bundles - 	Entry: C:\Users\DELL\Downloads\spring-tool-suite-4-4.29.1.RELEASE-e4.35.0-win32.win32.x86_64\sts-4.29.1.RELEASE\plugins\jakarta.inject.jakarta.inject-api_1.0.5.jar
2025-08-02 17:01:09,741 [Worker-8: Launching greennest (4)] INFO  o.eclipse.m2e.core.internal.Bundles - getClasspathEntries(Bundle=jakarta.annotation-api_1.3.5 [41])
2025-08-02 17:01:09,741 [Worker-8: Launching greennest (4)] INFO  o.eclipse.m2e.core.internal.Bundles - 	Entry: C:\Users\DELL\Downloads\spring-tool-suite-4-4.29.1.RELEASE-e4.35.0-win32.win32.x86_64\sts-4.29.1.RELEASE\plugins\jakarta.annotation-api_1.3.5.jar
2025-08-02 17:01:09,741 [Worker-8: Launching greennest (4)] INFO  o.eclipse.m2e.core.internal.Bundles - getClasspathEntries(Bundle=org.apache.commons.cli_1.9.0 [77])
2025-08-02 17:01:09,742 [Worker-8: Launching greennest (4)] INFO  o.eclipse.m2e.core.internal.Bundles - 	Entry: C:\Users\DELL\Downloads\spring-tool-suite-4-4.29.1.RELEASE-e4.35.0-win32.win32.x86_64\sts-4.29.1.RELEASE\plugins\org.apache.commons.cli_1.9.0.jar
2025-08-02 17:01:09,742 [Worker-8: Launching greennest (4)] INFO  o.eclipse.m2e.core.internal.Bundles - getClasspathEntries(Bundle=org.apache.commons.commons-codec_1.16.0 [79])
2025-08-02 17:01:09,742 [Worker-8: Launching greennest (4)] INFO  o.eclipse.m2e.core.internal.Bundles - 	Entry: C:\Users\DELL\Downloads\spring-tool-suite-4-4.29.1.RELEASE-e4.35.0-win32.win32.x86_64\sts-4.29.1.RELEASE\plugins\org.apache.commons.commons-codec_1.16.0.jar
2025-08-02 17:01:09,742 [Worker-8: Launching greennest (4)] INFO  o.eclipse.m2e.core.internal.Bundles - getClasspathEntries(Bundle=com.google.guava.failureaccess_1.0.2 [30])
2025-08-02 17:01:09,743 [Worker-8: Launching greennest (4)] INFO  o.eclipse.m2e.core.internal.Bundles - 	Entry: C:\Users\DELL\Downloads\spring-tool-suite-4-4.29.1.RELEASE-e4.35.0-win32.win32.x86_64\sts-4.29.1.RELEASE\plugins\com.google.guava.failureaccess_1.0.2.jar
2025-08-02 17:01:09,749 [Worker-8: Launching greennest (4)] INFO  o.e.m.i.launch.MavenLaunchDelegate - Run build in "C:\Users\DELL\Desktop\Perplexity\backend\greennest":
2025-08-02 17:01:09,754 [Worker-8: Launching greennest (4)] INFO  o.e.m.i.launch.MavenLaunchDelegate -  mvn  -Ppom.xml -B -Dstyle.color=always clean compile
2025-08-02 17:01:10,337 [Worker-3: Building] INFO  o.e.m.c.i.l.LifecycleMappingFactory - Using org.eclipse.m2e.jdt.JarLifecycleMapping lifecycle mapping for MavenProject: com.greennest:greennest-backend:0.0.1-SNAPSHOT @ C:\Users\DELL\Desktop\Perplexity\backend\greennest\pom.xml.
2025-08-02 17:01:11,168 [Worker-3: Building] INFO  o.a.m.s.f.DefaultMavenResourcesFiltering - Copying 0 resource from src\main\resources to target\classes
2025-08-02 17:01:11,169 [Worker-3: Building] INFO  o.a.m.s.f.DefaultMavenResourcesFiltering - Copying 0 resource from src\main\resources to target\classes
2025-08-02 17:01:11,175 [Worker-3: Building] INFO  o.a.m.s.f.DefaultMavenResourcesFiltering - skip non existing resourceDirectory C:\Users\DELL\Desktop\Perplexity\backend\greennest\src\test\resources
2025-08-02 17:03:18,608 [Worker-0: Building] INFO  o.e.m.c.i.l.LifecycleMappingFactory - Using org.eclipse.m2e.jdt.JarLifecycleMapping lifecycle mapping for MavenProject: com.greennest:greennest-backend:0.0.1-SNAPSHOT @ C:\Users\DELL\Desktop\Perplexity\backend\greennest\pom.xml.
2025-08-02 17:03:19,265 [Worker-0: Building] INFO  o.a.m.s.f.DefaultMavenResourcesFiltering - Copying 0 resource from src\main\resources to target\classes
2025-08-02 17:03:19,266 [Worker-0: Building] INFO  o.a.m.s.f.DefaultMavenResourcesFiltering - Copying 0 resource from src\main\resources to target\classes
2025-08-02 17:03:19,269 [Worker-0: Building] INFO  o.a.m.s.f.DefaultMavenResourcesFiltering - skip non existing resourceDirectory C:\Users\DELL\Desktop\Perplexity\backend\greennest\src\test\resources
2025-08-02 17:03:20,583 [Worker-21: Building] INFO  o.a.m.s.f.DefaultMavenResourcesFiltering - Copying 1 resource from src\main\resources to target\classes
2025-08-02 17:03:20,604 [Worker-21: Building] INFO  o.a.m.s.f.DefaultMavenResourcesFiltering - Copying 0 resource from src\main\resources to target\classes
2025-08-02 17:03:20,608 [Worker-21: Building] INFO  o.a.m.s.f.DefaultMavenResourcesFiltering - skip non existing resourceDirectory C:\Users\DELL\Desktop\Perplexity\backend\greennest\src\test\resources
2025-08-02 17:03:54,308 [Start Help Server] INFO  org.eclipse.jetty.server.Server - jetty-12.0.16; built: 2024-12-09T21:02:54.535Z; git: c3f88bafb4e393f23204dc14dc57b042e84debc7; jvm 21.0.6+7-LTS
2025-08-02 17:03:54,369 [Start Help Server] INFO  o.e.j.server.handler.ContextHandler - Started oeje8n.ContextHandler$CoreContextHandler@7fe78e9d{/help,/help,b=null,a=AVAILABLE,h=oeje8n.ContextHandler$CoreContextHandler$CoreToNestedHandler@6af2c7b7{STARTED}}
2025-08-02 17:03:54,369 [Start Help Server] INFO  o.e.j.s.DefaultSessionIdManager - Session workerName=node0
2025-08-02 17:03:54,412 [Start Help Server] INFO  o.e.jetty.server.AbstractConnector - Started ServerConnector@2f46864b{HTTP/1.1, (http/1.1)}{127.0.0.1:63251}
2025-08-02 17:03:54,439 [Start Help Server] INFO  org.eclipse.jetty.server.Server - Started oejs.Server@4c6b4a11{STARTING}[12.0.16,sto=0] @285417ms
2025-08-02 17:05:07,620 [Worker-13: Launching Executing clean in C__Users_DELL_Desktop_Perplexity_backend_greennest] INFO  o.eclipse.m2e.core.internal.Bundles - getClasspathEntries(Bundle=org.eclipse.m2e.maven.runtime_3.9.900.20250220-2013 [361])
2025-08-02 17:05:07,621 [Worker-13: Launching Executing clean in C__Users_DELL_Desktop_Perplexity_backend_greennest] INFO  o.eclipse.m2e.core.internal.Bundles - 	Entry: C:\Users\DELL\Downloads\spring-tool-suite-4-4.29.1.RELEASE-e4.35.0-win32.win32.x86_64\sts-4.29.1.RELEASE\plugins\org.eclipse.m2e.maven.runtime_3.9.900.20250220-2013
2025-08-02 17:05:07,622 [Worker-13: Launching Executing clean in C__Users_DELL_Desktop_Perplexity_backend_greennest] INFO  o.eclipse.m2e.core.internal.Bundles - 	Entry: C:\Users\DELL\Downloads\spring-tool-suite-4-4.29.1.RELEASE-e4.35.0-win32.win32.x86_64\sts-4.29.1.RELEASE\plugins\org.eclipse.m2e.maven.runtime_3.9.900.20250220-2013\jars\aopalliance-1.0.jar
2025-08-02 17:05:07,622 [Worker-13: Launching Executing clean in C__Users_DELL_Desktop_Perplexity_backend_greennest] INFO  o.eclipse.m2e.core.internal.Bundles - 	Entry: C:\Users\DELL\Downloads\spring-tool-suite-4-4.29.1.RELEASE-e4.35.0-win32.win32.x86_64\sts-4.29.1.RELEASE\plugins\org.eclipse.m2e.maven.runtime_3.9.900.20250220-2013\jars\guice-5.1.0.jar
2025-08-02 17:05:07,622 [Worker-13: Launching Executing clean in C__Users_DELL_Desktop_Perplexity_backend_greennest] INFO  o.eclipse.m2e.core.internal.Bundles - 	Entry: C:\Users\DELL\Downloads\spring-tool-suite-4-4.29.1.RELEASE-e4.35.0-win32.win32.x86_64\sts-4.29.1.RELEASE\plugins\org.eclipse.m2e.maven.runtime_3.9.900.20250220-2013\jars\httpclient-4.5.14.jar
2025-08-02 17:05:07,622 [Worker-13: Launching Executing clean in C__Users_DELL_Desktop_Perplexity_backend_greennest] INFO  o.eclipse.m2e.core.internal.Bundles - 	Entry: C:\Users\DELL\Downloads\spring-tool-suite-4-4.29.1.RELEASE-e4.35.0-win32.win32.x86_64\sts-4.29.1.RELEASE\plugins\org.eclipse.m2e.maven.runtime_3.9.900.20250220-2013\jars\httpcore-4.4.16.jar
2025-08-02 17:05:07,622 [Worker-13: Launching Executing clean in C__Users_DELL_Desktop_Perplexity_backend_greennest] INFO  o.eclipse.m2e.core.internal.Bundles - 	Entry: C:\Users\DELL\Downloads\spring-tool-suite-4-4.29.1.RELEASE-e4.35.0-win32.win32.x86_64\sts-4.29.1.RELEASE\plugins\org.eclipse.m2e.maven.runtime_3.9.900.20250220-2013\jars\jansi-2.4.1.jar
2025-08-02 17:05:07,622 [Worker-13: Launching Executing clean in C__Users_DELL_Desktop_Perplexity_backend_greennest] INFO  o.eclipse.m2e.core.internal.Bundles - 	Entry: C:\Users\DELL\Downloads\spring-tool-suite-4-4.29.1.RELEASE-e4.35.0-win32.win32.x86_64\sts-4.29.1.RELEASE\plugins\org.eclipse.m2e.maven.runtime_3.9.900.20250220-2013\jars\jcl-over-slf4j-1.7.36.jar
2025-08-02 17:05:07,623 [Worker-13: Launching Executing clean in C__Users_DELL_Desktop_Perplexity_backend_greennest] INFO  o.eclipse.m2e.core.internal.Bundles - 	Entry: C:\Users\DELL\Downloads\spring-tool-suite-4-4.29.1.RELEASE-e4.35.0-win32.win32.x86_64\sts-4.29.1.RELEASE\plugins\org.eclipse.m2e.maven.runtime_3.9.900.20250220-2013\jars\maven-artifact-3.9.9.jar
2025-08-02 17:05:07,623 [Worker-13: Launching Executing clean in C__Users_DELL_Desktop_Perplexity_backend_greennest] INFO  o.eclipse.m2e.core.internal.Bundles - 	Entry: C:\Users\DELL\Downloads\spring-tool-suite-4-4.29.1.RELEASE-e4.35.0-win32.win32.x86_64\sts-4.29.1.RELEASE\plugins\org.eclipse.m2e.maven.runtime_3.9.900.20250220-2013\jars\maven-builder-support-3.9.9.jar
2025-08-02 17:05:07,623 [Worker-13: Launching Executing clean in C__Users_DELL_Desktop_Perplexity_backend_greennest] INFO  o.eclipse.m2e.core.internal.Bundles - 	Entry: C:\Users\DELL\Downloads\spring-tool-suite-4-4.29.1.RELEASE-e4.35.0-win32.win32.x86_64\sts-4.29.1.RELEASE\plugins\org.eclipse.m2e.maven.runtime_3.9.900.20250220-2013\jars\maven-compat-3.9.9.jar
2025-08-02 17:05:07,623 [Worker-13: Launching Executing clean in C__Users_DELL_Desktop_Perplexity_backend_greennest] INFO  o.eclipse.m2e.core.internal.Bundles - 	Entry: C:\Users\DELL\Downloads\spring-tool-suite-4-4.29.1.RELEASE-e4.35.0-win32.win32.x86_64\sts-4.29.1.RELEASE\plugins\org.eclipse.m2e.maven.runtime_3.9.900.20250220-2013\jars\maven-core-3.9.9.jar
2025-08-02 17:05:07,623 [Worker-13: Launching Executing clean in C__Users_DELL_Desktop_Perplexity_backend_greennest] INFO  o.eclipse.m2e.core.internal.Bundles - 	Entry: C:\Users\DELL\Downloads\spring-tool-suite-4-4.29.1.RELEASE-e4.35.0-win32.win32.x86_64\sts-4.29.1.RELEASE\plugins\org.eclipse.m2e.maven.runtime_3.9.900.20250220-2013\jars\maven-embedder-3.9.9.jar
2025-08-02 17:05:07,624 [Worker-13: Launching Executing clean in C__Users_DELL_Desktop_Perplexity_backend_greennest] INFO  o.eclipse.m2e.core.internal.Bundles - 	Entry: C:\Users\DELL\Downloads\spring-tool-suite-4-4.29.1.RELEASE-e4.35.0-win32.win32.x86_64\sts-4.29.1.RELEASE\plugins\org.eclipse.m2e.maven.runtime_3.9.900.20250220-2013\jars\maven-model-3.9.9.jar
2025-08-02 17:05:07,624 [Worker-13: Launching Executing clean in C__Users_DELL_Desktop_Perplexity_backend_greennest] INFO  o.eclipse.m2e.core.internal.Bundles - 	Entry: C:\Users\DELL\Downloads\spring-tool-suite-4-4.29.1.RELEASE-e4.35.0-win32.win32.x86_64\sts-4.29.1.RELEASE\plugins\org.eclipse.m2e.maven.runtime_3.9.900.20250220-2013\jars\maven-model-builder-3.9.9.jar
2025-08-02 17:05:07,624 [Worker-13: Launching Executing clean in C__Users_DELL_Desktop_Perplexity_backend_greennest] INFO  o.eclipse.m2e.core.internal.Bundles - 	Entry: C:\Users\DELL\Downloads\spring-tool-suite-4-4.29.1.RELEASE-e4.35.0-win32.win32.x86_64\sts-4.29.1.RELEASE\plugins\org.eclipse.m2e.maven.runtime_3.9.900.20250220-2013\jars\maven-plugin-api-3.9.9.jar
2025-08-02 17:05:07,624 [Worker-13: Launching Executing clean in C__Users_DELL_Desktop_Perplexity_backend_greennest] INFO  o.eclipse.m2e.core.internal.Bundles - 	Entry: C:\Users\DELL\Downloads\spring-tool-suite-4-4.29.1.RELEASE-e4.35.0-win32.win32.x86_64\sts-4.29.1.RELEASE\plugins\org.eclipse.m2e.maven.runtime_3.9.900.20250220-2013\jars\maven-repository-metadata-3.9.9.jar
2025-08-02 17:05:07,624 [Worker-13: Launching Executing clean in C__Users_DELL_Desktop_Perplexity_backend_greennest] INFO  o.eclipse.m2e.core.internal.Bundles - 	Entry: C:\Users\DELL\Downloads\spring-tool-suite-4-4.29.1.RELEASE-e4.35.0-win32.win32.x86_64\sts-4.29.1.RELEASE\plugins\org.eclipse.m2e.maven.runtime_3.9.900.20250220-2013\jars\maven-resolver-api-1.9.22.jar
2025-08-02 17:05:07,625 [Worker-13: Launching Executing clean in C__Users_DELL_Desktop_Perplexity_backend_greennest] INFO  o.eclipse.m2e.core.internal.Bundles - 	Entry: C:\Users\DELL\Downloads\spring-tool-suite-4-4.29.1.RELEASE-e4.35.0-win32.win32.x86_64\sts-4.29.1.RELEASE\plugins\org.eclipse.m2e.maven.runtime_3.9.900.20250220-2013\jars\maven-resolver-connector-basic-1.9.22.jar
2025-08-02 17:05:07,625 [Worker-13: Launching Executing clean in C__Users_DELL_Desktop_Perplexity_backend_greennest] INFO  o.eclipse.m2e.core.internal.Bundles - 	Entry: C:\Users\DELL\Downloads\spring-tool-suite-4-4.29.1.RELEASE-e4.35.0-win32.win32.x86_64\sts-4.29.1.RELEASE\plugins\org.eclipse.m2e.maven.runtime_3.9.900.20250220-2013\jars\maven-resolver-impl-1.9.22.jar
2025-08-02 17:05:07,625 [Worker-13: Launching Executing clean in C__Users_DELL_Desktop_Perplexity_backend_greennest] INFO  o.eclipse.m2e.core.internal.Bundles - 	Entry: C:\Users\DELL\Downloads\spring-tool-suite-4-4.29.1.RELEASE-e4.35.0-win32.win32.x86_64\sts-4.29.1.RELEASE\plugins\org.eclipse.m2e.maven.runtime_3.9.900.20250220-2013\jars\maven-resolver-named-locks-1.9.22.jar
2025-08-02 17:05:07,625 [Worker-13: Launching Executing clean in C__Users_DELL_Desktop_Perplexity_backend_greennest] INFO  o.eclipse.m2e.core.internal.Bundles - 	Entry: C:\Users\DELL\Downloads\spring-tool-suite-4-4.29.1.RELEASE-e4.35.0-win32.win32.x86_64\sts-4.29.1.RELEASE\plugins\org.eclipse.m2e.maven.runtime_3.9.900.20250220-2013\jars\maven-resolver-provider-3.9.9.jar
2025-08-02 17:05:07,625 [Worker-13: Launching Executing clean in C__Users_DELL_Desktop_Perplexity_backend_greennest] INFO  o.eclipse.m2e.core.internal.Bundles - 	Entry: C:\Users\DELL\Downloads\spring-tool-suite-4-4.29.1.RELEASE-e4.35.0-win32.win32.x86_64\sts-4.29.1.RELEASE\plugins\org.eclipse.m2e.maven.runtime_3.9.900.20250220-2013\jars\maven-resolver-spi-1.9.22.jar
2025-08-02 17:05:07,625 [Worker-13: Launching Executing clean in C__Users_DELL_Desktop_Perplexity_backend_greennest] INFO  o.eclipse.m2e.core.internal.Bundles - 	Entry: C:\Users\DELL\Downloads\spring-tool-suite-4-4.29.1.RELEASE-e4.35.0-win32.win32.x86_64\sts-4.29.1.RELEASE\plugins\org.eclipse.m2e.maven.runtime_3.9.900.20250220-2013\jars\maven-resolver-transport-file-1.9.22.jar
2025-08-02 17:05:07,625 [Worker-13: Launching Executing clean in C__Users_DELL_Desktop_Perplexity_backend_greennest] INFO  o.eclipse.m2e.core.internal.Bundles - 	Entry: C:\Users\DELL\Downloads\spring-tool-suite-4-4.29.1.RELEASE-e4.35.0-win32.win32.x86_64\sts-4.29.1.RELEASE\plugins\org.eclipse.m2e.maven.runtime_3.9.900.20250220-2013\jars\maven-resolver-transport-http-1.9.22.jar
2025-08-02 17:05:07,625 [Worker-13: Launching Executing clean in C__Users_DELL_Desktop_Perplexity_backend_greennest] INFO  o.eclipse.m2e.core.internal.Bundles - 	Entry: C:\Users\DELL\Downloads\spring-tool-suite-4-4.29.1.RELEASE-e4.35.0-win32.win32.x86_64\sts-4.29.1.RELEASE\plugins\org.eclipse.m2e.maven.runtime_3.9.900.20250220-2013\jars\maven-resolver-transport-wagon-1.9.22.jar
2025-08-02 17:05:07,626 [Worker-13: Launching Executing clean in C__Users_DELL_Desktop_Perplexity_backend_greennest] INFO  o.eclipse.m2e.core.internal.Bundles - 	Entry: C:\Users\DELL\Downloads\spring-tool-suite-4-4.29.1.RELEASE-e4.35.0-win32.win32.x86_64\sts-4.29.1.RELEASE\plugins\org.eclipse.m2e.maven.runtime_3.9.900.20250220-2013\jars\maven-resolver-util-1.9.22.jar
2025-08-02 17:05:07,626 [Worker-13: Launching Executing clean in C__Users_DELL_Desktop_Perplexity_backend_greennest] INFO  o.eclipse.m2e.core.internal.Bundles - 	Entry: C:\Users\DELL\Downloads\spring-tool-suite-4-4.29.1.RELEASE-e4.35.0-win32.win32.x86_64\sts-4.29.1.RELEASE\plugins\org.eclipse.m2e.maven.runtime_3.9.900.20250220-2013\jars\maven-settings-3.9.9.jar
2025-08-02 17:05:07,626 [Worker-13: Launching Executing clean in C__Users_DELL_Desktop_Perplexity_backend_greennest] INFO  o.eclipse.m2e.core.internal.Bundles - 	Entry: C:\Users\DELL\Downloads\spring-tool-suite-4-4.29.1.RELEASE-e4.35.0-win32.win32.x86_64\sts-4.29.1.RELEASE\plugins\org.eclipse.m2e.maven.runtime_3.9.900.20250220-2013\jars\maven-settings-builder-3.9.9.jar
2025-08-02 17:05:07,626 [Worker-13: Launching Executing clean in C__Users_DELL_Desktop_Perplexity_backend_greennest] INFO  o.eclipse.m2e.core.internal.Bundles - 	Entry: C:\Users\DELL\Downloads\spring-tool-suite-4-4.29.1.RELEASE-e4.35.0-win32.win32.x86_64\sts-4.29.1.RELEASE\plugins\org.eclipse.m2e.maven.runtime_3.9.900.20250220-2013\jars\maven-shared-utils-3.4.2.jar
2025-08-02 17:05:07,626 [Worker-13: Launching Executing clean in C__Users_DELL_Desktop_Perplexity_backend_greennest] INFO  o.eclipse.m2e.core.internal.Bundles - 	Entry: C:\Users\DELL\Downloads\spring-tool-suite-4-4.29.1.RELEASE-e4.35.0-win32.win32.x86_64\sts-4.29.1.RELEASE\plugins\org.eclipse.m2e.maven.runtime_3.9.900.20250220-2013\jars\org.eclipse.sisu.inject-0.9.0.M3.jar
2025-08-02 17:05:07,627 [Worker-13: Launching Executing clean in C__Users_DELL_Desktop_Perplexity_backend_greennest] INFO  o.eclipse.m2e.core.internal.Bundles - 	Entry: C:\Users\DELL\Downloads\spring-tool-suite-4-4.29.1.RELEASE-e4.35.0-win32.win32.x86_64\sts-4.29.1.RELEASE\plugins\org.eclipse.m2e.maven.runtime_3.9.900.20250220-2013\jars\org.eclipse.sisu.plexus-0.9.0.M3.jar
2025-08-02 17:05:07,627 [Worker-13: Launching Executing clean in C__Users_DELL_Desktop_Perplexity_backend_greennest] INFO  o.eclipse.m2e.core.internal.Bundles - 	Entry: C:\Users\DELL\Downloads\spring-tool-suite-4-4.29.1.RELEASE-e4.35.0-win32.win32.x86_64\sts-4.29.1.RELEASE\plugins\org.eclipse.m2e.maven.runtime_3.9.900.20250220-2013\jars\plexus-build-api-0.0.7.jar
2025-08-02 17:05:07,627 [Worker-13: Launching Executing clean in C__Users_DELL_Desktop_Perplexity_backend_greennest] INFO  o.eclipse.m2e.core.internal.Bundles - 	Entry: C:\Users\DELL\Downloads\spring-tool-suite-4-4.29.1.RELEASE-e4.35.0-win32.win32.x86_64\sts-4.29.1.RELEASE\plugins\org.eclipse.m2e.maven.runtime_3.9.900.20250220-2013\jars\plexus-build-api-1.2.0.jar
2025-08-02 17:05:07,627 [Worker-13: Launching Executing clean in C__Users_DELL_Desktop_Perplexity_backend_greennest] INFO  o.eclipse.m2e.core.internal.Bundles - 	Entry: C:\Users\DELL\Downloads\spring-tool-suite-4-4.29.1.RELEASE-e4.35.0-win32.win32.x86_64\sts-4.29.1.RELEASE\plugins\org.eclipse.m2e.maven.runtime_3.9.900.20250220-2013\jars\plexus-cipher-2.0.jar
2025-08-02 17:05:07,627 [Worker-13: Launching Executing clean in C__Users_DELL_Desktop_Perplexity_backend_greennest] INFO  o.eclipse.m2e.core.internal.Bundles - 	Entry: C:\Users\DELL\Downloads\spring-tool-suite-4-4.29.1.RELEASE-e4.35.0-win32.win32.x86_64\sts-4.29.1.RELEASE\plugins\org.eclipse.m2e.maven.runtime_3.9.900.20250220-2013\jars\plexus-classworlds-2.8.0.jar
2025-08-02 17:05:07,627 [Worker-13: Launching Executing clean in C__Users_DELL_Desktop_Perplexity_backend_greennest] INFO  o.eclipse.m2e.core.internal.Bundles - 	Entry: C:\Users\DELL\Downloads\spring-tool-suite-4-4.29.1.RELEASE-e4.35.0-win32.win32.x86_64\sts-4.29.1.RELEASE\plugins\org.eclipse.m2e.maven.runtime_3.9.900.20250220-2013\jars\plexus-component-annotations-2.1.0.jar
2025-08-02 17:05:07,628 [Worker-13: Launching Executing clean in C__Users_DELL_Desktop_Perplexity_backend_greennest] INFO  o.eclipse.m2e.core.internal.Bundles - 	Entry: C:\Users\DELL\Downloads\spring-tool-suite-4-4.29.1.RELEASE-e4.35.0-win32.win32.x86_64\sts-4.29.1.RELEASE\plugins\org.eclipse.m2e.maven.runtime_3.9.900.20250220-2013\jars\plexus-interpolation-1.27.jar
2025-08-02 17:05:07,628 [Worker-13: Launching Executing clean in C__Users_DELL_Desktop_Perplexity_backend_greennest] INFO  o.eclipse.m2e.core.internal.Bundles - 	Entry: C:\Users\DELL\Downloads\spring-tool-suite-4-4.29.1.RELEASE-e4.35.0-win32.win32.x86_64\sts-4.29.1.RELEASE\plugins\org.eclipse.m2e.maven.runtime_3.9.900.20250220-2013\jars\plexus-sec-dispatcher-2.0.jar
2025-08-02 17:05:07,628 [Worker-13: Launching Executing clean in C__Users_DELL_Desktop_Perplexity_backend_greennest] INFO  o.eclipse.m2e.core.internal.Bundles - 	Entry: C:\Users\DELL\Downloads\spring-tool-suite-4-4.29.1.RELEASE-e4.35.0-win32.win32.x86_64\sts-4.29.1.RELEASE\plugins\org.eclipse.m2e.maven.runtime_3.9.900.20250220-2013\jars\plexus-utils-3.5.1.jar
2025-08-02 17:05:07,628 [Worker-13: Launching Executing clean in C__Users_DELL_Desktop_Perplexity_backend_greennest] INFO  o.eclipse.m2e.core.internal.Bundles - 	Entry: C:\Users\DELL\Downloads\spring-tool-suite-4-4.29.1.RELEASE-e4.35.0-win32.win32.x86_64\sts-4.29.1.RELEASE\plugins\org.eclipse.m2e.maven.runtime_3.9.900.20250220-2013\jars\plexus-xml-3.0.1.jar
2025-08-02 17:05:07,628 [Worker-13: Launching Executing clean in C__Users_DELL_Desktop_Perplexity_backend_greennest] INFO  o.eclipse.m2e.core.internal.Bundles - 	Entry: C:\Users\DELL\Downloads\spring-tool-suite-4-4.29.1.RELEASE-e4.35.0-win32.win32.x86_64\sts-4.29.1.RELEASE\plugins\org.eclipse.m2e.maven.runtime_3.9.900.20250220-2013\jars\wagon-file-3.5.3.jar
2025-08-02 17:05:07,628 [Worker-13: Launching Executing clean in C__Users_DELL_Desktop_Perplexity_backend_greennest] INFO  o.eclipse.m2e.core.internal.Bundles - 	Entry: C:\Users\DELL\Downloads\spring-tool-suite-4-4.29.1.RELEASE-e4.35.0-win32.win32.x86_64\sts-4.29.1.RELEASE\plugins\org.eclipse.m2e.maven.runtime_3.9.900.20250220-2013\jars\wagon-http-3.5.3.jar
2025-08-02 17:05:07,628 [Worker-13: Launching Executing clean in C__Users_DELL_Desktop_Perplexity_backend_greennest] INFO  o.eclipse.m2e.core.internal.Bundles - 	Entry: C:\Users\DELL\Downloads\spring-tool-suite-4-4.29.1.RELEASE-e4.35.0-win32.win32.x86_64\sts-4.29.1.RELEASE\plugins\org.eclipse.m2e.maven.runtime_3.9.900.20250220-2013\jars\wagon-http-shared-3.5.3.jar
2025-08-02 17:05:07,629 [Worker-13: Launching Executing clean in C__Users_DELL_Desktop_Perplexity_backend_greennest] INFO  o.eclipse.m2e.core.internal.Bundles - 	Entry: C:\Users\DELL\Downloads\spring-tool-suite-4-4.29.1.RELEASE-e4.35.0-win32.win32.x86_64\sts-4.29.1.RELEASE\plugins\org.eclipse.m2e.maven.runtime_3.9.900.20250220-2013\jars\wagon-provider-api-3.5.3.jar
2025-08-02 17:05:07,629 [Worker-13: Launching Executing clean in C__Users_DELL_Desktop_Perplexity_backend_greennest] INFO  o.eclipse.m2e.core.internal.Bundles - getClasspathEntries(Bundle=com.google.guava_33.4.0.jre [29])
2025-08-02 17:05:07,629 [Worker-13: Launching Executing clean in C__Users_DELL_Desktop_Perplexity_backend_greennest] INFO  o.eclipse.m2e.core.internal.Bundles - 	Entry: C:\Users\DELL\Downloads\spring-tool-suite-4-4.29.1.RELEASE-e4.35.0-win32.win32.x86_64\sts-4.29.1.RELEASE\plugins\com.google.guava_33.4.0.jre.jar
2025-08-02 17:05:07,629 [Worker-13: Launching Executing clean in C__Users_DELL_Desktop_Perplexity_backend_greennest] INFO  o.eclipse.m2e.core.internal.Bundles - getClasspathEntries(Bundle=slf4j.api_2.0.17 [608])
2025-08-02 17:05:07,630 [Worker-13: Launching Executing clean in C__Users_DELL_Desktop_Perplexity_backend_greennest] INFO  o.eclipse.m2e.core.internal.Bundles - 	Entry: C:\Users\DELL\Downloads\spring-tool-suite-4-4.29.1.RELEASE-e4.35.0-win32.win32.x86_64\sts-4.29.1.RELEASE\plugins\slf4j.api_2.0.17.jar
2025-08-02 17:05:07,630 [Worker-13: Launching Executing clean in C__Users_DELL_Desktop_Perplexity_backend_greennest] INFO  o.eclipse.m2e.core.internal.Bundles - getClasspathEntries(Bundle=jakarta.inject.jakarta.inject-api_1.0.5 [45])
2025-08-02 17:05:07,630 [Worker-13: Launching Executing clean in C__Users_DELL_Desktop_Perplexity_backend_greennest] INFO  o.eclipse.m2e.core.internal.Bundles - 	Entry: C:\Users\DELL\Downloads\spring-tool-suite-4-4.29.1.RELEASE-e4.35.0-win32.win32.x86_64\sts-4.29.1.RELEASE\plugins\jakarta.inject.jakarta.inject-api_1.0.5.jar
2025-08-02 17:05:07,630 [Worker-13: Launching Executing clean in C__Users_DELL_Desktop_Perplexity_backend_greennest] INFO  o.eclipse.m2e.core.internal.Bundles - getClasspathEntries(Bundle=jakarta.annotation-api_1.3.5 [41])
2025-08-02 17:05:07,631 [Worker-13: Launching Executing clean in C__Users_DELL_Desktop_Perplexity_backend_greennest] INFO  o.eclipse.m2e.core.internal.Bundles - 	Entry: C:\Users\DELL\Downloads\spring-tool-suite-4-4.29.1.RELEASE-e4.35.0-win32.win32.x86_64\sts-4.29.1.RELEASE\plugins\jakarta.annotation-api_1.3.5.jar
2025-08-02 17:05:07,631 [Worker-13: Launching Executing clean in C__Users_DELL_Desktop_Perplexity_backend_greennest] INFO  o.eclipse.m2e.core.internal.Bundles - getClasspathEntries(Bundle=org.apache.commons.cli_1.9.0 [77])
2025-08-02 17:05:07,631 [Worker-13: Launching Executing clean in C__Users_DELL_Desktop_Perplexity_backend_greennest] INFO  o.eclipse.m2e.core.internal.Bundles - 	Entry: C:\Users\DELL\Downloads\spring-tool-suite-4-4.29.1.RELEASE-e4.35.0-win32.win32.x86_64\sts-4.29.1.RELEASE\plugins\org.apache.commons.cli_1.9.0.jar
2025-08-02 17:05:07,631 [Worker-13: Launching Executing clean in C__Users_DELL_Desktop_Perplexity_backend_greennest] INFO  o.eclipse.m2e.core.internal.Bundles - getClasspathEntries(Bundle=org.apache.commons.commons-codec_1.16.0 [79])
2025-08-02 17:05:07,632 [Worker-13: Launching Executing clean in C__Users_DELL_Desktop_Perplexity_backend_greennest] INFO  o.eclipse.m2e.core.internal.Bundles - 	Entry: C:\Users\DELL\Downloads\spring-tool-suite-4-4.29.1.RELEASE-e4.35.0-win32.win32.x86_64\sts-4.29.1.RELEASE\plugins\org.apache.commons.commons-codec_1.16.0.jar
2025-08-02 17:05:07,632 [Worker-13: Launching Executing clean in C__Users_DELL_Desktop_Perplexity_backend_greennest] INFO  o.eclipse.m2e.core.internal.Bundles - getClasspathEntries(Bundle=com.google.guava.failureaccess_1.0.2 [30])
2025-08-02 17:05:07,632 [Worker-13: Launching Executing clean in C__Users_DELL_Desktop_Perplexity_backend_greennest] INFO  o.eclipse.m2e.core.internal.Bundles - 	Entry: C:\Users\DELL\Downloads\spring-tool-suite-4-4.29.1.RELEASE-e4.35.0-win32.win32.x86_64\sts-4.29.1.RELEASE\plugins\com.google.guava.failureaccess_1.0.2.jar
2025-08-02 17:05:07,633 [Worker-13: Launching Executing clean in C__Users_DELL_Desktop_Perplexity_backend_greennest] INFO  o.e.m.i.launch.MavenLaunchDelegate - Run build in "C:\Users\DELL\Desktop\Perplexity\backend\greennest":
2025-08-02 17:05:07,634 [Worker-13: Launching Executing clean in C__Users_DELL_Desktop_Perplexity_backend_greennest] INFO  o.e.m.i.launch.MavenLaunchDelegate -  mvn  -Ppom.xml -B -Dstyle.color=always clean
2025-08-02 17:05:10,439 [Worker-19: Building] INFO  o.a.m.s.f.DefaultMavenResourcesFiltering - Copying 1 resource from src\main\resources to target\classes
2025-08-02 17:05:10,442 [Worker-19: Building] INFO  o.a.m.s.f.DefaultMavenResourcesFiltering - Copying 0 resource from src\main\resources to target\classes
2025-08-02 17:05:10,446 [Worker-19: Building] INFO  o.a.m.s.f.DefaultMavenResourcesFiltering - skip non existing resourceDirectory C:\Users\DELL\Desktop\Perplexity\backend\greennest\src\test\resources
2025-08-02 17:05:22,055 [Worker-21: Launching Executing install in C__Users_DELL_Desktop_Perplexity_backend_greennest] INFO  o.eclipse.m2e.core.internal.Bundles - getClasspathEntries(Bundle=org.eclipse.m2e.maven.runtime_3.9.900.20250220-2013 [361])
2025-08-02 17:05:22,057 [Worker-21: Launching Executing install in C__Users_DELL_Desktop_Perplexity_backend_greennest] INFO  o.eclipse.m2e.core.internal.Bundles - 	Entry: C:\Users\DELL\Downloads\spring-tool-suite-4-4.29.1.RELEASE-e4.35.0-win32.win32.x86_64\sts-4.29.1.RELEASE\plugins\org.eclipse.m2e.maven.runtime_3.9.900.20250220-2013
2025-08-02 17:05:22,057 [Worker-21: Launching Executing install in C__Users_DELL_Desktop_Perplexity_backend_greennest] INFO  o.eclipse.m2e.core.internal.Bundles - 	Entry: C:\Users\DELL\Downloads\spring-tool-suite-4-4.29.1.RELEASE-e4.35.0-win32.win32.x86_64\sts-4.29.1.RELEASE\plugins\org.eclipse.m2e.maven.runtime_3.9.900.20250220-2013\jars\aopalliance-1.0.jar
2025-08-02 17:05:22,058 [Worker-21: Launching Executing install in C__Users_DELL_Desktop_Perplexity_backend_greennest] INFO  o.eclipse.m2e.core.internal.Bundles - 	Entry: C:\Users\DELL\Downloads\spring-tool-suite-4-4.29.1.RELEASE-e4.35.0-win32.win32.x86_64\sts-4.29.1.RELEASE\plugins\org.eclipse.m2e.maven.runtime_3.9.900.20250220-2013\jars\guice-5.1.0.jar
2025-08-02 17:05:22,058 [Worker-21: Launching Executing install in C__Users_DELL_Desktop_Perplexity_backend_greennest] INFO  o.eclipse.m2e.core.internal.Bundles - 	Entry: C:\Users\DELL\Downloads\spring-tool-suite-4-4.29.1.RELEASE-e4.35.0-win32.win32.x86_64\sts-4.29.1.RELEASE\plugins\org.eclipse.m2e.maven.runtime_3.9.900.20250220-2013\jars\httpclient-4.5.14.jar
2025-08-02 17:05:22,058 [Worker-21: Launching Executing install in C__Users_DELL_Desktop_Perplexity_backend_greennest] INFO  o.eclipse.m2e.core.internal.Bundles - 	Entry: C:\Users\DELL\Downloads\spring-tool-suite-4-4.29.1.RELEASE-e4.35.0-win32.win32.x86_64\sts-4.29.1.RELEASE\plugins\org.eclipse.m2e.maven.runtime_3.9.900.20250220-2013\jars\httpcore-4.4.16.jar
2025-08-02 17:05:22,058 [Worker-21: Launching Executing install in C__Users_DELL_Desktop_Perplexity_backend_greennest] INFO  o.eclipse.m2e.core.internal.Bundles - 	Entry: C:\Users\DELL\Downloads\spring-tool-suite-4-4.29.1.RELEASE-e4.35.0-win32.win32.x86_64\sts-4.29.1.RELEASE\plugins\org.eclipse.m2e.maven.runtime_3.9.900.20250220-2013\jars\jansi-2.4.1.jar
2025-08-02 17:05:22,058 [Worker-21: Launching Executing install in C__Users_DELL_Desktop_Perplexity_backend_greennest] INFO  o.eclipse.m2e.core.internal.Bundles - 	Entry: C:\Users\DELL\Downloads\spring-tool-suite-4-4.29.1.RELEASE-e4.35.0-win32.win32.x86_64\sts-4.29.1.RELEASE\plugins\org.eclipse.m2e.maven.runtime_3.9.900.20250220-2013\jars\jcl-over-slf4j-1.7.36.jar
2025-08-02 17:05:22,058 [Worker-21: Launching Executing install in C__Users_DELL_Desktop_Perplexity_backend_greennest] INFO  o.eclipse.m2e.core.internal.Bundles - 	Entry: C:\Users\DELL\Downloads\spring-tool-suite-4-4.29.1.RELEASE-e4.35.0-win32.win32.x86_64\sts-4.29.1.RELEASE\plugins\org.eclipse.m2e.maven.runtime_3.9.900.20250220-2013\jars\maven-artifact-3.9.9.jar
2025-08-02 17:05:22,058 [Worker-21: Launching Executing install in C__Users_DELL_Desktop_Perplexity_backend_greennest] INFO  o.eclipse.m2e.core.internal.Bundles - 	Entry: C:\Users\DELL\Downloads\spring-tool-suite-4-4.29.1.RELEASE-e4.35.0-win32.win32.x86_64\sts-4.29.1.RELEASE\plugins\org.eclipse.m2e.maven.runtime_3.9.900.20250220-2013\jars\maven-builder-support-3.9.9.jar
2025-08-02 17:05:22,058 [Worker-21: Launching Executing install in C__Users_DELL_Desktop_Perplexity_backend_greennest] INFO  o.eclipse.m2e.core.internal.Bundles - 	Entry: C:\Users\DELL\Downloads\spring-tool-suite-4-4.29.1.RELEASE-e4.35.0-win32.win32.x86_64\sts-4.29.1.RELEASE\plugins\org.eclipse.m2e.maven.runtime_3.9.900.20250220-2013\jars\maven-compat-3.9.9.jar
2025-08-02 17:05:22,060 [Worker-21: Launching Executing install in C__Users_DELL_Desktop_Perplexity_backend_greennest] INFO  o.eclipse.m2e.core.internal.Bundles - 	Entry: C:\Users\DELL\Downloads\spring-tool-suite-4-4.29.1.RELEASE-e4.35.0-win32.win32.x86_64\sts-4.29.1.RELEASE\plugins\org.eclipse.m2e.maven.runtime_3.9.900.20250220-2013\jars\maven-core-3.9.9.jar
2025-08-02 17:05:22,060 [Worker-21: Launching Executing install in C__Users_DELL_Desktop_Perplexity_backend_greennest] INFO  o.eclipse.m2e.core.internal.Bundles - 	Entry: C:\Users\DELL\Downloads\spring-tool-suite-4-4.29.1.RELEASE-e4.35.0-win32.win32.x86_64\sts-4.29.1.RELEASE\plugins\org.eclipse.m2e.maven.runtime_3.9.900.20250220-2013\jars\maven-embedder-3.9.9.jar
2025-08-02 17:05:22,060 [Worker-21: Launching Executing install in C__Users_DELL_Desktop_Perplexity_backend_greennest] INFO  o.eclipse.m2e.core.internal.Bundles - 	Entry: C:\Users\DELL\Downloads\spring-tool-suite-4-4.29.1.RELEASE-e4.35.0-win32.win32.x86_64\sts-4.29.1.RELEASE\plugins\org.eclipse.m2e.maven.runtime_3.9.900.20250220-2013\jars\maven-model-3.9.9.jar
2025-08-02 17:05:22,060 [Worker-21: Launching Executing install in C__Users_DELL_Desktop_Perplexity_backend_greennest] INFO  o.eclipse.m2e.core.internal.Bundles - 	Entry: C:\Users\DELL\Downloads\spring-tool-suite-4-4.29.1.RELEASE-e4.35.0-win32.win32.x86_64\sts-4.29.1.RELEASE\plugins\org.eclipse.m2e.maven.runtime_3.9.900.20250220-2013\jars\maven-model-builder-3.9.9.jar
2025-08-02 17:05:22,060 [Worker-21: Launching Executing install in C__Users_DELL_Desktop_Perplexity_backend_greennest] INFO  o.eclipse.m2e.core.internal.Bundles - 	Entry: C:\Users\DELL\Downloads\spring-tool-suite-4-4.29.1.RELEASE-e4.35.0-win32.win32.x86_64\sts-4.29.1.RELEASE\plugins\org.eclipse.m2e.maven.runtime_3.9.900.20250220-2013\jars\maven-plugin-api-3.9.9.jar
2025-08-02 17:05:22,060 [Worker-21: Launching Executing install in C__Users_DELL_Desktop_Perplexity_backend_greennest] INFO  o.eclipse.m2e.core.internal.Bundles - 	Entry: C:\Users\DELL\Downloads\spring-tool-suite-4-4.29.1.RELEASE-e4.35.0-win32.win32.x86_64\sts-4.29.1.RELEASE\plugins\org.eclipse.m2e.maven.runtime_3.9.900.20250220-2013\jars\maven-repository-metadata-3.9.9.jar
2025-08-02 17:05:22,060 [Worker-21: Launching Executing install in C__Users_DELL_Desktop_Perplexity_backend_greennest] INFO  o.eclipse.m2e.core.internal.Bundles - 	Entry: C:\Users\DELL\Downloads\spring-tool-suite-4-4.29.1.RELEASE-e4.35.0-win32.win32.x86_64\sts-4.29.1.RELEASE\plugins\org.eclipse.m2e.maven.runtime_3.9.900.20250220-2013\jars\maven-resolver-api-1.9.22.jar
2025-08-02 17:05:22,060 [Worker-21: Launching Executing install in C__Users_DELL_Desktop_Perplexity_backend_greennest] INFO  o.eclipse.m2e.core.internal.Bundles - 	Entry: C:\Users\DELL\Downloads\spring-tool-suite-4-4.29.1.RELEASE-e4.35.0-win32.win32.x86_64\sts-4.29.1.RELEASE\plugins\org.eclipse.m2e.maven.runtime_3.9.900.20250220-2013\jars\maven-resolver-connector-basic-1.9.22.jar
2025-08-02 17:05:22,060 [Worker-21: Launching Executing install in C__Users_DELL_Desktop_Perplexity_backend_greennest] INFO  o.eclipse.m2e.core.internal.Bundles - 	Entry: C:\Users\DELL\Downloads\spring-tool-suite-4-4.29.1.RELEASE-e4.35.0-win32.win32.x86_64\sts-4.29.1.RELEASE\plugins\org.eclipse.m2e.maven.runtime_3.9.900.20250220-2013\jars\maven-resolver-impl-1.9.22.jar
2025-08-02 17:05:22,061 [Worker-21: Launching Executing install in C__Users_DELL_Desktop_Perplexity_backend_greennest] INFO  o.eclipse.m2e.core.internal.Bundles - 	Entry: C:\Users\DELL\Downloads\spring-tool-suite-4-4.29.1.RELEASE-e4.35.0-win32.win32.x86_64\sts-4.29.1.RELEASE\plugins\org.eclipse.m2e.maven.runtime_3.9.900.20250220-2013\jars\maven-resolver-named-locks-1.9.22.jar
2025-08-02 17:05:22,061 [Worker-21: Launching Executing install in C__Users_DELL_Desktop_Perplexity_backend_greennest] INFO  o.eclipse.m2e.core.internal.Bundles - 	Entry: C:\Users\DELL\Downloads\spring-tool-suite-4-4.29.1.RELEASE-e4.35.0-win32.win32.x86_64\sts-4.29.1.RELEASE\plugins\org.eclipse.m2e.maven.runtime_3.9.900.20250220-2013\jars\maven-resolver-provider-3.9.9.jar
2025-08-02 17:05:22,061 [Worker-21: Launching Executing install in C__Users_DELL_Desktop_Perplexity_backend_greennest] INFO  o.eclipse.m2e.core.internal.Bundles - 	Entry: C:\Users\DELL\Downloads\spring-tool-suite-4-4.29.1.RELEASE-e4.35.0-win32.win32.x86_64\sts-4.29.1.RELEASE\plugins\org.eclipse.m2e.maven.runtime_3.9.900.20250220-2013\jars\maven-resolver-spi-1.9.22.jar
2025-08-02 17:05:22,061 [Worker-21: Launching Executing install in C__Users_DELL_Desktop_Perplexity_backend_greennest] INFO  o.eclipse.m2e.core.internal.Bundles - 	Entry: C:\Users\DELL\Downloads\spring-tool-suite-4-4.29.1.RELEASE-e4.35.0-win32.win32.x86_64\sts-4.29.1.RELEASE\plugins\org.eclipse.m2e.maven.runtime_3.9.900.20250220-2013\jars\maven-resolver-transport-file-1.9.22.jar
2025-08-02 17:05:22,061 [Worker-21: Launching Executing install in C__Users_DELL_Desktop_Perplexity_backend_greennest] INFO  o.eclipse.m2e.core.internal.Bundles - 	Entry: C:\Users\DELL\Downloads\spring-tool-suite-4-4.29.1.RELEASE-e4.35.0-win32.win32.x86_64\sts-4.29.1.RELEASE\plugins\org.eclipse.m2e.maven.runtime_3.9.900.20250220-2013\jars\maven-resolver-transport-http-1.9.22.jar
2025-08-02 17:05:22,061 [Worker-21: Launching Executing install in C__Users_DELL_Desktop_Perplexity_backend_greennest] INFO  o.eclipse.m2e.core.internal.Bundles - 	Entry: C:\Users\DELL\Downloads\spring-tool-suite-4-4.29.1.RELEASE-e4.35.0-win32.win32.x86_64\sts-4.29.1.RELEASE\plugins\org.eclipse.m2e.maven.runtime_3.9.900.20250220-2013\jars\maven-resolver-transport-wagon-1.9.22.jar
2025-08-02 17:05:22,061 [Worker-21: Launching Executing install in C__Users_DELL_Desktop_Perplexity_backend_greennest] INFO  o.eclipse.m2e.core.internal.Bundles - 	Entry: C:\Users\DELL\Downloads\spring-tool-suite-4-4.29.1.RELEASE-e4.35.0-win32.win32.x86_64\sts-4.29.1.RELEASE\plugins\org.eclipse.m2e.maven.runtime_3.9.900.20250220-2013\jars\maven-resolver-util-1.9.22.jar
2025-08-02 17:05:22,061 [Worker-21: Launching Executing install in C__Users_DELL_Desktop_Perplexity_backend_greennest] INFO  o.eclipse.m2e.core.internal.Bundles - 	Entry: C:\Users\DELL\Downloads\spring-tool-suite-4-4.29.1.RELEASE-e4.35.0-win32.win32.x86_64\sts-4.29.1.RELEASE\plugins\org.eclipse.m2e.maven.runtime_3.9.900.20250220-2013\jars\maven-settings-3.9.9.jar
2025-08-02 17:05:22,061 [Worker-21: Launching Executing install in C__Users_DELL_Desktop_Perplexity_backend_greennest] INFO  o.eclipse.m2e.core.internal.Bundles - 	Entry: C:\Users\DELL\Downloads\spring-tool-suite-4-4.29.1.RELEASE-e4.35.0-win32.win32.x86_64\sts-4.29.1.RELEASE\plugins\org.eclipse.m2e.maven.runtime_3.9.900.20250220-2013\jars\maven-settings-builder-3.9.9.jar
2025-08-02 17:05:22,062 [Worker-21: Launching Executing install in C__Users_DELL_Desktop_Perplexity_backend_greennest] INFO  o.eclipse.m2e.core.internal.Bundles - 	Entry: C:\Users\DELL\Downloads\spring-tool-suite-4-4.29.1.RELEASE-e4.35.0-win32.win32.x86_64\sts-4.29.1.RELEASE\plugins\org.eclipse.m2e.maven.runtime_3.9.900.20250220-2013\jars\maven-shared-utils-3.4.2.jar
2025-08-02 17:05:22,062 [Worker-21: Launching Executing install in C__Users_DELL_Desktop_Perplexity_backend_greennest] INFO  o.eclipse.m2e.core.internal.Bundles - 	Entry: C:\Users\DELL\Downloads\spring-tool-suite-4-4.29.1.RELEASE-e4.35.0-win32.win32.x86_64\sts-4.29.1.RELEASE\plugins\org.eclipse.m2e.maven.runtime_3.9.900.20250220-2013\jars\org.eclipse.sisu.inject-0.9.0.M3.jar
2025-08-02 17:05:22,062 [Worker-21: Launching Executing install in C__Users_DELL_Desktop_Perplexity_backend_greennest] INFO  o.eclipse.m2e.core.internal.Bundles - 	Entry: C:\Users\DELL\Downloads\spring-tool-suite-4-4.29.1.RELEASE-e4.35.0-win32.win32.x86_64\sts-4.29.1.RELEASE\plugins\org.eclipse.m2e.maven.runtime_3.9.900.20250220-2013\jars\org.eclipse.sisu.plexus-0.9.0.M3.jar
2025-08-02 17:05:22,062 [Worker-21: Launching Executing install in C__Users_DELL_Desktop_Perplexity_backend_greennest] INFO  o.eclipse.m2e.core.internal.Bundles - 	Entry: C:\Users\DELL\Downloads\spring-tool-suite-4-4.29.1.RELEASE-e4.35.0-win32.win32.x86_64\sts-4.29.1.RELEASE\plugins\org.eclipse.m2e.maven.runtime_3.9.900.20250220-2013\jars\plexus-build-api-0.0.7.jar
2025-08-02 17:05:22,062 [Worker-21: Launching Executing install in C__Users_DELL_Desktop_Perplexity_backend_greennest] INFO  o.eclipse.m2e.core.internal.Bundles - 	Entry: C:\Users\DELL\Downloads\spring-tool-suite-4-4.29.1.RELEASE-e4.35.0-win32.win32.x86_64\sts-4.29.1.RELEASE\plugins\org.eclipse.m2e.maven.runtime_3.9.900.20250220-2013\jars\plexus-build-api-1.2.0.jar
2025-08-02 17:05:22,062 [Worker-21: Launching Executing install in C__Users_DELL_Desktop_Perplexity_backend_greennest] INFO  o.eclipse.m2e.core.internal.Bundles - 	Entry: C:\Users\DELL\Downloads\spring-tool-suite-4-4.29.1.RELEASE-e4.35.0-win32.win32.x86_64\sts-4.29.1.RELEASE\plugins\org.eclipse.m2e.maven.runtime_3.9.900.20250220-2013\jars\plexus-cipher-2.0.jar
2025-08-02 17:05:22,062 [Worker-21: Launching Executing install in C__Users_DELL_Desktop_Perplexity_backend_greennest] INFO  o.eclipse.m2e.core.internal.Bundles - 	Entry: C:\Users\DELL\Downloads\spring-tool-suite-4-4.29.1.RELEASE-e4.35.0-win32.win32.x86_64\sts-4.29.1.RELEASE\plugins\org.eclipse.m2e.maven.runtime_3.9.900.20250220-2013\jars\plexus-classworlds-2.8.0.jar
2025-08-02 17:05:22,062 [Worker-21: Launching Executing install in C__Users_DELL_Desktop_Perplexity_backend_greennest] INFO  o.eclipse.m2e.core.internal.Bundles - 	Entry: C:\Users\DELL\Downloads\spring-tool-suite-4-4.29.1.RELEASE-e4.35.0-win32.win32.x86_64\sts-4.29.1.RELEASE\plugins\org.eclipse.m2e.maven.runtime_3.9.900.20250220-2013\jars\plexus-component-annotations-2.1.0.jar
2025-08-02 17:05:22,062 [Worker-21: Launching Executing install in C__Users_DELL_Desktop_Perplexity_backend_greennest] INFO  o.eclipse.m2e.core.internal.Bundles - 	Entry: C:\Users\DELL\Downloads\spring-tool-suite-4-4.29.1.RELEASE-e4.35.0-win32.win32.x86_64\sts-4.29.1.RELEASE\plugins\org.eclipse.m2e.maven.runtime_3.9.900.20250220-2013\jars\plexus-interpolation-1.27.jar
2025-08-02 17:05:22,063 [Worker-21: Launching Executing install in C__Users_DELL_Desktop_Perplexity_backend_greennest] INFO  o.eclipse.m2e.core.internal.Bundles - 	Entry: C:\Users\DELL\Downloads\spring-tool-suite-4-4.29.1.RELEASE-e4.35.0-win32.win32.x86_64\sts-4.29.1.RELEASE\plugins\org.eclipse.m2e.maven.runtime_3.9.900.20250220-2013\jars\plexus-sec-dispatcher-2.0.jar
2025-08-02 17:05:22,063 [Worker-21: Launching Executing install in C__Users_DELL_Desktop_Perplexity_backend_greennest] INFO  o.eclipse.m2e.core.internal.Bundles - 	Entry: C:\Users\DELL\Downloads\spring-tool-suite-4-4.29.1.RELEASE-e4.35.0-win32.win32.x86_64\sts-4.29.1.RELEASE\plugins\org.eclipse.m2e.maven.runtime_3.9.900.20250220-2013\jars\plexus-utils-3.5.1.jar
2025-08-02 17:05:22,063 [Worker-21: Launching Executing install in C__Users_DELL_Desktop_Perplexity_backend_greennest] INFO  o.eclipse.m2e.core.internal.Bundles - 	Entry: C:\Users\DELL\Downloads\spring-tool-suite-4-4.29.1.RELEASE-e4.35.0-win32.win32.x86_64\sts-4.29.1.RELEASE\plugins\org.eclipse.m2e.maven.runtime_3.9.900.20250220-2013\jars\plexus-xml-3.0.1.jar
2025-08-02 17:05:22,063 [Worker-21: Launching Executing install in C__Users_DELL_Desktop_Perplexity_backend_greennest] INFO  o.eclipse.m2e.core.internal.Bundles - 	Entry: C:\Users\DELL\Downloads\spring-tool-suite-4-4.29.1.RELEASE-e4.35.0-win32.win32.x86_64\sts-4.29.1.RELEASE\plugins\org.eclipse.m2e.maven.runtime_3.9.900.20250220-2013\jars\wagon-file-3.5.3.jar
2025-08-02 17:05:22,064 [Worker-21: Launching Executing install in C__Users_DELL_Desktop_Perplexity_backend_greennest] INFO  o.eclipse.m2e.core.internal.Bundles - 	Entry: C:\Users\DELL\Downloads\spring-tool-suite-4-4.29.1.RELEASE-e4.35.0-win32.win32.x86_64\sts-4.29.1.RELEASE\plugins\org.eclipse.m2e.maven.runtime_3.9.900.20250220-2013\jars\wagon-http-3.5.3.jar
2025-08-02 17:05:22,064 [Worker-21: Launching Executing install in C__Users_DELL_Desktop_Perplexity_backend_greennest] INFO  o.eclipse.m2e.core.internal.Bundles - 	Entry: C:\Users\DELL\Downloads\spring-tool-suite-4-4.29.1.RELEASE-e4.35.0-win32.win32.x86_64\sts-4.29.1.RELEASE\plugins\org.eclipse.m2e.maven.runtime_3.9.900.20250220-2013\jars\wagon-http-shared-3.5.3.jar
2025-08-02 17:05:22,064 [Worker-21: Launching Executing install in C__Users_DELL_Desktop_Perplexity_backend_greennest] INFO  o.eclipse.m2e.core.internal.Bundles - 	Entry: C:\Users\DELL\Downloads\spring-tool-suite-4-4.29.1.RELEASE-e4.35.0-win32.win32.x86_64\sts-4.29.1.RELEASE\plugins\org.eclipse.m2e.maven.runtime_3.9.900.20250220-2013\jars\wagon-provider-api-3.5.3.jar
2025-08-02 17:05:22,064 [Worker-21: Launching Executing install in C__Users_DELL_Desktop_Perplexity_backend_greennest] INFO  o.eclipse.m2e.core.internal.Bundles - getClasspathEntries(Bundle=com.google.guava_33.4.0.jre [29])
2025-08-02 17:05:22,065 [Worker-21: Launching Executing install in C__Users_DELL_Desktop_Perplexity_backend_greennest] INFO  o.eclipse.m2e.core.internal.Bundles - 	Entry: C:\Users\DELL\Downloads\spring-tool-suite-4-4.29.1.RELEASE-e4.35.0-win32.win32.x86_64\sts-4.29.1.RELEASE\plugins\com.google.guava_33.4.0.jre.jar
2025-08-02 17:05:22,065 [Worker-21: Launching Executing install in C__Users_DELL_Desktop_Perplexity_backend_greennest] INFO  o.eclipse.m2e.core.internal.Bundles - getClasspathEntries(Bundle=slf4j.api_2.0.17 [608])
2025-08-02 17:05:22,065 [Worker-21: Launching Executing install in C__Users_DELL_Desktop_Perplexity_backend_greennest] INFO  o.eclipse.m2e.core.internal.Bundles - 	Entry: C:\Users\DELL\Downloads\spring-tool-suite-4-4.29.1.RELEASE-e4.35.0-win32.win32.x86_64\sts-4.29.1.RELEASE\plugins\slf4j.api_2.0.17.jar
2025-08-02 17:05:22,065 [Worker-21: Launching Executing install in C__Users_DELL_Desktop_Perplexity_backend_greennest] INFO  o.eclipse.m2e.core.internal.Bundles - getClasspathEntries(Bundle=jakarta.inject.jakarta.inject-api_1.0.5 [45])
2025-08-02 17:05:22,066 [Worker-21: Launching Executing install in C__Users_DELL_Desktop_Perplexity_backend_greennest] INFO  o.eclipse.m2e.core.internal.Bundles - 	Entry: C:\Users\DELL\Downloads\spring-tool-suite-4-4.29.1.RELEASE-e4.35.0-win32.win32.x86_64\sts-4.29.1.RELEASE\plugins\jakarta.inject.jakarta.inject-api_1.0.5.jar
2025-08-02 17:05:22,066 [Worker-21: Launching Executing install in C__Users_DELL_Desktop_Perplexity_backend_greennest] INFO  o.eclipse.m2e.core.internal.Bundles - getClasspathEntries(Bundle=jakarta.annotation-api_1.3.5 [41])
2025-08-02 17:05:22,066 [Worker-21: Launching Executing install in C__Users_DELL_Desktop_Perplexity_backend_greennest] INFO  o.eclipse.m2e.core.internal.Bundles - 	Entry: C:\Users\DELL\Downloads\spring-tool-suite-4-4.29.1.RELEASE-e4.35.0-win32.win32.x86_64\sts-4.29.1.RELEASE\plugins\jakarta.annotation-api_1.3.5.jar
2025-08-02 17:05:22,066 [Worker-21: Launching Executing install in C__Users_DELL_Desktop_Perplexity_backend_greennest] INFO  o.eclipse.m2e.core.internal.Bundles - getClasspathEntries(Bundle=org.apache.commons.cli_1.9.0 [77])
2025-08-02 17:05:22,066 [Worker-21: Launching Executing install in C__Users_DELL_Desktop_Perplexity_backend_greennest] INFO  o.eclipse.m2e.core.internal.Bundles - 	Entry: C:\Users\DELL\Downloads\spring-tool-suite-4-4.29.1.RELEASE-e4.35.0-win32.win32.x86_64\sts-4.29.1.RELEASE\plugins\org.apache.commons.cli_1.9.0.jar
2025-08-02 17:05:22,067 [Worker-21: Launching Executing install in C__Users_DELL_Desktop_Perplexity_backend_greennest] INFO  o.eclipse.m2e.core.internal.Bundles - getClasspathEntries(Bundle=org.apache.commons.commons-codec_1.16.0 [79])
2025-08-02 17:05:22,067 [Worker-21: Launching Executing install in C__Users_DELL_Desktop_Perplexity_backend_greennest] INFO  o.eclipse.m2e.core.internal.Bundles - 	Entry: C:\Users\DELL\Downloads\spring-tool-suite-4-4.29.1.RELEASE-e4.35.0-win32.win32.x86_64\sts-4.29.1.RELEASE\plugins\org.apache.commons.commons-codec_1.16.0.jar
2025-08-02 17:05:22,067 [Worker-21: Launching Executing install in C__Users_DELL_Desktop_Perplexity_backend_greennest] INFO  o.eclipse.m2e.core.internal.Bundles - getClasspathEntries(Bundle=com.google.guava.failureaccess_1.0.2 [30])
2025-08-02 17:05:22,067 [Worker-21: Launching Executing install in C__Users_DELL_Desktop_Perplexity_backend_greennest] INFO  o.eclipse.m2e.core.internal.Bundles - 	Entry: C:\Users\DELL\Downloads\spring-tool-suite-4-4.29.1.RELEASE-e4.35.0-win32.win32.x86_64\sts-4.29.1.RELEASE\plugins\com.google.guava.failureaccess_1.0.2.jar
2025-08-02 17:05:22,069 [Worker-21: Launching Executing install in C__Users_DELL_Desktop_Perplexity_backend_greennest] INFO  o.e.m.i.launch.MavenLaunchDelegate - Run build in "C:\Users\DELL\Desktop\Perplexity\backend\greennest":
2025-08-02 17:05:22,069 [Worker-21: Launching Executing install in C__Users_DELL_Desktop_Perplexity_backend_greennest] INFO  o.e.m.i.launch.MavenLaunchDelegate -  mvn  -Ppom.xml -B -Dstyle.color=always install
2025-08-02 17:05:43,200 [Worker-20: Building] INFO  o.a.m.s.f.DefaultMavenResourcesFiltering - Copying 1 resource from src\main\resources to target\classes
2025-08-02 17:05:43,203 [Worker-20: Building] INFO  o.a.m.s.f.DefaultMavenResourcesFiltering - Copying 0 resource from src\main\resources to target\classes
2025-08-02 17:05:43,205 [Worker-20: Building] INFO  o.a.m.s.f.DefaultMavenResourcesFiltering - skip non existing resourceDirectory C:\Users\DELL\Desktop\Perplexity\backend\greennest\src\test\resources
2025-08-02 17:06:09,036 [Worker-19: Building] INFO  o.a.m.s.f.DefaultMavenResourcesFiltering - Copying 1 resource from src\main\resources to target\classes
2025-08-02 17:06:09,041 [Worker-19: Building] INFO  o.a.m.s.f.DefaultMavenResourcesFiltering - Copying 0 resource from src\main\resources to target\classes
2025-08-02 17:06:09,045 [Worker-19: Building] INFO  o.a.m.s.f.DefaultMavenResourcesFiltering - skip non existing resourceDirectory C:\Users\DELL\Desktop\Perplexity\backend\greennest\src\test\resources
2025-08-02 17:06:14,616 [Worker-13: Launching Executing clean in C__Users_DELL_Desktop_Perplexity_backend_greennest] INFO  o.eclipse.m2e.core.internal.Bundles - getClasspathEntries(Bundle=org.eclipse.m2e.maven.runtime_3.9.900.20250220-2013 [361])
2025-08-02 17:06:14,617 [Worker-13: Launching Executing clean in C__Users_DELL_Desktop_Perplexity_backend_greennest] INFO  o.eclipse.m2e.core.internal.Bundles - 	Entry: C:\Users\DELL\Downloads\spring-tool-suite-4-4.29.1.RELEASE-e4.35.0-win32.win32.x86_64\sts-4.29.1.RELEASE\plugins\org.eclipse.m2e.maven.runtime_3.9.900.20250220-2013
2025-08-02 17:06:14,617 [Worker-13: Launching Executing clean in C__Users_DELL_Desktop_Perplexity_backend_greennest] INFO  o.eclipse.m2e.core.internal.Bundles - 	Entry: C:\Users\DELL\Downloads\spring-tool-suite-4-4.29.1.RELEASE-e4.35.0-win32.win32.x86_64\sts-4.29.1.RELEASE\plugins\org.eclipse.m2e.maven.runtime_3.9.900.20250220-2013\jars\aopalliance-1.0.jar
2025-08-02 17:06:14,617 [Worker-13: Launching Executing clean in C__Users_DELL_Desktop_Perplexity_backend_greennest] INFO  o.eclipse.m2e.core.internal.Bundles - 	Entry: C:\Users\DELL\Downloads\spring-tool-suite-4-4.29.1.RELEASE-e4.35.0-win32.win32.x86_64\sts-4.29.1.RELEASE\plugins\org.eclipse.m2e.maven.runtime_3.9.900.20250220-2013\jars\guice-5.1.0.jar
2025-08-02 17:06:14,618 [Worker-13: Launching Executing clean in C__Users_DELL_Desktop_Perplexity_backend_greennest] INFO  o.eclipse.m2e.core.internal.Bundles - 	Entry: C:\Users\DELL\Downloads\spring-tool-suite-4-4.29.1.RELEASE-e4.35.0-win32.win32.x86_64\sts-4.29.1.RELEASE\plugins\org.eclipse.m2e.maven.runtime_3.9.900.20250220-2013\jars\httpclient-4.5.14.jar
2025-08-02 17:06:14,618 [Worker-13: Launching Executing clean in C__Users_DELL_Desktop_Perplexity_backend_greennest] INFO  o.eclipse.m2e.core.internal.Bundles - 	Entry: C:\Users\DELL\Downloads\spring-tool-suite-4-4.29.1.RELEASE-e4.35.0-win32.win32.x86_64\sts-4.29.1.RELEASE\plugins\org.eclipse.m2e.maven.runtime_3.9.900.20250220-2013\jars\httpcore-4.4.16.jar
2025-08-02 17:06:14,618 [Worker-13: Launching Executing clean in C__Users_DELL_Desktop_Perplexity_backend_greennest] INFO  o.eclipse.m2e.core.internal.Bundles - 	Entry: C:\Users\DELL\Downloads\spring-tool-suite-4-4.29.1.RELEASE-e4.35.0-win32.win32.x86_64\sts-4.29.1.RELEASE\plugins\org.eclipse.m2e.maven.runtime_3.9.900.20250220-2013\jars\jansi-2.4.1.jar
2025-08-02 17:06:14,618 [Worker-13: Launching Executing clean in C__Users_DELL_Desktop_Perplexity_backend_greennest] INFO  o.eclipse.m2e.core.internal.Bundles - 	Entry: C:\Users\DELL\Downloads\spring-tool-suite-4-4.29.1.RELEASE-e4.35.0-win32.win32.x86_64\sts-4.29.1.RELEASE\plugins\org.eclipse.m2e.maven.runtime_3.9.900.20250220-2013\jars\jcl-over-slf4j-1.7.36.jar
2025-08-02 17:06:14,618 [Worker-13: Launching Executing clean in C__Users_DELL_Desktop_Perplexity_backend_greennest] INFO  o.eclipse.m2e.core.internal.Bundles - 	Entry: C:\Users\DELL\Downloads\spring-tool-suite-4-4.29.1.RELEASE-e4.35.0-win32.win32.x86_64\sts-4.29.1.RELEASE\plugins\org.eclipse.m2e.maven.runtime_3.9.900.20250220-2013\jars\maven-artifact-3.9.9.jar
2025-08-02 17:06:14,618 [Worker-13: Launching Executing clean in C__Users_DELL_Desktop_Perplexity_backend_greennest] INFO  o.eclipse.m2e.core.internal.Bundles - 	Entry: C:\Users\DELL\Downloads\spring-tool-suite-4-4.29.1.RELEASE-e4.35.0-win32.win32.x86_64\sts-4.29.1.RELEASE\plugins\org.eclipse.m2e.maven.runtime_3.9.900.20250220-2013\jars\maven-builder-support-3.9.9.jar
2025-08-02 17:06:14,618 [Worker-13: Launching Executing clean in C__Users_DELL_Desktop_Perplexity_backend_greennest] INFO  o.eclipse.m2e.core.internal.Bundles - 	Entry: C:\Users\DELL\Downloads\spring-tool-suite-4-4.29.1.RELEASE-e4.35.0-win32.win32.x86_64\sts-4.29.1.RELEASE\plugins\org.eclipse.m2e.maven.runtime_3.9.900.20250220-2013\jars\maven-compat-3.9.9.jar
2025-08-02 17:06:14,618 [Worker-13: Launching Executing clean in C__Users_DELL_Desktop_Perplexity_backend_greennest] INFO  o.eclipse.m2e.core.internal.Bundles - 	Entry: C:\Users\DELL\Downloads\spring-tool-suite-4-4.29.1.RELEASE-e4.35.0-win32.win32.x86_64\sts-4.29.1.RELEASE\plugins\org.eclipse.m2e.maven.runtime_3.9.900.20250220-2013\jars\maven-core-3.9.9.jar
2025-08-02 17:06:14,618 [Worker-13: Launching Executing clean in C__Users_DELL_Desktop_Perplexity_backend_greennest] INFO  o.eclipse.m2e.core.internal.Bundles - 	Entry: C:\Users\DELL\Downloads\spring-tool-suite-4-4.29.1.RELEASE-e4.35.0-win32.win32.x86_64\sts-4.29.1.RELEASE\plugins\org.eclipse.m2e.maven.runtime_3.9.900.20250220-2013\jars\maven-embedder-3.9.9.jar
2025-08-02 17:06:14,619 [Worker-13: Launching Executing clean in C__Users_DELL_Desktop_Perplexity_backend_greennest] INFO  o.eclipse.m2e.core.internal.Bundles - 	Entry: C:\Users\DELL\Downloads\spring-tool-suite-4-4.29.1.RELEASE-e4.35.0-win32.win32.x86_64\sts-4.29.1.RELEASE\plugins\org.eclipse.m2e.maven.runtime_3.9.900.20250220-2013\jars\maven-model-3.9.9.jar
2025-08-02 17:06:14,619 [Worker-13: Launching Executing clean in C__Users_DELL_Desktop_Perplexity_backend_greennest] INFO  o.eclipse.m2e.core.internal.Bundles - 	Entry: C:\Users\DELL\Downloads\spring-tool-suite-4-4.29.1.RELEASE-e4.35.0-win32.win32.x86_64\sts-4.29.1.RELEASE\plugins\org.eclipse.m2e.maven.runtime_3.9.900.20250220-2013\jars\maven-model-builder-3.9.9.jar
2025-08-02 17:06:14,619 [Worker-13: Launching Executing clean in C__Users_DELL_Desktop_Perplexity_backend_greennest] INFO  o.eclipse.m2e.core.internal.Bundles - 	Entry: C:\Users\DELL\Downloads\spring-tool-suite-4-4.29.1.RELEASE-e4.35.0-win32.win32.x86_64\sts-4.29.1.RELEASE\plugins\org.eclipse.m2e.maven.runtime_3.9.900.20250220-2013\jars\maven-plugin-api-3.9.9.jar
2025-08-02 17:06:14,619 [Worker-13: Launching Executing clean in C__Users_DELL_Desktop_Perplexity_backend_greennest] INFO  o.eclipse.m2e.core.internal.Bundles - 	Entry: C:\Users\DELL\Downloads\spring-tool-suite-4-4.29.1.RELEASE-e4.35.0-win32.win32.x86_64\sts-4.29.1.RELEASE\plugins\org.eclipse.m2e.maven.runtime_3.9.900.20250220-2013\jars\maven-repository-metadata-3.9.9.jar
2025-08-02 17:06:14,619 [Worker-13: Launching Executing clean in C__Users_DELL_Desktop_Perplexity_backend_greennest] INFO  o.eclipse.m2e.core.internal.Bundles - 	Entry: C:\Users\DELL\Downloads\spring-tool-suite-4-4.29.1.RELEASE-e4.35.0-win32.win32.x86_64\sts-4.29.1.RELEASE\plugins\org.eclipse.m2e.maven.runtime_3.9.900.20250220-2013\jars\maven-resolver-api-1.9.22.jar
2025-08-02 17:06:14,619 [Worker-13: Launching Executing clean in C__Users_DELL_Desktop_Perplexity_backend_greennest] INFO  o.eclipse.m2e.core.internal.Bundles - 	Entry: C:\Users\DELL\Downloads\spring-tool-suite-4-4.29.1.RELEASE-e4.35.0-win32.win32.x86_64\sts-4.29.1.RELEASE\plugins\org.eclipse.m2e.maven.runtime_3.9.900.20250220-2013\jars\maven-resolver-connector-basic-1.9.22.jar
2025-08-02 17:06:14,619 [Worker-13: Launching Executing clean in C__Users_DELL_Desktop_Perplexity_backend_greennest] INFO  o.eclipse.m2e.core.internal.Bundles - 	Entry: C:\Users\DELL\Downloads\spring-tool-suite-4-4.29.1.RELEASE-e4.35.0-win32.win32.x86_64\sts-4.29.1.RELEASE\plugins\org.eclipse.m2e.maven.runtime_3.9.900.20250220-2013\jars\maven-resolver-impl-1.9.22.jar
2025-08-02 17:06:14,619 [Worker-13: Launching Executing clean in C__Users_DELL_Desktop_Perplexity_backend_greennest] INFO  o.eclipse.m2e.core.internal.Bundles - 	Entry: C:\Users\DELL\Downloads\spring-tool-suite-4-4.29.1.RELEASE-e4.35.0-win32.win32.x86_64\sts-4.29.1.RELEASE\plugins\org.eclipse.m2e.maven.runtime_3.9.900.20250220-2013\jars\maven-resolver-named-locks-1.9.22.jar
2025-08-02 17:06:14,620 [Worker-13: Launching Executing clean in C__Users_DELL_Desktop_Perplexity_backend_greennest] INFO  o.eclipse.m2e.core.internal.Bundles - 	Entry: C:\Users\DELL\Downloads\spring-tool-suite-4-4.29.1.RELEASE-e4.35.0-win32.win32.x86_64\sts-4.29.1.RELEASE\plugins\org.eclipse.m2e.maven.runtime_3.9.900.20250220-2013\jars\maven-resolver-provider-3.9.9.jar
2025-08-02 17:06:14,620 [Worker-13: Launching Executing clean in C__Users_DELL_Desktop_Perplexity_backend_greennest] INFO  o.eclipse.m2e.core.internal.Bundles - 	Entry: C:\Users\DELL\Downloads\spring-tool-suite-4-4.29.1.RELEASE-e4.35.0-win32.win32.x86_64\sts-4.29.1.RELEASE\plugins\org.eclipse.m2e.maven.runtime_3.9.900.20250220-2013\jars\maven-resolver-spi-1.9.22.jar
2025-08-02 17:06:14,620 [Worker-13: Launching Executing clean in C__Users_DELL_Desktop_Perplexity_backend_greennest] INFO  o.eclipse.m2e.core.internal.Bundles - 	Entry: C:\Users\DELL\Downloads\spring-tool-suite-4-4.29.1.RELEASE-e4.35.0-win32.win32.x86_64\sts-4.29.1.RELEASE\plugins\org.eclipse.m2e.maven.runtime_3.9.900.20250220-2013\jars\maven-resolver-transport-file-1.9.22.jar
2025-08-02 17:06:14,620 [Worker-13: Launching Executing clean in C__Users_DELL_Desktop_Perplexity_backend_greennest] INFO  o.eclipse.m2e.core.internal.Bundles - 	Entry: C:\Users\DELL\Downloads\spring-tool-suite-4-4.29.1.RELEASE-e4.35.0-win32.win32.x86_64\sts-4.29.1.RELEASE\plugins\org.eclipse.m2e.maven.runtime_3.9.900.20250220-2013\jars\maven-resolver-transport-http-1.9.22.jar
2025-08-02 17:06:14,620 [Worker-13: Launching Executing clean in C__Users_DELL_Desktop_Perplexity_backend_greennest] INFO  o.eclipse.m2e.core.internal.Bundles - 	Entry: C:\Users\DELL\Downloads\spring-tool-suite-4-4.29.1.RELEASE-e4.35.0-win32.win32.x86_64\sts-4.29.1.RELEASE\plugins\org.eclipse.m2e.maven.runtime_3.9.900.20250220-2013\jars\maven-resolver-transport-wagon-1.9.22.jar
2025-08-02 17:06:14,620 [Worker-13: Launching Executing clean in C__Users_DELL_Desktop_Perplexity_backend_greennest] INFO  o.eclipse.m2e.core.internal.Bundles - 	Entry: C:\Users\DELL\Downloads\spring-tool-suite-4-4.29.1.RELEASE-e4.35.0-win32.win32.x86_64\sts-4.29.1.RELEASE\plugins\org.eclipse.m2e.maven.runtime_3.9.900.20250220-2013\jars\maven-resolver-util-1.9.22.jar
2025-08-02 17:06:14,620 [Worker-13: Launching Executing clean in C__Users_DELL_Desktop_Perplexity_backend_greennest] INFO  o.eclipse.m2e.core.internal.Bundles - 	Entry: C:\Users\DELL\Downloads\spring-tool-suite-4-4.29.1.RELEASE-e4.35.0-win32.win32.x86_64\sts-4.29.1.RELEASE\plugins\org.eclipse.m2e.maven.runtime_3.9.900.20250220-2013\jars\maven-settings-3.9.9.jar
2025-08-02 17:06:14,620 [Worker-13: Launching Executing clean in C__Users_DELL_Desktop_Perplexity_backend_greennest] INFO  o.eclipse.m2e.core.internal.Bundles - 	Entry: C:\Users\DELL\Downloads\spring-tool-suite-4-4.29.1.RELEASE-e4.35.0-win32.win32.x86_64\sts-4.29.1.RELEASE\plugins\org.eclipse.m2e.maven.runtime_3.9.900.20250220-2013\jars\maven-settings-builder-3.9.9.jar
2025-08-02 17:06:14,621 [Worker-13: Launching Executing clean in C__Users_DELL_Desktop_Perplexity_backend_greennest] INFO  o.eclipse.m2e.core.internal.Bundles - 	Entry: C:\Users\DELL\Downloads\spring-tool-suite-4-4.29.1.RELEASE-e4.35.0-win32.win32.x86_64\sts-4.29.1.RELEASE\plugins\org.eclipse.m2e.maven.runtime_3.9.900.20250220-2013\jars\maven-shared-utils-3.4.2.jar
2025-08-02 17:06:14,621 [Worker-13: Launching Executing clean in C__Users_DELL_Desktop_Perplexity_backend_greennest] INFO  o.eclipse.m2e.core.internal.Bundles - 	Entry: C:\Users\DELL\Downloads\spring-tool-suite-4-4.29.1.RELEASE-e4.35.0-win32.win32.x86_64\sts-4.29.1.RELEASE\plugins\org.eclipse.m2e.maven.runtime_3.9.900.20250220-2013\jars\org.eclipse.sisu.inject-0.9.0.M3.jar
2025-08-02 17:06:14,621 [Worker-13: Launching Executing clean in C__Users_DELL_Desktop_Perplexity_backend_greennest] INFO  o.eclipse.m2e.core.internal.Bundles - 	Entry: C:\Users\DELL\Downloads\spring-tool-suite-4-4.29.1.RELEASE-e4.35.0-win32.win32.x86_64\sts-4.29.1.RELEASE\plugins\org.eclipse.m2e.maven.runtime_3.9.900.20250220-2013\jars\org.eclipse.sisu.plexus-0.9.0.M3.jar
2025-08-02 17:06:14,621 [Worker-13: Launching Executing clean in C__Users_DELL_Desktop_Perplexity_backend_greennest] INFO  o.eclipse.m2e.core.internal.Bundles - 	Entry: C:\Users\DELL\Downloads\spring-tool-suite-4-4.29.1.RELEASE-e4.35.0-win32.win32.x86_64\sts-4.29.1.RELEASE\plugins\org.eclipse.m2e.maven.runtime_3.9.900.20250220-2013\jars\plexus-build-api-0.0.7.jar
2025-08-02 17:06:14,621 [Worker-13: Launching Executing clean in C__Users_DELL_Desktop_Perplexity_backend_greennest] INFO  o.eclipse.m2e.core.internal.Bundles - 	Entry: C:\Users\DELL\Downloads\spring-tool-suite-4-4.29.1.RELEASE-e4.35.0-win32.win32.x86_64\sts-4.29.1.RELEASE\plugins\org.eclipse.m2e.maven.runtime_3.9.900.20250220-2013\jars\plexus-build-api-1.2.0.jar
2025-08-02 17:06:14,621 [Worker-13: Launching Executing clean in C__Users_DELL_Desktop_Perplexity_backend_greennest] INFO  o.eclipse.m2e.core.internal.Bundles - 	Entry: C:\Users\DELL\Downloads\spring-tool-suite-4-4.29.1.RELEASE-e4.35.0-win32.win32.x86_64\sts-4.29.1.RELEASE\plugins\org.eclipse.m2e.maven.runtime_3.9.900.20250220-2013\jars\plexus-cipher-2.0.jar
2025-08-02 17:06:14,622 [Worker-13: Launching Executing clean in C__Users_DELL_Desktop_Perplexity_backend_greennest] INFO  o.eclipse.m2e.core.internal.Bundles - 	Entry: C:\Users\DELL\Downloads\spring-tool-suite-4-4.29.1.RELEASE-e4.35.0-win32.win32.x86_64\sts-4.29.1.RELEASE\plugins\org.eclipse.m2e.maven.runtime_3.9.900.20250220-2013\jars\plexus-classworlds-2.8.0.jar
2025-08-02 17:06:14,622 [Worker-13: Launching Executing clean in C__Users_DELL_Desktop_Perplexity_backend_greennest] INFO  o.eclipse.m2e.core.internal.Bundles - 	Entry: C:\Users\DELL\Downloads\spring-tool-suite-4-4.29.1.RELEASE-e4.35.0-win32.win32.x86_64\sts-4.29.1.RELEASE\plugins\org.eclipse.m2e.maven.runtime_3.9.900.20250220-2013\jars\plexus-component-annotations-2.1.0.jar
2025-08-02 17:06:14,622 [Worker-13: Launching Executing clean in C__Users_DELL_Desktop_Perplexity_backend_greennest] INFO  o.eclipse.m2e.core.internal.Bundles - 	Entry: C:\Users\DELL\Downloads\spring-tool-suite-4-4.29.1.RELEASE-e4.35.0-win32.win32.x86_64\sts-4.29.1.RELEASE\plugins\org.eclipse.m2e.maven.runtime_3.9.900.20250220-2013\jars\plexus-interpolation-1.27.jar
2025-08-02 17:06:14,622 [Worker-13: Launching Executing clean in C__Users_DELL_Desktop_Perplexity_backend_greennest] INFO  o.eclipse.m2e.core.internal.Bundles - 	Entry: C:\Users\DELL\Downloads\spring-tool-suite-4-4.29.1.RELEASE-e4.35.0-win32.win32.x86_64\sts-4.29.1.RELEASE\plugins\org.eclipse.m2e.maven.runtime_3.9.900.20250220-2013\jars\plexus-sec-dispatcher-2.0.jar
2025-08-02 17:06:14,622 [Worker-13: Launching Executing clean in C__Users_DELL_Desktop_Perplexity_backend_greennest] INFO  o.eclipse.m2e.core.internal.Bundles - 	Entry: C:\Users\DELL\Downloads\spring-tool-suite-4-4.29.1.RELEASE-e4.35.0-win32.win32.x86_64\sts-4.29.1.RELEASE\plugins\org.eclipse.m2e.maven.runtime_3.9.900.20250220-2013\jars\plexus-utils-3.5.1.jar
2025-08-02 17:06:14,622 [Worker-13: Launching Executing clean in C__Users_DELL_Desktop_Perplexity_backend_greennest] INFO  o.eclipse.m2e.core.internal.Bundles - 	Entry: C:\Users\DELL\Downloads\spring-tool-suite-4-4.29.1.RELEASE-e4.35.0-win32.win32.x86_64\sts-4.29.1.RELEASE\plugins\org.eclipse.m2e.maven.runtime_3.9.900.20250220-2013\jars\plexus-xml-3.0.1.jar
2025-08-02 17:06:14,622 [Worker-13: Launching Executing clean in C__Users_DELL_Desktop_Perplexity_backend_greennest] INFO  o.eclipse.m2e.core.internal.Bundles - 	Entry: C:\Users\DELL\Downloads\spring-tool-suite-4-4.29.1.RELEASE-e4.35.0-win32.win32.x86_64\sts-4.29.1.RELEASE\plugins\org.eclipse.m2e.maven.runtime_3.9.900.20250220-2013\jars\wagon-file-3.5.3.jar
2025-08-02 17:06:14,623 [Worker-13: Launching Executing clean in C__Users_DELL_Desktop_Perplexity_backend_greennest] INFO  o.eclipse.m2e.core.internal.Bundles - 	Entry: C:\Users\DELL\Downloads\spring-tool-suite-4-4.29.1.RELEASE-e4.35.0-win32.win32.x86_64\sts-4.29.1.RELEASE\plugins\org.eclipse.m2e.maven.runtime_3.9.900.20250220-2013\jars\wagon-http-3.5.3.jar
2025-08-02 17:06:14,623 [Worker-13: Launching Executing clean in C__Users_DELL_Desktop_Perplexity_backend_greennest] INFO  o.eclipse.m2e.core.internal.Bundles - 	Entry: C:\Users\DELL\Downloads\spring-tool-suite-4-4.29.1.RELEASE-e4.35.0-win32.win32.x86_64\sts-4.29.1.RELEASE\plugins\org.eclipse.m2e.maven.runtime_3.9.900.20250220-2013\jars\wagon-http-shared-3.5.3.jar
2025-08-02 17:06:14,623 [Worker-13: Launching Executing clean in C__Users_DELL_Desktop_Perplexity_backend_greennest] INFO  o.eclipse.m2e.core.internal.Bundles - 	Entry: C:\Users\DELL\Downloads\spring-tool-suite-4-4.29.1.RELEASE-e4.35.0-win32.win32.x86_64\sts-4.29.1.RELEASE\plugins\org.eclipse.m2e.maven.runtime_3.9.900.20250220-2013\jars\wagon-provider-api-3.5.3.jar
2025-08-02 17:06:14,623 [Worker-13: Launching Executing clean in C__Users_DELL_Desktop_Perplexity_backend_greennest] INFO  o.eclipse.m2e.core.internal.Bundles - getClasspathEntries(Bundle=com.google.guava_33.4.0.jre [29])
2025-08-02 17:06:14,623 [Worker-13: Launching Executing clean in C__Users_DELL_Desktop_Perplexity_backend_greennest] INFO  o.eclipse.m2e.core.internal.Bundles - 	Entry: C:\Users\DELL\Downloads\spring-tool-suite-4-4.29.1.RELEASE-e4.35.0-win32.win32.x86_64\sts-4.29.1.RELEASE\plugins\com.google.guava_33.4.0.jre.jar
2025-08-02 17:06:14,624 [Worker-13: Launching Executing clean in C__Users_DELL_Desktop_Perplexity_backend_greennest] INFO  o.eclipse.m2e.core.internal.Bundles - getClasspathEntries(Bundle=slf4j.api_2.0.17 [608])
2025-08-02 17:06:14,624 [Worker-13: Launching Executing clean in C__Users_DELL_Desktop_Perplexity_backend_greennest] INFO  o.eclipse.m2e.core.internal.Bundles - 	Entry: C:\Users\DELL\Downloads\spring-tool-suite-4-4.29.1.RELEASE-e4.35.0-win32.win32.x86_64\sts-4.29.1.RELEASE\plugins\slf4j.api_2.0.17.jar
2025-08-02 17:06:14,624 [Worker-13: Launching Executing clean in C__Users_DELL_Desktop_Perplexity_backend_greennest] INFO  o.eclipse.m2e.core.internal.Bundles - getClasspathEntries(Bundle=jakarta.inject.jakarta.inject-api_1.0.5 [45])
2025-08-02 17:06:14,624 [Worker-13: Launching Executing clean in C__Users_DELL_Desktop_Perplexity_backend_greennest] INFO  o.eclipse.m2e.core.internal.Bundles - 	Entry: C:\Users\DELL\Downloads\spring-tool-suite-4-4.29.1.RELEASE-e4.35.0-win32.win32.x86_64\sts-4.29.1.RELEASE\plugins\jakarta.inject.jakarta.inject-api_1.0.5.jar
2025-08-02 17:06:14,624 [Worker-13: Launching Executing clean in C__Users_DELL_Desktop_Perplexity_backend_greennest] INFO  o.eclipse.m2e.core.internal.Bundles - getClasspathEntries(Bundle=jakarta.annotation-api_1.3.5 [41])
2025-08-02 17:06:14,624 [Worker-13: Launching Executing clean in C__Users_DELL_Desktop_Perplexity_backend_greennest] INFO  o.eclipse.m2e.core.internal.Bundles - 	Entry: C:\Users\DELL\Downloads\spring-tool-suite-4-4.29.1.RELEASE-e4.35.0-win32.win32.x86_64\sts-4.29.1.RELEASE\plugins\jakarta.annotation-api_1.3.5.jar
2025-08-02 17:06:14,624 [Worker-13: Launching Executing clean in C__Users_DELL_Desktop_Perplexity_backend_greennest] INFO  o.eclipse.m2e.core.internal.Bundles - getClasspathEntries(Bundle=org.apache.commons.cli_1.9.0 [77])
2025-08-02 17:06:14,624 [Worker-13: Launching Executing clean in C__Users_DELL_Desktop_Perplexity_backend_greennest] INFO  o.eclipse.m2e.core.internal.Bundles - 	Entry: C:\Users\DELL\Downloads\spring-tool-suite-4-4.29.1.RELEASE-e4.35.0-win32.win32.x86_64\sts-4.29.1.RELEASE\plugins\org.apache.commons.cli_1.9.0.jar
2025-08-02 17:06:14,624 [Worker-13: Launching Executing clean in C__Users_DELL_Desktop_Perplexity_backend_greennest] INFO  o.eclipse.m2e.core.internal.Bundles - getClasspathEntries(Bundle=org.apache.commons.commons-codec_1.16.0 [79])
2025-08-02 17:06:14,625 [Worker-13: Launching Executing clean in C__Users_DELL_Desktop_Perplexity_backend_greennest] INFO  o.eclipse.m2e.core.internal.Bundles - 	Entry: C:\Users\DELL\Downloads\spring-tool-suite-4-4.29.1.RELEASE-e4.35.0-win32.win32.x86_64\sts-4.29.1.RELEASE\plugins\org.apache.commons.commons-codec_1.16.0.jar
2025-08-02 17:06:14,625 [Worker-13: Launching Executing clean in C__Users_DELL_Desktop_Perplexity_backend_greennest] INFO  o.eclipse.m2e.core.internal.Bundles - getClasspathEntries(Bundle=com.google.guava.failureaccess_1.0.2 [30])
2025-08-02 17:06:14,625 [Worker-13: Launching Executing clean in C__Users_DELL_Desktop_Perplexity_backend_greennest] INFO  o.eclipse.m2e.core.internal.Bundles - 	Entry: C:\Users\DELL\Downloads\spring-tool-suite-4-4.29.1.RELEASE-e4.35.0-win32.win32.x86_64\sts-4.29.1.RELEASE\plugins\com.google.guava.failureaccess_1.0.2.jar
2025-08-02 17:06:14,626 [Worker-13: Launching Executing clean in C__Users_DELL_Desktop_Perplexity_backend_greennest] INFO  o.e.m.i.launch.MavenLaunchDelegate - Run build in "C:\Users\DELL\Desktop\Perplexity\backend\greennest":
2025-08-02 17:06:14,626 [Worker-13: Launching Executing clean in C__Users_DELL_Desktop_Perplexity_backend_greennest] INFO  o.e.m.i.launch.MavenLaunchDelegate -  mvn  -Ppom.xml -B -Dstyle.color=always clean
2025-08-02 17:06:17,252 [Worker-12: Building] INFO  o.a.m.s.f.DefaultMavenResourcesFiltering - Copying 1 resource from src\main\resources to target\classes
2025-08-02 17:06:17,255 [Worker-12: Building] INFO  o.a.m.s.f.DefaultMavenResourcesFiltering - Copying 0 resource from src\main\resources to target\classes
2025-08-02 17:06:17,259 [Worker-12: Building] INFO  o.a.m.s.f.DefaultMavenResourcesFiltering - skip non existing resourceDirectory C:\Users\DELL\Desktop\Perplexity\backend\greennest\src\test\resources
2025-08-02 17:06:27,178 [Worker-12: Launching Executing install in C__Users_DELL_Desktop_Perplexity_backend_greennest] INFO  o.eclipse.m2e.core.internal.Bundles - getClasspathEntries(Bundle=org.eclipse.m2e.maven.runtime_3.9.900.20250220-2013 [361])
2025-08-02 17:06:27,179 [Worker-12: Launching Executing install in C__Users_DELL_Desktop_Perplexity_backend_greennest] INFO  o.eclipse.m2e.core.internal.Bundles - 	Entry: C:\Users\DELL\Downloads\spring-tool-suite-4-4.29.1.RELEASE-e4.35.0-win32.win32.x86_64\sts-4.29.1.RELEASE\plugins\org.eclipse.m2e.maven.runtime_3.9.900.20250220-2013
2025-08-02 17:06:27,179 [Worker-12: Launching Executing install in C__Users_DELL_Desktop_Perplexity_backend_greennest] INFO  o.eclipse.m2e.core.internal.Bundles - 	Entry: C:\Users\DELL\Downloads\spring-tool-suite-4-4.29.1.RELEASE-e4.35.0-win32.win32.x86_64\sts-4.29.1.RELEASE\plugins\org.eclipse.m2e.maven.runtime_3.9.900.20250220-2013\jars\aopalliance-1.0.jar
2025-08-02 17:06:27,180 [Worker-12: Launching Executing install in C__Users_DELL_Desktop_Perplexity_backend_greennest] INFO  o.eclipse.m2e.core.internal.Bundles - 	Entry: C:\Users\DELL\Downloads\spring-tool-suite-4-4.29.1.RELEASE-e4.35.0-win32.win32.x86_64\sts-4.29.1.RELEASE\plugins\org.eclipse.m2e.maven.runtime_3.9.900.20250220-2013\jars\guice-5.1.0.jar
2025-08-02 17:06:27,180 [Worker-12: Launching Executing install in C__Users_DELL_Desktop_Perplexity_backend_greennest] INFO  o.eclipse.m2e.core.internal.Bundles - 	Entry: C:\Users\DELL\Downloads\spring-tool-suite-4-4.29.1.RELEASE-e4.35.0-win32.win32.x86_64\sts-4.29.1.RELEASE\plugins\org.eclipse.m2e.maven.runtime_3.9.900.20250220-2013\jars\httpclient-4.5.14.jar
2025-08-02 17:06:27,180 [Worker-12: Launching Executing install in C__Users_DELL_Desktop_Perplexity_backend_greennest] INFO  o.eclipse.m2e.core.internal.Bundles - 	Entry: C:\Users\DELL\Downloads\spring-tool-suite-4-4.29.1.RELEASE-e4.35.0-win32.win32.x86_64\sts-4.29.1.RELEASE\plugins\org.eclipse.m2e.maven.runtime_3.9.900.20250220-2013\jars\httpcore-4.4.16.jar
2025-08-02 17:06:27,180 [Worker-12: Launching Executing install in C__Users_DELL_Desktop_Perplexity_backend_greennest] INFO  o.eclipse.m2e.core.internal.Bundles - 	Entry: C:\Users\DELL\Downloads\spring-tool-suite-4-4.29.1.RELEASE-e4.35.0-win32.win32.x86_64\sts-4.29.1.RELEASE\plugins\org.eclipse.m2e.maven.runtime_3.9.900.20250220-2013\jars\jansi-2.4.1.jar
2025-08-02 17:06:27,180 [Worker-12: Launching Executing install in C__Users_DELL_Desktop_Perplexity_backend_greennest] INFO  o.eclipse.m2e.core.internal.Bundles - 	Entry: C:\Users\DELL\Downloads\spring-tool-suite-4-4.29.1.RELEASE-e4.35.0-win32.win32.x86_64\sts-4.29.1.RELEASE\plugins\org.eclipse.m2e.maven.runtime_3.9.900.20250220-2013\jars\jcl-over-slf4j-1.7.36.jar
2025-08-02 17:06:27,181 [Worker-12: Launching Executing install in C__Users_DELL_Desktop_Perplexity_backend_greennest] INFO  o.eclipse.m2e.core.internal.Bundles - 	Entry: C:\Users\DELL\Downloads\spring-tool-suite-4-4.29.1.RELEASE-e4.35.0-win32.win32.x86_64\sts-4.29.1.RELEASE\plugins\org.eclipse.m2e.maven.runtime_3.9.900.20250220-2013\jars\maven-artifact-3.9.9.jar
2025-08-02 17:06:27,181 [Worker-12: Launching Executing install in C__Users_DELL_Desktop_Perplexity_backend_greennest] INFO  o.eclipse.m2e.core.internal.Bundles - 	Entry: C:\Users\DELL\Downloads\spring-tool-suite-4-4.29.1.RELEASE-e4.35.0-win32.win32.x86_64\sts-4.29.1.RELEASE\plugins\org.eclipse.m2e.maven.runtime_3.9.900.20250220-2013\jars\maven-builder-support-3.9.9.jar
2025-08-02 17:06:27,182 [Worker-12: Launching Executing install in C__Users_DELL_Desktop_Perplexity_backend_greennest] INFO  o.eclipse.m2e.core.internal.Bundles - 	Entry: C:\Users\DELL\Downloads\spring-tool-suite-4-4.29.1.RELEASE-e4.35.0-win32.win32.x86_64\sts-4.29.1.RELEASE\plugins\org.eclipse.m2e.maven.runtime_3.9.900.20250220-2013\jars\maven-compat-3.9.9.jar
2025-08-02 17:06:27,182 [Worker-12: Launching Executing install in C__Users_DELL_Desktop_Perplexity_backend_greennest] INFO  o.eclipse.m2e.core.internal.Bundles - 	Entry: C:\Users\DELL\Downloads\spring-tool-suite-4-4.29.1.RELEASE-e4.35.0-win32.win32.x86_64\sts-4.29.1.RELEASE\plugins\org.eclipse.m2e.maven.runtime_3.9.900.20250220-2013\jars\maven-core-3.9.9.jar
2025-08-02 17:06:27,182 [Worker-12: Launching Executing install in C__Users_DELL_Desktop_Perplexity_backend_greennest] INFO  o.eclipse.m2e.core.internal.Bundles - 	Entry: C:\Users\DELL\Downloads\spring-tool-suite-4-4.29.1.RELEASE-e4.35.0-win32.win32.x86_64\sts-4.29.1.RELEASE\plugins\org.eclipse.m2e.maven.runtime_3.9.900.20250220-2013\jars\maven-embedder-3.9.9.jar
2025-08-02 17:06:27,182 [Worker-12: Launching Executing install in C__Users_DELL_Desktop_Perplexity_backend_greennest] INFO  o.eclipse.m2e.core.internal.Bundles - 	Entry: C:\Users\DELL\Downloads\spring-tool-suite-4-4.29.1.RELEASE-e4.35.0-win32.win32.x86_64\sts-4.29.1.RELEASE\plugins\org.eclipse.m2e.maven.runtime_3.9.900.20250220-2013\jars\maven-model-3.9.9.jar
2025-08-02 17:06:27,182 [Worker-12: Launching Executing install in C__Users_DELL_Desktop_Perplexity_backend_greennest] INFO  o.eclipse.m2e.core.internal.Bundles - 	Entry: C:\Users\DELL\Downloads\spring-tool-suite-4-4.29.1.RELEASE-e4.35.0-win32.win32.x86_64\sts-4.29.1.RELEASE\plugins\org.eclipse.m2e.maven.runtime_3.9.900.20250220-2013\jars\maven-model-builder-3.9.9.jar
2025-08-02 17:06:27,182 [Worker-12: Launching Executing install in C__Users_DELL_Desktop_Perplexity_backend_greennest] INFO  o.eclipse.m2e.core.internal.Bundles - 	Entry: C:\Users\DELL\Downloads\spring-tool-suite-4-4.29.1.RELEASE-e4.35.0-win32.win32.x86_64\sts-4.29.1.RELEASE\plugins\org.eclipse.m2e.maven.runtime_3.9.900.20250220-2013\jars\maven-plugin-api-3.9.9.jar
2025-08-02 17:06:27,184 [Worker-12: Launching Executing install in C__Users_DELL_Desktop_Perplexity_backend_greennest] INFO  o.eclipse.m2e.core.internal.Bundles - 	Entry: C:\Users\DELL\Downloads\spring-tool-suite-4-4.29.1.RELEASE-e4.35.0-win32.win32.x86_64\sts-4.29.1.RELEASE\plugins\org.eclipse.m2e.maven.runtime_3.9.900.20250220-2013\jars\maven-repository-metadata-3.9.9.jar
2025-08-02 17:06:27,184 [Worker-12: Launching Executing install in C__Users_DELL_Desktop_Perplexity_backend_greennest] INFO  o.eclipse.m2e.core.internal.Bundles - 	Entry: C:\Users\DELL\Downloads\spring-tool-suite-4-4.29.1.RELEASE-e4.35.0-win32.win32.x86_64\sts-4.29.1.RELEASE\plugins\org.eclipse.m2e.maven.runtime_3.9.900.20250220-2013\jars\maven-resolver-api-1.9.22.jar
2025-08-02 17:06:27,184 [Worker-12: Launching Executing install in C__Users_DELL_Desktop_Perplexity_backend_greennest] INFO  o.eclipse.m2e.core.internal.Bundles - 	Entry: C:\Users\DELL\Downloads\spring-tool-suite-4-4.29.1.RELEASE-e4.35.0-win32.win32.x86_64\sts-4.29.1.RELEASE\plugins\org.eclipse.m2e.maven.runtime_3.9.900.20250220-2013\jars\maven-resolver-connector-basic-1.9.22.jar
2025-08-02 17:06:27,184 [Worker-12: Launching Executing install in C__Users_DELL_Desktop_Perplexity_backend_greennest] INFO  o.eclipse.m2e.core.internal.Bundles - 	Entry: C:\Users\DELL\Downloads\spring-tool-suite-4-4.29.1.RELEASE-e4.35.0-win32.win32.x86_64\sts-4.29.1.RELEASE\plugins\org.eclipse.m2e.maven.runtime_3.9.900.20250220-2013\jars\maven-resolver-impl-1.9.22.jar
2025-08-02 17:06:27,184 [Worker-12: Launching Executing install in C__Users_DELL_Desktop_Perplexity_backend_greennest] INFO  o.eclipse.m2e.core.internal.Bundles - 	Entry: C:\Users\DELL\Downloads\spring-tool-suite-4-4.29.1.RELEASE-e4.35.0-win32.win32.x86_64\sts-4.29.1.RELEASE\plugins\org.eclipse.m2e.maven.runtime_3.9.900.20250220-2013\jars\maven-resolver-named-locks-1.9.22.jar
2025-08-02 17:06:27,184 [Worker-12: Launching Executing install in C__Users_DELL_Desktop_Perplexity_backend_greennest] INFO  o.eclipse.m2e.core.internal.Bundles - 	Entry: C:\Users\DELL\Downloads\spring-tool-suite-4-4.29.1.RELEASE-e4.35.0-win32.win32.x86_64\sts-4.29.1.RELEASE\plugins\org.eclipse.m2e.maven.runtime_3.9.900.20250220-2013\jars\maven-resolver-provider-3.9.9.jar
2025-08-02 17:06:27,184 [Worker-12: Launching Executing install in C__Users_DELL_Desktop_Perplexity_backend_greennest] INFO  o.eclipse.m2e.core.internal.Bundles - 	Entry: C:\Users\DELL\Downloads\spring-tool-suite-4-4.29.1.RELEASE-e4.35.0-win32.win32.x86_64\sts-4.29.1.RELEASE\plugins\org.eclipse.m2e.maven.runtime_3.9.900.20250220-2013\jars\maven-resolver-spi-1.9.22.jar
2025-08-02 17:06:27,184 [Worker-12: Launching Executing install in C__Users_DELL_Desktop_Perplexity_backend_greennest] INFO  o.eclipse.m2e.core.internal.Bundles - 	Entry: C:\Users\DELL\Downloads\spring-tool-suite-4-4.29.1.RELEASE-e4.35.0-win32.win32.x86_64\sts-4.29.1.RELEASE\plugins\org.eclipse.m2e.maven.runtime_3.9.900.20250220-2013\jars\maven-resolver-transport-file-1.9.22.jar
2025-08-02 17:06:27,184 [Worker-12: Launching Executing install in C__Users_DELL_Desktop_Perplexity_backend_greennest] INFO  o.eclipse.m2e.core.internal.Bundles - 	Entry: C:\Users\DELL\Downloads\spring-tool-suite-4-4.29.1.RELEASE-e4.35.0-win32.win32.x86_64\sts-4.29.1.RELEASE\plugins\org.eclipse.m2e.maven.runtime_3.9.900.20250220-2013\jars\maven-resolver-transport-http-1.9.22.jar
2025-08-02 17:06:27,184 [Worker-12: Launching Executing install in C__Users_DELL_Desktop_Perplexity_backend_greennest] INFO  o.eclipse.m2e.core.internal.Bundles - 	Entry: C:\Users\DELL\Downloads\spring-tool-suite-4-4.29.1.RELEASE-e4.35.0-win32.win32.x86_64\sts-4.29.1.RELEASE\plugins\org.eclipse.m2e.maven.runtime_3.9.900.20250220-2013\jars\maven-resolver-transport-wagon-1.9.22.jar
2025-08-02 17:06:27,184 [Worker-12: Launching Executing install in C__Users_DELL_Desktop_Perplexity_backend_greennest] INFO  o.eclipse.m2e.core.internal.Bundles - 	Entry: C:\Users\DELL\Downloads\spring-tool-suite-4-4.29.1.RELEASE-e4.35.0-win32.win32.x86_64\sts-4.29.1.RELEASE\plugins\org.eclipse.m2e.maven.runtime_3.9.900.20250220-2013\jars\maven-resolver-util-1.9.22.jar
2025-08-02 17:06:27,184 [Worker-12: Launching Executing install in C__Users_DELL_Desktop_Perplexity_backend_greennest] INFO  o.eclipse.m2e.core.internal.Bundles - 	Entry: C:\Users\DELL\Downloads\spring-tool-suite-4-4.29.1.RELEASE-e4.35.0-win32.win32.x86_64\sts-4.29.1.RELEASE\plugins\org.eclipse.m2e.maven.runtime_3.9.900.20250220-2013\jars\maven-settings-3.9.9.jar
2025-08-02 17:06:27,184 [Worker-12: Launching Executing install in C__Users_DELL_Desktop_Perplexity_backend_greennest] INFO  o.eclipse.m2e.core.internal.Bundles - 	Entry: C:\Users\DELL\Downloads\spring-tool-suite-4-4.29.1.RELEASE-e4.35.0-win32.win32.x86_64\sts-4.29.1.RELEASE\plugins\org.eclipse.m2e.maven.runtime_3.9.900.20250220-2013\jars\maven-settings-builder-3.9.9.jar
2025-08-02 17:06:27,184 [Worker-12: Launching Executing install in C__Users_DELL_Desktop_Perplexity_backend_greennest] INFO  o.eclipse.m2e.core.internal.Bundles - 	Entry: C:\Users\DELL\Downloads\spring-tool-suite-4-4.29.1.RELEASE-e4.35.0-win32.win32.x86_64\sts-4.29.1.RELEASE\plugins\org.eclipse.m2e.maven.runtime_3.9.900.20250220-2013\jars\maven-shared-utils-3.4.2.jar
2025-08-02 17:06:27,184 [Worker-12: Launching Executing install in C__Users_DELL_Desktop_Perplexity_backend_greennest] INFO  o.eclipse.m2e.core.internal.Bundles - 	Entry: C:\Users\DELL\Downloads\spring-tool-suite-4-4.29.1.RELEASE-e4.35.0-win32.win32.x86_64\sts-4.29.1.RELEASE\plugins\org.eclipse.m2e.maven.runtime_3.9.900.20250220-2013\jars\org.eclipse.sisu.inject-0.9.0.M3.jar
2025-08-02 17:06:27,184 [Worker-12: Launching Executing install in C__Users_DELL_Desktop_Perplexity_backend_greennest] INFO  o.eclipse.m2e.core.internal.Bundles - 	Entry: C:\Users\DELL\Downloads\spring-tool-suite-4-4.29.1.RELEASE-e4.35.0-win32.win32.x86_64\sts-4.29.1.RELEASE\plugins\org.eclipse.m2e.maven.runtime_3.9.900.20250220-2013\jars\org.eclipse.sisu.plexus-0.9.0.M3.jar
2025-08-02 17:06:27,184 [Worker-12: Launching Executing install in C__Users_DELL_Desktop_Perplexity_backend_greennest] INFO  o.eclipse.m2e.core.internal.Bundles - 	Entry: C:\Users\DELL\Downloads\spring-tool-suite-4-4.29.1.RELEASE-e4.35.0-win32.win32.x86_64\sts-4.29.1.RELEASE\plugins\org.eclipse.m2e.maven.runtime_3.9.900.20250220-2013\jars\plexus-build-api-0.0.7.jar
2025-08-02 17:06:27,184 [Worker-12: Launching Executing install in C__Users_DELL_Desktop_Perplexity_backend_greennest] INFO  o.eclipse.m2e.core.internal.Bundles - 	Entry: C:\Users\DELL\Downloads\spring-tool-suite-4-4.29.1.RELEASE-e4.35.0-win32.win32.x86_64\sts-4.29.1.RELEASE\plugins\org.eclipse.m2e.maven.runtime_3.9.900.20250220-2013\jars\plexus-build-api-1.2.0.jar
2025-08-02 17:06:27,184 [Worker-12: Launching Executing install in C__Users_DELL_Desktop_Perplexity_backend_greennest] INFO  o.eclipse.m2e.core.internal.Bundles - 	Entry: C:\Users\DELL\Downloads\spring-tool-suite-4-4.29.1.RELEASE-e4.35.0-win32.win32.x86_64\sts-4.29.1.RELEASE\plugins\org.eclipse.m2e.maven.runtime_3.9.900.20250220-2013\jars\plexus-cipher-2.0.jar
2025-08-02 17:06:27,185 [Worker-12: Launching Executing install in C__Users_DELL_Desktop_Perplexity_backend_greennest] INFO  o.eclipse.m2e.core.internal.Bundles - 	Entry: C:\Users\DELL\Downloads\spring-tool-suite-4-4.29.1.RELEASE-e4.35.0-win32.win32.x86_64\sts-4.29.1.RELEASE\plugins\org.eclipse.m2e.maven.runtime_3.9.900.20250220-2013\jars\plexus-classworlds-2.8.0.jar
2025-08-02 17:06:27,185 [Worker-12: Launching Executing install in C__Users_DELL_Desktop_Perplexity_backend_greennest] INFO  o.eclipse.m2e.core.internal.Bundles - 	Entry: C:\Users\DELL\Downloads\spring-tool-suite-4-4.29.1.RELEASE-e4.35.0-win32.win32.x86_64\sts-4.29.1.RELEASE\plugins\org.eclipse.m2e.maven.runtime_3.9.900.20250220-2013\jars\plexus-component-annotations-2.1.0.jar
2025-08-02 17:06:27,185 [Worker-12: Launching Executing install in C__Users_DELL_Desktop_Perplexity_backend_greennest] INFO  o.eclipse.m2e.core.internal.Bundles - 	Entry: C:\Users\DELL\Downloads\spring-tool-suite-4-4.29.1.RELEASE-e4.35.0-win32.win32.x86_64\sts-4.29.1.RELEASE\plugins\org.eclipse.m2e.maven.runtime_3.9.900.20250220-2013\jars\plexus-interpolation-1.27.jar
2025-08-02 17:06:27,185 [Worker-12: Launching Executing install in C__Users_DELL_Desktop_Perplexity_backend_greennest] INFO  o.eclipse.m2e.core.internal.Bundles - 	Entry: C:\Users\DELL\Downloads\spring-tool-suite-4-4.29.1.RELEASE-e4.35.0-win32.win32.x86_64\sts-4.29.1.RELEASE\plugins\org.eclipse.m2e.maven.runtime_3.9.900.20250220-2013\jars\plexus-sec-dispatcher-2.0.jar
2025-08-02 17:06:27,185 [Worker-12: Launching Executing install in C__Users_DELL_Desktop_Perplexity_backend_greennest] INFO  o.eclipse.m2e.core.internal.Bundles - 	Entry: C:\Users\DELL\Downloads\spring-tool-suite-4-4.29.1.RELEASE-e4.35.0-win32.win32.x86_64\sts-4.29.1.RELEASE\plugins\org.eclipse.m2e.maven.runtime_3.9.900.20250220-2013\jars\plexus-utils-3.5.1.jar
2025-08-02 17:06:27,185 [Worker-12: Launching Executing install in C__Users_DELL_Desktop_Perplexity_backend_greennest] INFO  o.eclipse.m2e.core.internal.Bundles - 	Entry: C:\Users\DELL\Downloads\spring-tool-suite-4-4.29.1.RELEASE-e4.35.0-win32.win32.x86_64\sts-4.29.1.RELEASE\plugins\org.eclipse.m2e.maven.runtime_3.9.900.20250220-2013\jars\plexus-xml-3.0.1.jar
2025-08-02 17:06:27,185 [Worker-12: Launching Executing install in C__Users_DELL_Desktop_Perplexity_backend_greennest] INFO  o.eclipse.m2e.core.internal.Bundles - 	Entry: C:\Users\DELL\Downloads\spring-tool-suite-4-4.29.1.RELEASE-e4.35.0-win32.win32.x86_64\sts-4.29.1.RELEASE\plugins\org.eclipse.m2e.maven.runtime_3.9.900.20250220-2013\jars\wagon-file-3.5.3.jar
2025-08-02 17:06:27,185 [Worker-12: Launching Executing install in C__Users_DELL_Desktop_Perplexity_backend_greennest] INFO  o.eclipse.m2e.core.internal.Bundles - 	Entry: C:\Users\DELL\Downloads\spring-tool-suite-4-4.29.1.RELEASE-e4.35.0-win32.win32.x86_64\sts-4.29.1.RELEASE\plugins\org.eclipse.m2e.maven.runtime_3.9.900.20250220-2013\jars\wagon-http-3.5.3.jar
2025-08-02 17:06:27,185 [Worker-12: Launching Executing install in C__Users_DELL_Desktop_Perplexity_backend_greennest] INFO  o.eclipse.m2e.core.internal.Bundles - 	Entry: C:\Users\DELL\Downloads\spring-tool-suite-4-4.29.1.RELEASE-e4.35.0-win32.win32.x86_64\sts-4.29.1.RELEASE\plugins\org.eclipse.m2e.maven.runtime_3.9.900.20250220-2013\jars\wagon-http-shared-3.5.3.jar
2025-08-02 17:06:27,185 [Worker-12: Launching Executing install in C__Users_DELL_Desktop_Perplexity_backend_greennest] INFO  o.eclipse.m2e.core.internal.Bundles - 	Entry: C:\Users\DELL\Downloads\spring-tool-suite-4-4.29.1.RELEASE-e4.35.0-win32.win32.x86_64\sts-4.29.1.RELEASE\plugins\org.eclipse.m2e.maven.runtime_3.9.900.20250220-2013\jars\wagon-provider-api-3.5.3.jar
2025-08-02 17:06:27,186 [Worker-12: Launching Executing install in C__Users_DELL_Desktop_Perplexity_backend_greennest] INFO  o.eclipse.m2e.core.internal.Bundles - getClasspathEntries(Bundle=com.google.guava_33.4.0.jre [29])
2025-08-02 17:06:27,186 [Worker-12: Launching Executing install in C__Users_DELL_Desktop_Perplexity_backend_greennest] INFO  o.eclipse.m2e.core.internal.Bundles - 	Entry: C:\Users\DELL\Downloads\spring-tool-suite-4-4.29.1.RELEASE-e4.35.0-win32.win32.x86_64\sts-4.29.1.RELEASE\plugins\com.google.guava_33.4.0.jre.jar
2025-08-02 17:06:27,186 [Worker-12: Launching Executing install in C__Users_DELL_Desktop_Perplexity_backend_greennest] INFO  o.eclipse.m2e.core.internal.Bundles - getClasspathEntries(Bundle=slf4j.api_2.0.17 [608])
2025-08-02 17:06:27,187 [Worker-12: Launching Executing install in C__Users_DELL_Desktop_Perplexity_backend_greennest] INFO  o.eclipse.m2e.core.internal.Bundles - 	Entry: C:\Users\DELL\Downloads\spring-tool-suite-4-4.29.1.RELEASE-e4.35.0-win32.win32.x86_64\sts-4.29.1.RELEASE\plugins\slf4j.api_2.0.17.jar
2025-08-02 17:06:27,187 [Worker-12: Launching Executing install in C__Users_DELL_Desktop_Perplexity_backend_greennest] INFO  o.eclipse.m2e.core.internal.Bundles - getClasspathEntries(Bundle=jakarta.inject.jakarta.inject-api_1.0.5 [45])
2025-08-02 17:06:27,187 [Worker-12: Launching Executing install in C__Users_DELL_Desktop_Perplexity_backend_greennest] INFO  o.eclipse.m2e.core.internal.Bundles - 	Entry: C:\Users\DELL\Downloads\spring-tool-suite-4-4.29.1.RELEASE-e4.35.0-win32.win32.x86_64\sts-4.29.1.RELEASE\plugins\jakarta.inject.jakarta.inject-api_1.0.5.jar
2025-08-02 17:06:27,188 [Worker-12: Launching Executing install in C__Users_DELL_Desktop_Perplexity_backend_greennest] INFO  o.eclipse.m2e.core.internal.Bundles - getClasspathEntries(Bundle=jakarta.annotation-api_1.3.5 [41])
2025-08-02 17:06:27,188 [Worker-12: Launching Executing install in C__Users_DELL_Desktop_Perplexity_backend_greennest] INFO  o.eclipse.m2e.core.internal.Bundles - 	Entry: C:\Users\DELL\Downloads\spring-tool-suite-4-4.29.1.RELEASE-e4.35.0-win32.win32.x86_64\sts-4.29.1.RELEASE\plugins\jakarta.annotation-api_1.3.5.jar
2025-08-02 17:06:27,188 [Worker-12: Launching Executing install in C__Users_DELL_Desktop_Perplexity_backend_greennest] INFO  o.eclipse.m2e.core.internal.Bundles - getClasspathEntries(Bundle=org.apache.commons.cli_1.9.0 [77])
2025-08-02 17:06:27,189 [Worker-12: Launching Executing install in C__Users_DELL_Desktop_Perplexity_backend_greennest] INFO  o.eclipse.m2e.core.internal.Bundles - 	Entry: C:\Users\DELL\Downloads\spring-tool-suite-4-4.29.1.RELEASE-e4.35.0-win32.win32.x86_64\sts-4.29.1.RELEASE\plugins\org.apache.commons.cli_1.9.0.jar
2025-08-02 17:06:27,189 [Worker-12: Launching Executing install in C__Users_DELL_Desktop_Perplexity_backend_greennest] INFO  o.eclipse.m2e.core.internal.Bundles - getClasspathEntries(Bundle=org.apache.commons.commons-codec_1.16.0 [79])
2025-08-02 17:06:27,189 [Worker-12: Launching Executing install in C__Users_DELL_Desktop_Perplexity_backend_greennest] INFO  o.eclipse.m2e.core.internal.Bundles - 	Entry: C:\Users\DELL\Downloads\spring-tool-suite-4-4.29.1.RELEASE-e4.35.0-win32.win32.x86_64\sts-4.29.1.RELEASE\plugins\org.apache.commons.commons-codec_1.16.0.jar
2025-08-02 17:06:27,189 [Worker-12: Launching Executing install in C__Users_DELL_Desktop_Perplexity_backend_greennest] INFO  o.eclipse.m2e.core.internal.Bundles - getClasspathEntries(Bundle=com.google.guava.failureaccess_1.0.2 [30])
2025-08-02 17:06:27,190 [Worker-12: Launching Executing install in C__Users_DELL_Desktop_Perplexity_backend_greennest] INFO  o.eclipse.m2e.core.internal.Bundles - 	Entry: C:\Users\DELL\Downloads\spring-tool-suite-4-4.29.1.RELEASE-e4.35.0-win32.win32.x86_64\sts-4.29.1.RELEASE\plugins\com.google.guava.failureaccess_1.0.2.jar
2025-08-02 17:06:27,191 [Worker-12: Launching Executing install in C__Users_DELL_Desktop_Perplexity_backend_greennest] INFO  o.e.m.i.launch.MavenLaunchDelegate - Run build in "C:\Users\DELL\Desktop\Perplexity\backend\greennest":
2025-08-02 17:06:27,192 [Worker-12: Launching Executing install in C__Users_DELL_Desktop_Perplexity_backend_greennest] INFO  o.e.m.i.launch.MavenLaunchDelegate -  mvn  -Ppom.xml -B -Dstyle.color=always install
2025-08-02 17:06:39,306 [Worker-13: Building] INFO  o.a.m.s.f.DefaultMavenResourcesFiltering - Copying 1 resource from src\main\resources to target\classes
2025-08-02 17:06:39,309 [Worker-13: Building] INFO  o.a.m.s.f.DefaultMavenResourcesFiltering - Copying 0 resource from src\main\resources to target\classes
2025-08-02 17:06:39,313 [Worker-13: Building] INFO  o.a.m.s.f.DefaultMavenResourcesFiltering - skip non existing resourceDirectory C:\Users\DELL\Desktop\Perplexity\backend\greennest\src\test\resources
2025-08-02 17:07:19,724 [Worker-12: Launching Executing clean in C__Users_DELL_Desktop_Perplexity_backend_greennest] INFO  o.eclipse.m2e.core.internal.Bundles - getClasspathEntries(Bundle=org.eclipse.m2e.maven.runtime_3.9.900.20250220-2013 [361])
2025-08-02 17:07:19,725 [Worker-12: Launching Executing clean in C__Users_DELL_Desktop_Perplexity_backend_greennest] INFO  o.eclipse.m2e.core.internal.Bundles - 	Entry: C:\Users\DELL\Downloads\spring-tool-suite-4-4.29.1.RELEASE-e4.35.0-win32.win32.x86_64\sts-4.29.1.RELEASE\plugins\org.eclipse.m2e.maven.runtime_3.9.900.20250220-2013
2025-08-02 17:07:19,725 [Worker-12: Launching Executing clean in C__Users_DELL_Desktop_Perplexity_backend_greennest] INFO  o.eclipse.m2e.core.internal.Bundles - 	Entry: C:\Users\DELL\Downloads\spring-tool-suite-4-4.29.1.RELEASE-e4.35.0-win32.win32.x86_64\sts-4.29.1.RELEASE\plugins\org.eclipse.m2e.maven.runtime_3.9.900.20250220-2013\jars\aopalliance-1.0.jar
2025-08-02 17:07:19,726 [Worker-12: Launching Executing clean in C__Users_DELL_Desktop_Perplexity_backend_greennest] INFO  o.eclipse.m2e.core.internal.Bundles - 	Entry: C:\Users\DELL\Downloads\spring-tool-suite-4-4.29.1.RELEASE-e4.35.0-win32.win32.x86_64\sts-4.29.1.RELEASE\plugins\org.eclipse.m2e.maven.runtime_3.9.900.20250220-2013\jars\guice-5.1.0.jar
2025-08-02 17:07:19,726 [Worker-12: Launching Executing clean in C__Users_DELL_Desktop_Perplexity_backend_greennest] INFO  o.eclipse.m2e.core.internal.Bundles - 	Entry: C:\Users\DELL\Downloads\spring-tool-suite-4-4.29.1.RELEASE-e4.35.0-win32.win32.x86_64\sts-4.29.1.RELEASE\plugins\org.eclipse.m2e.maven.runtime_3.9.900.20250220-2013\jars\httpclient-4.5.14.jar
2025-08-02 17:07:19,726 [Worker-12: Launching Executing clean in C__Users_DELL_Desktop_Perplexity_backend_greennest] INFO  o.eclipse.m2e.core.internal.Bundles - 	Entry: C:\Users\DELL\Downloads\spring-tool-suite-4-4.29.1.RELEASE-e4.35.0-win32.win32.x86_64\sts-4.29.1.RELEASE\plugins\org.eclipse.m2e.maven.runtime_3.9.900.20250220-2013\jars\httpcore-4.4.16.jar
2025-08-02 17:07:19,726 [Worker-12: Launching Executing clean in C__Users_DELL_Desktop_Perplexity_backend_greennest] INFO  o.eclipse.m2e.core.internal.Bundles - 	Entry: C:\Users\DELL\Downloads\spring-tool-suite-4-4.29.1.RELEASE-e4.35.0-win32.win32.x86_64\sts-4.29.1.RELEASE\plugins\org.eclipse.m2e.maven.runtime_3.9.900.20250220-2013\jars\jansi-2.4.1.jar
2025-08-02 17:07:19,726 [Worker-12: Launching Executing clean in C__Users_DELL_Desktop_Perplexity_backend_greennest] INFO  o.eclipse.m2e.core.internal.Bundles - 	Entry: C:\Users\DELL\Downloads\spring-tool-suite-4-4.29.1.RELEASE-e4.35.0-win32.win32.x86_64\sts-4.29.1.RELEASE\plugins\org.eclipse.m2e.maven.runtime_3.9.900.20250220-2013\jars\jcl-over-slf4j-1.7.36.jar
2025-08-02 17:07:19,726 [Worker-12: Launching Executing clean in C__Users_DELL_Desktop_Perplexity_backend_greennest] INFO  o.eclipse.m2e.core.internal.Bundles - 	Entry: C:\Users\DELL\Downloads\spring-tool-suite-4-4.29.1.RELEASE-e4.35.0-win32.win32.x86_64\sts-4.29.1.RELEASE\plugins\org.eclipse.m2e.maven.runtime_3.9.900.20250220-2013\jars\maven-artifact-3.9.9.jar
2025-08-02 17:07:19,726 [Worker-12: Launching Executing clean in C__Users_DELL_Desktop_Perplexity_backend_greennest] INFO  o.eclipse.m2e.core.internal.Bundles - 	Entry: C:\Users\DELL\Downloads\spring-tool-suite-4-4.29.1.RELEASE-e4.35.0-win32.win32.x86_64\sts-4.29.1.RELEASE\plugins\org.eclipse.m2e.maven.runtime_3.9.900.20250220-2013\jars\maven-builder-support-3.9.9.jar
2025-08-02 17:07:19,726 [Worker-12: Launching Executing clean in C__Users_DELL_Desktop_Perplexity_backend_greennest] INFO  o.eclipse.m2e.core.internal.Bundles - 	Entry: C:\Users\DELL\Downloads\spring-tool-suite-4-4.29.1.RELEASE-e4.35.0-win32.win32.x86_64\sts-4.29.1.RELEASE\plugins\org.eclipse.m2e.maven.runtime_3.9.900.20250220-2013\jars\maven-compat-3.9.9.jar
2025-08-02 17:07:19,727 [Worker-12: Launching Executing clean in C__Users_DELL_Desktop_Perplexity_backend_greennest] INFO  o.eclipse.m2e.core.internal.Bundles - 	Entry: C:\Users\DELL\Downloads\spring-tool-suite-4-4.29.1.RELEASE-e4.35.0-win32.win32.x86_64\sts-4.29.1.RELEASE\plugins\org.eclipse.m2e.maven.runtime_3.9.900.20250220-2013\jars\maven-core-3.9.9.jar
2025-08-02 17:07:19,727 [Worker-12: Launching Executing clean in C__Users_DELL_Desktop_Perplexity_backend_greennest] INFO  o.eclipse.m2e.core.internal.Bundles - 	Entry: C:\Users\DELL\Downloads\spring-tool-suite-4-4.29.1.RELEASE-e4.35.0-win32.win32.x86_64\sts-4.29.1.RELEASE\plugins\org.eclipse.m2e.maven.runtime_3.9.900.20250220-2013\jars\maven-embedder-3.9.9.jar
2025-08-02 17:07:19,727 [Worker-12: Launching Executing clean in C__Users_DELL_Desktop_Perplexity_backend_greennest] INFO  o.eclipse.m2e.core.internal.Bundles - 	Entry: C:\Users\DELL\Downloads\spring-tool-suite-4-4.29.1.RELEASE-e4.35.0-win32.win32.x86_64\sts-4.29.1.RELEASE\plugins\org.eclipse.m2e.maven.runtime_3.9.900.20250220-2013\jars\maven-model-3.9.9.jar
2025-08-02 17:07:19,727 [Worker-12: Launching Executing clean in C__Users_DELL_Desktop_Perplexity_backend_greennest] INFO  o.eclipse.m2e.core.internal.Bundles - 	Entry: C:\Users\DELL\Downloads\spring-tool-suite-4-4.29.1.RELEASE-e4.35.0-win32.win32.x86_64\sts-4.29.1.RELEASE\plugins\org.eclipse.m2e.maven.runtime_3.9.900.20250220-2013\jars\maven-model-builder-3.9.9.jar
2025-08-02 17:07:19,727 [Worker-12: Launching Executing clean in C__Users_DELL_Desktop_Perplexity_backend_greennest] INFO  o.eclipse.m2e.core.internal.Bundles - 	Entry: C:\Users\DELL\Downloads\spring-tool-suite-4-4.29.1.RELEASE-e4.35.0-win32.win32.x86_64\sts-4.29.1.RELEASE\plugins\org.eclipse.m2e.maven.runtime_3.9.900.20250220-2013\jars\maven-plugin-api-3.9.9.jar
2025-08-02 17:07:19,727 [Worker-12: Launching Executing clean in C__Users_DELL_Desktop_Perplexity_backend_greennest] INFO  o.eclipse.m2e.core.internal.Bundles - 	Entry: C:\Users\DELL\Downloads\spring-tool-suite-4-4.29.1.RELEASE-e4.35.0-win32.win32.x86_64\sts-4.29.1.RELEASE\plugins\org.eclipse.m2e.maven.runtime_3.9.900.20250220-2013\jars\maven-repository-metadata-3.9.9.jar
2025-08-02 17:07:19,727 [Worker-12: Launching Executing clean in C__Users_DELL_Desktop_Perplexity_backend_greennest] INFO  o.eclipse.m2e.core.internal.Bundles - 	Entry: C:\Users\DELL\Downloads\spring-tool-suite-4-4.29.1.RELEASE-e4.35.0-win32.win32.x86_64\sts-4.29.1.RELEASE\plugins\org.eclipse.m2e.maven.runtime_3.9.900.20250220-2013\jars\maven-resolver-api-1.9.22.jar
2025-08-02 17:07:19,728 [Worker-12: Launching Executing clean in C__Users_DELL_Desktop_Perplexity_backend_greennest] INFO  o.eclipse.m2e.core.internal.Bundles - 	Entry: C:\Users\DELL\Downloads\spring-tool-suite-4-4.29.1.RELEASE-e4.35.0-win32.win32.x86_64\sts-4.29.1.RELEASE\plugins\org.eclipse.m2e.maven.runtime_3.9.900.20250220-2013\jars\maven-resolver-connector-basic-1.9.22.jar
2025-08-02 17:07:19,728 [Worker-12: Launching Executing clean in C__Users_DELL_Desktop_Perplexity_backend_greennest] INFO  o.eclipse.m2e.core.internal.Bundles - 	Entry: C:\Users\DELL\Downloads\spring-tool-suite-4-4.29.1.RELEASE-e4.35.0-win32.win32.x86_64\sts-4.29.1.RELEASE\plugins\org.eclipse.m2e.maven.runtime_3.9.900.20250220-2013\jars\maven-resolver-impl-1.9.22.jar
2025-08-02 17:07:19,728 [Worker-12: Launching Executing clean in C__Users_DELL_Desktop_Perplexity_backend_greennest] INFO  o.eclipse.m2e.core.internal.Bundles - 	Entry: C:\Users\DELL\Downloads\spring-tool-suite-4-4.29.1.RELEASE-e4.35.0-win32.win32.x86_64\sts-4.29.1.RELEASE\plugins\org.eclipse.m2e.maven.runtime_3.9.900.20250220-2013\jars\maven-resolver-named-locks-1.9.22.jar
2025-08-02 17:07:19,728 [Worker-12: Launching Executing clean in C__Users_DELL_Desktop_Perplexity_backend_greennest] INFO  o.eclipse.m2e.core.internal.Bundles - 	Entry: C:\Users\DELL\Downloads\spring-tool-suite-4-4.29.1.RELEASE-e4.35.0-win32.win32.x86_64\sts-4.29.1.RELEASE\plugins\org.eclipse.m2e.maven.runtime_3.9.900.20250220-2013\jars\maven-resolver-provider-3.9.9.jar
2025-08-02 17:07:19,728 [Worker-12: Launching Executing clean in C__Users_DELL_Desktop_Perplexity_backend_greennest] INFO  o.eclipse.m2e.core.internal.Bundles - 	Entry: C:\Users\DELL\Downloads\spring-tool-suite-4-4.29.1.RELEASE-e4.35.0-win32.win32.x86_64\sts-4.29.1.RELEASE\plugins\org.eclipse.m2e.maven.runtime_3.9.900.20250220-2013\jars\maven-resolver-spi-1.9.22.jar
2025-08-02 17:07:19,728 [Worker-12: Launching Executing clean in C__Users_DELL_Desktop_Perplexity_backend_greennest] INFO  o.eclipse.m2e.core.internal.Bundles - 	Entry: C:\Users\DELL\Downloads\spring-tool-suite-4-4.29.1.RELEASE-e4.35.0-win32.win32.x86_64\sts-4.29.1.RELEASE\plugins\org.eclipse.m2e.maven.runtime_3.9.900.20250220-2013\jars\maven-resolver-transport-file-1.9.22.jar
2025-08-02 17:07:19,728 [Worker-12: Launching Executing clean in C__Users_DELL_Desktop_Perplexity_backend_greennest] INFO  o.eclipse.m2e.core.internal.Bundles - 	Entry: C:\Users\DELL\Downloads\spring-tool-suite-4-4.29.1.RELEASE-e4.35.0-win32.win32.x86_64\sts-4.29.1.RELEASE\plugins\org.eclipse.m2e.maven.runtime_3.9.900.20250220-2013\jars\maven-resolver-transport-http-1.9.22.jar
2025-08-02 17:07:19,728 [Worker-12: Launching Executing clean in C__Users_DELL_Desktop_Perplexity_backend_greennest] INFO  o.eclipse.m2e.core.internal.Bundles - 	Entry: C:\Users\DELL\Downloads\spring-tool-suite-4-4.29.1.RELEASE-e4.35.0-win32.win32.x86_64\sts-4.29.1.RELEASE\plugins\org.eclipse.m2e.maven.runtime_3.9.900.20250220-2013\jars\maven-resolver-transport-wagon-1.9.22.jar
2025-08-02 17:07:19,729 [Worker-12: Launching Executing clean in C__Users_DELL_Desktop_Perplexity_backend_greennest] INFO  o.eclipse.m2e.core.internal.Bundles - 	Entry: C:\Users\DELL\Downloads\spring-tool-suite-4-4.29.1.RELEASE-e4.35.0-win32.win32.x86_64\sts-4.29.1.RELEASE\plugins\org.eclipse.m2e.maven.runtime_3.9.900.20250220-2013\jars\maven-resolver-util-1.9.22.jar
2025-08-02 17:07:19,729 [Worker-12: Launching Executing clean in C__Users_DELL_Desktop_Perplexity_backend_greennest] INFO  o.eclipse.m2e.core.internal.Bundles - 	Entry: C:\Users\DELL\Downloads\spring-tool-suite-4-4.29.1.RELEASE-e4.35.0-win32.win32.x86_64\sts-4.29.1.RELEASE\plugins\org.eclipse.m2e.maven.runtime_3.9.900.20250220-2013\jars\maven-settings-3.9.9.jar
2025-08-02 17:07:19,729 [Worker-12: Launching Executing clean in C__Users_DELL_Desktop_Perplexity_backend_greennest] INFO  o.eclipse.m2e.core.internal.Bundles - 	Entry: C:\Users\DELL\Downloads\spring-tool-suite-4-4.29.1.RELEASE-e4.35.0-win32.win32.x86_64\sts-4.29.1.RELEASE\plugins\org.eclipse.m2e.maven.runtime_3.9.900.20250220-2013\jars\maven-settings-builder-3.9.9.jar
2025-08-02 17:07:19,729 [Worker-12: Launching Executing clean in C__Users_DELL_Desktop_Perplexity_backend_greennest] INFO  o.eclipse.m2e.core.internal.Bundles - 	Entry: C:\Users\DELL\Downloads\spring-tool-suite-4-4.29.1.RELEASE-e4.35.0-win32.win32.x86_64\sts-4.29.1.RELEASE\plugins\org.eclipse.m2e.maven.runtime_3.9.900.20250220-2013\jars\maven-shared-utils-3.4.2.jar
2025-08-02 17:07:19,729 [Worker-12: Launching Executing clean in C__Users_DELL_Desktop_Perplexity_backend_greennest] INFO  o.eclipse.m2e.core.internal.Bundles - 	Entry: C:\Users\DELL\Downloads\spring-tool-suite-4-4.29.1.RELEASE-e4.35.0-win32.win32.x86_64\sts-4.29.1.RELEASE\plugins\org.eclipse.m2e.maven.runtime_3.9.900.20250220-2013\jars\org.eclipse.sisu.inject-0.9.0.M3.jar
2025-08-02 17:07:19,729 [Worker-12: Launching Executing clean in C__Users_DELL_Desktop_Perplexity_backend_greennest] INFO  o.eclipse.m2e.core.internal.Bundles - 	Entry: C:\Users\DELL\Downloads\spring-tool-suite-4-4.29.1.RELEASE-e4.35.0-win32.win32.x86_64\sts-4.29.1.RELEASE\plugins\org.eclipse.m2e.maven.runtime_3.9.900.20250220-2013\jars\org.eclipse.sisu.plexus-0.9.0.M3.jar
2025-08-02 17:07:19,729 [Worker-12: Launching Executing clean in C__Users_DELL_Desktop_Perplexity_backend_greennest] INFO  o.eclipse.m2e.core.internal.Bundles - 	Entry: C:\Users\DELL\Downloads\spring-tool-suite-4-4.29.1.RELEASE-e4.35.0-win32.win32.x86_64\sts-4.29.1.RELEASE\plugins\org.eclipse.m2e.maven.runtime_3.9.900.20250220-2013\jars\plexus-build-api-0.0.7.jar
2025-08-02 17:07:19,729 [Worker-12: Launching Executing clean in C__Users_DELL_Desktop_Perplexity_backend_greennest] INFO  o.eclipse.m2e.core.internal.Bundles - 	Entry: C:\Users\DELL\Downloads\spring-tool-suite-4-4.29.1.RELEASE-e4.35.0-win32.win32.x86_64\sts-4.29.1.RELEASE\plugins\org.eclipse.m2e.maven.runtime_3.9.900.20250220-2013\jars\plexus-build-api-1.2.0.jar
2025-08-02 17:07:19,729 [Worker-12: Launching Executing clean in C__Users_DELL_Desktop_Perplexity_backend_greennest] INFO  o.eclipse.m2e.core.internal.Bundles - 	Entry: C:\Users\DELL\Downloads\spring-tool-suite-4-4.29.1.RELEASE-e4.35.0-win32.win32.x86_64\sts-4.29.1.RELEASE\plugins\org.eclipse.m2e.maven.runtime_3.9.900.20250220-2013\jars\plexus-cipher-2.0.jar
2025-08-02 17:07:19,729 [Worker-12: Launching Executing clean in C__Users_DELL_Desktop_Perplexity_backend_greennest] INFO  o.eclipse.m2e.core.internal.Bundles - 	Entry: C:\Users\DELL\Downloads\spring-tool-suite-4-4.29.1.RELEASE-e4.35.0-win32.win32.x86_64\sts-4.29.1.RELEASE\plugins\org.eclipse.m2e.maven.runtime_3.9.900.20250220-2013\jars\plexus-classworlds-2.8.0.jar
2025-08-02 17:07:19,730 [Worker-12: Launching Executing clean in C__Users_DELL_Desktop_Perplexity_backend_greennest] INFO  o.eclipse.m2e.core.internal.Bundles - 	Entry: C:\Users\DELL\Downloads\spring-tool-suite-4-4.29.1.RELEASE-e4.35.0-win32.win32.x86_64\sts-4.29.1.RELEASE\plugins\org.eclipse.m2e.maven.runtime_3.9.900.20250220-2013\jars\plexus-component-annotations-2.1.0.jar
2025-08-02 17:07:19,730 [Worker-12: Launching Executing clean in C__Users_DELL_Desktop_Perplexity_backend_greennest] INFO  o.eclipse.m2e.core.internal.Bundles - 	Entry: C:\Users\DELL\Downloads\spring-tool-suite-4-4.29.1.RELEASE-e4.35.0-win32.win32.x86_64\sts-4.29.1.RELEASE\plugins\org.eclipse.m2e.maven.runtime_3.9.900.20250220-2013\jars\plexus-interpolation-1.27.jar
2025-08-02 17:07:19,730 [Worker-12: Launching Executing clean in C__Users_DELL_Desktop_Perplexity_backend_greennest] INFO  o.eclipse.m2e.core.internal.Bundles - 	Entry: C:\Users\DELL\Downloads\spring-tool-suite-4-4.29.1.RELEASE-e4.35.0-win32.win32.x86_64\sts-4.29.1.RELEASE\plugins\org.eclipse.m2e.maven.runtime_3.9.900.20250220-2013\jars\plexus-sec-dispatcher-2.0.jar
2025-08-02 17:07:19,730 [Worker-12: Launching Executing clean in C__Users_DELL_Desktop_Perplexity_backend_greennest] INFO  o.eclipse.m2e.core.internal.Bundles - 	Entry: C:\Users\DELL\Downloads\spring-tool-suite-4-4.29.1.RELEASE-e4.35.0-win32.win32.x86_64\sts-4.29.1.RELEASE\plugins\org.eclipse.m2e.maven.runtime_3.9.900.20250220-2013\jars\plexus-utils-3.5.1.jar
2025-08-02 17:07:19,730 [Worker-12: Launching Executing clean in C__Users_DELL_Desktop_Perplexity_backend_greennest] INFO  o.eclipse.m2e.core.internal.Bundles - 	Entry: C:\Users\DELL\Downloads\spring-tool-suite-4-4.29.1.RELEASE-e4.35.0-win32.win32.x86_64\sts-4.29.1.RELEASE\plugins\org.eclipse.m2e.maven.runtime_3.9.900.20250220-2013\jars\plexus-xml-3.0.1.jar
2025-08-02 17:07:19,730 [Worker-12: Launching Executing clean in C__Users_DELL_Desktop_Perplexity_backend_greennest] INFO  o.eclipse.m2e.core.internal.Bundles - 	Entry: C:\Users\DELL\Downloads\spring-tool-suite-4-4.29.1.RELEASE-e4.35.0-win32.win32.x86_64\sts-4.29.1.RELEASE\plugins\org.eclipse.m2e.maven.runtime_3.9.900.20250220-2013\jars\wagon-file-3.5.3.jar
2025-08-02 17:07:19,730 [Worker-12: Launching Executing clean in C__Users_DELL_Desktop_Perplexity_backend_greennest] INFO  o.eclipse.m2e.core.internal.Bundles - 	Entry: C:\Users\DELL\Downloads\spring-tool-suite-4-4.29.1.RELEASE-e4.35.0-win32.win32.x86_64\sts-4.29.1.RELEASE\plugins\org.eclipse.m2e.maven.runtime_3.9.900.20250220-2013\jars\wagon-http-3.5.3.jar
2025-08-02 17:07:19,730 [Worker-12: Launching Executing clean in C__Users_DELL_Desktop_Perplexity_backend_greennest] INFO  o.eclipse.m2e.core.internal.Bundles - 	Entry: C:\Users\DELL\Downloads\spring-tool-suite-4-4.29.1.RELEASE-e4.35.0-win32.win32.x86_64\sts-4.29.1.RELEASE\plugins\org.eclipse.m2e.maven.runtime_3.9.900.20250220-2013\jars\wagon-http-shared-3.5.3.jar
2025-08-02 17:07:19,730 [Worker-12: Launching Executing clean in C__Users_DELL_Desktop_Perplexity_backend_greennest] INFO  o.eclipse.m2e.core.internal.Bundles - 	Entry: C:\Users\DELL\Downloads\spring-tool-suite-4-4.29.1.RELEASE-e4.35.0-win32.win32.x86_64\sts-4.29.1.RELEASE\plugins\org.eclipse.m2e.maven.runtime_3.9.900.20250220-2013\jars\wagon-provider-api-3.5.3.jar
2025-08-02 17:07:19,730 [Worker-12: Launching Executing clean in C__Users_DELL_Desktop_Perplexity_backend_greennest] INFO  o.eclipse.m2e.core.internal.Bundles - getClasspathEntries(Bundle=com.google.guava_33.4.0.jre [29])
2025-08-02 17:07:19,731 [Worker-12: Launching Executing clean in C__Users_DELL_Desktop_Perplexity_backend_greennest] INFO  o.eclipse.m2e.core.internal.Bundles - 	Entry: C:\Users\DELL\Downloads\spring-tool-suite-4-4.29.1.RELEASE-e4.35.0-win32.win32.x86_64\sts-4.29.1.RELEASE\plugins\com.google.guava_33.4.0.jre.jar
2025-08-02 17:07:19,731 [Worker-12: Launching Executing clean in C__Users_DELL_Desktop_Perplexity_backend_greennest] INFO  o.eclipse.m2e.core.internal.Bundles - getClasspathEntries(Bundle=slf4j.api_2.0.17 [608])
2025-08-02 17:07:19,731 [Worker-12: Launching Executing clean in C__Users_DELL_Desktop_Perplexity_backend_greennest] INFO  o.eclipse.m2e.core.internal.Bundles - 	Entry: C:\Users\DELL\Downloads\spring-tool-suite-4-4.29.1.RELEASE-e4.35.0-win32.win32.x86_64\sts-4.29.1.RELEASE\plugins\slf4j.api_2.0.17.jar
2025-08-02 17:07:19,731 [Worker-12: Launching Executing clean in C__Users_DELL_Desktop_Perplexity_backend_greennest] INFO  o.eclipse.m2e.core.internal.Bundles - getClasspathEntries(Bundle=jakarta.inject.jakarta.inject-api_1.0.5 [45])
2025-08-02 17:07:19,732 [Worker-12: Launching Executing clean in C__Users_DELL_Desktop_Perplexity_backend_greennest] INFO  o.eclipse.m2e.core.internal.Bundles - 	Entry: C:\Users\DELL\Downloads\spring-tool-suite-4-4.29.1.RELEASE-e4.35.0-win32.win32.x86_64\sts-4.29.1.RELEASE\plugins\jakarta.inject.jakarta.inject-api_1.0.5.jar
2025-08-02 17:07:19,732 [Worker-12: Launching Executing clean in C__Users_DELL_Desktop_Perplexity_backend_greennest] INFO  o.eclipse.m2e.core.internal.Bundles - getClasspathEntries(Bundle=jakarta.annotation-api_1.3.5 [41])
2025-08-02 17:07:19,732 [Worker-12: Launching Executing clean in C__Users_DELL_Desktop_Perplexity_backend_greennest] INFO  o.eclipse.m2e.core.internal.Bundles - 	Entry: C:\Users\DELL\Downloads\spring-tool-suite-4-4.29.1.RELEASE-e4.35.0-win32.win32.x86_64\sts-4.29.1.RELEASE\plugins\jakarta.annotation-api_1.3.5.jar
2025-08-02 17:07:19,732 [Worker-12: Launching Executing clean in C__Users_DELL_Desktop_Perplexity_backend_greennest] INFO  o.eclipse.m2e.core.internal.Bundles - getClasspathEntries(Bundle=org.apache.commons.cli_1.9.0 [77])
2025-08-02 17:07:19,733 [Worker-12: Launching Executing clean in C__Users_DELL_Desktop_Perplexity_backend_greennest] INFO  o.eclipse.m2e.core.internal.Bundles - 	Entry: C:\Users\DELL\Downloads\spring-tool-suite-4-4.29.1.RELEASE-e4.35.0-win32.win32.x86_64\sts-4.29.1.RELEASE\plugins\org.apache.commons.cli_1.9.0.jar
2025-08-02 17:07:19,733 [Worker-12: Launching Executing clean in C__Users_DELL_Desktop_Perplexity_backend_greennest] INFO  o.eclipse.m2e.core.internal.Bundles - getClasspathEntries(Bundle=org.apache.commons.commons-codec_1.16.0 [79])
2025-08-02 17:07:19,733 [Worker-12: Launching Executing clean in C__Users_DELL_Desktop_Perplexity_backend_greennest] INFO  o.eclipse.m2e.core.internal.Bundles - 	Entry: C:\Users\DELL\Downloads\spring-tool-suite-4-4.29.1.RELEASE-e4.35.0-win32.win32.x86_64\sts-4.29.1.RELEASE\plugins\org.apache.commons.commons-codec_1.16.0.jar
2025-08-02 17:07:19,733 [Worker-12: Launching Executing clean in C__Users_DELL_Desktop_Perplexity_backend_greennest] INFO  o.eclipse.m2e.core.internal.Bundles - getClasspathEntries(Bundle=com.google.guava.failureaccess_1.0.2 [30])
2025-08-02 17:07:19,733 [Worker-12: Launching Executing clean in C__Users_DELL_Desktop_Perplexity_backend_greennest] INFO  o.eclipse.m2e.core.internal.Bundles - 	Entry: C:\Users\DELL\Downloads\spring-tool-suite-4-4.29.1.RELEASE-e4.35.0-win32.win32.x86_64\sts-4.29.1.RELEASE\plugins\com.google.guava.failureaccess_1.0.2.jar
2025-08-02 17:07:19,735 [Worker-12: Launching Executing clean in C__Users_DELL_Desktop_Perplexity_backend_greennest] INFO  o.e.m.i.launch.MavenLaunchDelegate - Run build in "C:\Users\DELL\Desktop\Perplexity\backend\greennest":
2025-08-02 17:07:19,735 [Worker-12: Launching Executing clean in C__Users_DELL_Desktop_Perplexity_backend_greennest] INFO  o.e.m.i.launch.MavenLaunchDelegate -  mvn  -Ppom.xml -B -Dstyle.color=always clean
2025-08-02 17:07:22,299 [Worker-23: Building] INFO  o.a.m.s.f.DefaultMavenResourcesFiltering - Copying 1 resource from src\main\resources to target\classes
2025-08-02 17:07:22,301 [Worker-23: Building] INFO  o.a.m.s.f.DefaultMavenResourcesFiltering - Copying 0 resource from src\main\resources to target\classes
2025-08-02 17:07:22,305 [Worker-23: Building] INFO  o.a.m.s.f.DefaultMavenResourcesFiltering - skip non existing resourceDirectory C:\Users\DELL\Desktop\Perplexity\backend\greennest\src\test\resources
2025-08-02 17:08:45,510 [Worker-21: Updating Maven Project] INFO  o.e.m.c.i.p.ProjectConfigurationManager - Update started
2025-08-02 17:08:45,981 [Worker-21: Updating Maven Project] INFO  o.e.m.c.i.l.LifecycleMappingFactory - Using org.eclipse.m2e.jdt.JarLifecycleMapping lifecycle mapping for MavenProject: com.greennest:greennest-backend:0.0.1-SNAPSHOT @ C:\Users\DELL\Desktop\Perplexity\backend\greennest\pom.xml.
2025-08-02 17:08:46,668 [Worker-21: Updating Maven Project] INFO  o.e.m.j.i.AbstractJavaProjectConfigurator - Adding source folder /greennest/src/main/java
2025-08-02 17:08:46,669 [Worker-21: Updating Maven Project] INFO  o.e.m.j.i.AbstractJavaProjectConfigurator - Adding resource folder /greennest/src/main/resources
2025-08-02 17:08:46,669 [Worker-21: Updating Maven Project] INFO  o.e.m.j.i.AbstractJavaProjectConfigurator - Adding resource folder /greennest/src/main/resources
2025-08-02 17:08:46,670 [Worker-21: Updating Maven Project] INFO  o.e.m.j.i.AbstractJavaProjectConfigurator - Adding source folder /greennest/src/test/java
2025-08-02 17:08:46,671 [Worker-21: Updating Maven Project] INFO  o.e.m.j.i.AbstractJavaProjectConfigurator - Adding resource folder /greennest/src/test/resources
2025-08-02 17:08:46,962 [Worker-21: Updating Maven Project] INFO  o.e.m.c.i.p.ProjectConfigurationManager - Update completed for 1 poms: local refresh takes 0.00 sec, refresh facades takes 1.00 sec, update config takes 0.00 sec 
2025-08-02 17:08:47,429 [Worker-20: Building] INFO  o.a.m.s.f.DefaultMavenResourcesFiltering - Copying 1 resource from src\main\resources to target\classes
2025-08-02 17:08:47,456 [Worker-20: Building] INFO  o.a.m.s.f.DefaultMavenResourcesFiltering - Copying 0 resource from src\main\resources to target\classes
2025-08-02 17:08:47,464 [Worker-20: Building] INFO  o.a.m.s.f.DefaultMavenResourcesFiltering - skip non existing resourceDirectory C:\Users\DELL\Desktop\Perplexity\backend\greennest\src\test\resources
2025-08-02 17:08:52,703 [Worker-24: Launching Executing clean in C__Users_DELL_Desktop_Perplexity_backend_greennest] INFO  o.eclipse.m2e.core.internal.Bundles - getClasspathEntries(Bundle=org.eclipse.m2e.maven.runtime_3.9.900.20250220-2013 [361])
2025-08-02 17:08:52,705 [Worker-24: Launching Executing clean in C__Users_DELL_Desktop_Perplexity_backend_greennest] INFO  o.eclipse.m2e.core.internal.Bundles - 	Entry: C:\Users\DELL\Downloads\spring-tool-suite-4-4.29.1.RELEASE-e4.35.0-win32.win32.x86_64\sts-4.29.1.RELEASE\plugins\org.eclipse.m2e.maven.runtime_3.9.900.20250220-2013
2025-08-02 17:08:52,705 [Worker-24: Launching Executing clean in C__Users_DELL_Desktop_Perplexity_backend_greennest] INFO  o.eclipse.m2e.core.internal.Bundles - 	Entry: C:\Users\DELL\Downloads\spring-tool-suite-4-4.29.1.RELEASE-e4.35.0-win32.win32.x86_64\sts-4.29.1.RELEASE\plugins\org.eclipse.m2e.maven.runtime_3.9.900.20250220-2013\jars\aopalliance-1.0.jar
2025-08-02 17:08:52,706 [Worker-24: Launching Executing clean in C__Users_DELL_Desktop_Perplexity_backend_greennest] INFO  o.eclipse.m2e.core.internal.Bundles - 	Entry: C:\Users\DELL\Downloads\spring-tool-suite-4-4.29.1.RELEASE-e4.35.0-win32.win32.x86_64\sts-4.29.1.RELEASE\plugins\org.eclipse.m2e.maven.runtime_3.9.900.20250220-2013\jars\guice-5.1.0.jar
2025-08-02 17:08:52,706 [Worker-24: Launching Executing clean in C__Users_DELL_Desktop_Perplexity_backend_greennest] INFO  o.eclipse.m2e.core.internal.Bundles - 	Entry: C:\Users\DELL\Downloads\spring-tool-suite-4-4.29.1.RELEASE-e4.35.0-win32.win32.x86_64\sts-4.29.1.RELEASE\plugins\org.eclipse.m2e.maven.runtime_3.9.900.20250220-2013\jars\httpclient-4.5.14.jar
2025-08-02 17:08:52,706 [Worker-24: Launching Executing clean in C__Users_DELL_Desktop_Perplexity_backend_greennest] INFO  o.eclipse.m2e.core.internal.Bundles - 	Entry: C:\Users\DELL\Downloads\spring-tool-suite-4-4.29.1.RELEASE-e4.35.0-win32.win32.x86_64\sts-4.29.1.RELEASE\plugins\org.eclipse.m2e.maven.runtime_3.9.900.20250220-2013\jars\httpcore-4.4.16.jar
2025-08-02 17:08:52,706 [Worker-24: Launching Executing clean in C__Users_DELL_Desktop_Perplexity_backend_greennest] INFO  o.eclipse.m2e.core.internal.Bundles - 	Entry: C:\Users\DELL\Downloads\spring-tool-suite-4-4.29.1.RELEASE-e4.35.0-win32.win32.x86_64\sts-4.29.1.RELEASE\plugins\org.eclipse.m2e.maven.runtime_3.9.900.20250220-2013\jars\jansi-2.4.1.jar
2025-08-02 17:08:52,706 [Worker-24: Launching Executing clean in C__Users_DELL_Desktop_Perplexity_backend_greennest] INFO  o.eclipse.m2e.core.internal.Bundles - 	Entry: C:\Users\DELL\Downloads\spring-tool-suite-4-4.29.1.RELEASE-e4.35.0-win32.win32.x86_64\sts-4.29.1.RELEASE\plugins\org.eclipse.m2e.maven.runtime_3.9.900.20250220-2013\jars\jcl-over-slf4j-1.7.36.jar
2025-08-02 17:08:52,706 [Worker-24: Launching Executing clean in C__Users_DELL_Desktop_Perplexity_backend_greennest] INFO  o.eclipse.m2e.core.internal.Bundles - 	Entry: C:\Users\DELL\Downloads\spring-tool-suite-4-4.29.1.RELEASE-e4.35.0-win32.win32.x86_64\sts-4.29.1.RELEASE\plugins\org.eclipse.m2e.maven.runtime_3.9.900.20250220-2013\jars\maven-artifact-3.9.9.jar
2025-08-02 17:08:52,706 [Worker-24: Launching Executing clean in C__Users_DELL_Desktop_Perplexity_backend_greennest] INFO  o.eclipse.m2e.core.internal.Bundles - 	Entry: C:\Users\DELL\Downloads\spring-tool-suite-4-4.29.1.RELEASE-e4.35.0-win32.win32.x86_64\sts-4.29.1.RELEASE\plugins\org.eclipse.m2e.maven.runtime_3.9.900.20250220-2013\jars\maven-builder-support-3.9.9.jar
2025-08-02 17:08:52,706 [Worker-24: Launching Executing clean in C__Users_DELL_Desktop_Perplexity_backend_greennest] INFO  o.eclipse.m2e.core.internal.Bundles - 	Entry: C:\Users\DELL\Downloads\spring-tool-suite-4-4.29.1.RELEASE-e4.35.0-win32.win32.x86_64\sts-4.29.1.RELEASE\plugins\org.eclipse.m2e.maven.runtime_3.9.900.20250220-2013\jars\maven-compat-3.9.9.jar
2025-08-02 17:08:52,706 [Worker-24: Launching Executing clean in C__Users_DELL_Desktop_Perplexity_backend_greennest] INFO  o.eclipse.m2e.core.internal.Bundles - 	Entry: C:\Users\DELL\Downloads\spring-tool-suite-4-4.29.1.RELEASE-e4.35.0-win32.win32.x86_64\sts-4.29.1.RELEASE\plugins\org.eclipse.m2e.maven.runtime_3.9.900.20250220-2013\jars\maven-core-3.9.9.jar
2025-08-02 17:08:52,706 [Worker-24: Launching Executing clean in C__Users_DELL_Desktop_Perplexity_backend_greennest] INFO  o.eclipse.m2e.core.internal.Bundles - 	Entry: C:\Users\DELL\Downloads\spring-tool-suite-4-4.29.1.RELEASE-e4.35.0-win32.win32.x86_64\sts-4.29.1.RELEASE\plugins\org.eclipse.m2e.maven.runtime_3.9.900.20250220-2013\jars\maven-embedder-3.9.9.jar
2025-08-02 17:08:52,707 [Worker-24: Launching Executing clean in C__Users_DELL_Desktop_Perplexity_backend_greennest] INFO  o.eclipse.m2e.core.internal.Bundles - 	Entry: C:\Users\DELL\Downloads\spring-tool-suite-4-4.29.1.RELEASE-e4.35.0-win32.win32.x86_64\sts-4.29.1.RELEASE\plugins\org.eclipse.m2e.maven.runtime_3.9.900.20250220-2013\jars\maven-model-3.9.9.jar
2025-08-02 17:08:52,707 [Worker-24: Launching Executing clean in C__Users_DELL_Desktop_Perplexity_backend_greennest] INFO  o.eclipse.m2e.core.internal.Bundles - 	Entry: C:\Users\DELL\Downloads\spring-tool-suite-4-4.29.1.RELEASE-e4.35.0-win32.win32.x86_64\sts-4.29.1.RELEASE\plugins\org.eclipse.m2e.maven.runtime_3.9.900.20250220-2013\jars\maven-model-builder-3.9.9.jar
2025-08-02 17:08:52,707 [Worker-24: Launching Executing clean in C__Users_DELL_Desktop_Perplexity_backend_greennest] INFO  o.eclipse.m2e.core.internal.Bundles - 	Entry: C:\Users\DELL\Downloads\spring-tool-suite-4-4.29.1.RELEASE-e4.35.0-win32.win32.x86_64\sts-4.29.1.RELEASE\plugins\org.eclipse.m2e.maven.runtime_3.9.900.20250220-2013\jars\maven-plugin-api-3.9.9.jar
2025-08-02 17:08:52,707 [Worker-24: Launching Executing clean in C__Users_DELL_Desktop_Perplexity_backend_greennest] INFO  o.eclipse.m2e.core.internal.Bundles - 	Entry: C:\Users\DELL\Downloads\spring-tool-suite-4-4.29.1.RELEASE-e4.35.0-win32.win32.x86_64\sts-4.29.1.RELEASE\plugins\org.eclipse.m2e.maven.runtime_3.9.900.20250220-2013\jars\maven-repository-metadata-3.9.9.jar
2025-08-02 17:08:52,707 [Worker-24: Launching Executing clean in C__Users_DELL_Desktop_Perplexity_backend_greennest] INFO  o.eclipse.m2e.core.internal.Bundles - 	Entry: C:\Users\DELL\Downloads\spring-tool-suite-4-4.29.1.RELEASE-e4.35.0-win32.win32.x86_64\sts-4.29.1.RELEASE\plugins\org.eclipse.m2e.maven.runtime_3.9.900.20250220-2013\jars\maven-resolver-api-1.9.22.jar
2025-08-02 17:08:52,707 [Worker-24: Launching Executing clean in C__Users_DELL_Desktop_Perplexity_backend_greennest] INFO  o.eclipse.m2e.core.internal.Bundles - 	Entry: C:\Users\DELL\Downloads\spring-tool-suite-4-4.29.1.RELEASE-e4.35.0-win32.win32.x86_64\sts-4.29.1.RELEASE\plugins\org.eclipse.m2e.maven.runtime_3.9.900.20250220-2013\jars\maven-resolver-connector-basic-1.9.22.jar
2025-08-02 17:08:52,707 [Worker-24: Launching Executing clean in C__Users_DELL_Desktop_Perplexity_backend_greennest] INFO  o.eclipse.m2e.core.internal.Bundles - 	Entry: C:\Users\DELL\Downloads\spring-tool-suite-4-4.29.1.RELEASE-e4.35.0-win32.win32.x86_64\sts-4.29.1.RELEASE\plugins\org.eclipse.m2e.maven.runtime_3.9.900.20250220-2013\jars\maven-resolver-impl-1.9.22.jar
2025-08-02 17:08:52,707 [Worker-24: Launching Executing clean in C__Users_DELL_Desktop_Perplexity_backend_greennest] INFO  o.eclipse.m2e.core.internal.Bundles - 	Entry: C:\Users\DELL\Downloads\spring-tool-suite-4-4.29.1.RELEASE-e4.35.0-win32.win32.x86_64\sts-4.29.1.RELEASE\plugins\org.eclipse.m2e.maven.runtime_3.9.900.20250220-2013\jars\maven-resolver-named-locks-1.9.22.jar
2025-08-02 17:08:52,707 [Worker-24: Launching Executing clean in C__Users_DELL_Desktop_Perplexity_backend_greennest] INFO  o.eclipse.m2e.core.internal.Bundles - 	Entry: C:\Users\DELL\Downloads\spring-tool-suite-4-4.29.1.RELEASE-e4.35.0-win32.win32.x86_64\sts-4.29.1.RELEASE\plugins\org.eclipse.m2e.maven.runtime_3.9.900.20250220-2013\jars\maven-resolver-provider-3.9.9.jar
2025-08-02 17:08:52,708 [Worker-24: Launching Executing clean in C__Users_DELL_Desktop_Perplexity_backend_greennest] INFO  o.eclipse.m2e.core.internal.Bundles - 	Entry: C:\Users\DELL\Downloads\spring-tool-suite-4-4.29.1.RELEASE-e4.35.0-win32.win32.x86_64\sts-4.29.1.RELEASE\plugins\org.eclipse.m2e.maven.runtime_3.9.900.20250220-2013\jars\maven-resolver-spi-1.9.22.jar
2025-08-02 17:08:52,708 [Worker-24: Launching Executing clean in C__Users_DELL_Desktop_Perplexity_backend_greennest] INFO  o.eclipse.m2e.core.internal.Bundles - 	Entry: C:\Users\DELL\Downloads\spring-tool-suite-4-4.29.1.RELEASE-e4.35.0-win32.win32.x86_64\sts-4.29.1.RELEASE\plugins\org.eclipse.m2e.maven.runtime_3.9.900.20250220-2013\jars\maven-resolver-transport-file-1.9.22.jar
2025-08-02 17:08:52,708 [Worker-24: Launching Executing clean in C__Users_DELL_Desktop_Perplexity_backend_greennest] INFO  o.eclipse.m2e.core.internal.Bundles - 	Entry: C:\Users\DELL\Downloads\spring-tool-suite-4-4.29.1.RELEASE-e4.35.0-win32.win32.x86_64\sts-4.29.1.RELEASE\plugins\org.eclipse.m2e.maven.runtime_3.9.900.20250220-2013\jars\maven-resolver-transport-http-1.9.22.jar
2025-08-02 17:08:52,708 [Worker-24: Launching Executing clean in C__Users_DELL_Desktop_Perplexity_backend_greennest] INFO  o.eclipse.m2e.core.internal.Bundles - 	Entry: C:\Users\DELL\Downloads\spring-tool-suite-4-4.29.1.RELEASE-e4.35.0-win32.win32.x86_64\sts-4.29.1.RELEASE\plugins\org.eclipse.m2e.maven.runtime_3.9.900.20250220-2013\jars\maven-resolver-transport-wagon-1.9.22.jar
2025-08-02 17:08:52,708 [Worker-24: Launching Executing clean in C__Users_DELL_Desktop_Perplexity_backend_greennest] INFO  o.eclipse.m2e.core.internal.Bundles - 	Entry: C:\Users\DELL\Downloads\spring-tool-suite-4-4.29.1.RELEASE-e4.35.0-win32.win32.x86_64\sts-4.29.1.RELEASE\plugins\org.eclipse.m2e.maven.runtime_3.9.900.20250220-2013\jars\maven-resolver-util-1.9.22.jar
2025-08-02 17:08:52,708 [Worker-24: Launching Executing clean in C__Users_DELL_Desktop_Perplexity_backend_greennest] INFO  o.eclipse.m2e.core.internal.Bundles - 	Entry: C:\Users\DELL\Downloads\spring-tool-suite-4-4.29.1.RELEASE-e4.35.0-win32.win32.x86_64\sts-4.29.1.RELEASE\plugins\org.eclipse.m2e.maven.runtime_3.9.900.20250220-2013\jars\maven-settings-3.9.9.jar
2025-08-02 17:08:52,708 [Worker-24: Launching Executing clean in C__Users_DELL_Desktop_Perplexity_backend_greennest] INFO  o.eclipse.m2e.core.internal.Bundles - 	Entry: C:\Users\DELL\Downloads\spring-tool-suite-4-4.29.1.RELEASE-e4.35.0-win32.win32.x86_64\sts-4.29.1.RELEASE\plugins\org.eclipse.m2e.maven.runtime_3.9.900.20250220-2013\jars\maven-settings-builder-3.9.9.jar
2025-08-02 17:08:52,708 [Worker-24: Launching Executing clean in C__Users_DELL_Desktop_Perplexity_backend_greennest] INFO  o.eclipse.m2e.core.internal.Bundles - 	Entry: C:\Users\DELL\Downloads\spring-tool-suite-4-4.29.1.RELEASE-e4.35.0-win32.win32.x86_64\sts-4.29.1.RELEASE\plugins\org.eclipse.m2e.maven.runtime_3.9.900.20250220-2013\jars\maven-shared-utils-3.4.2.jar
2025-08-02 17:08:52,708 [Worker-24: Launching Executing clean in C__Users_DELL_Desktop_Perplexity_backend_greennest] INFO  o.eclipse.m2e.core.internal.Bundles - 	Entry: C:\Users\DELL\Downloads\spring-tool-suite-4-4.29.1.RELEASE-e4.35.0-win32.win32.x86_64\sts-4.29.1.RELEASE\plugins\org.eclipse.m2e.maven.runtime_3.9.900.20250220-2013\jars\org.eclipse.sisu.inject-0.9.0.M3.jar
2025-08-02 17:08:52,708 [Worker-24: Launching Executing clean in C__Users_DELL_Desktop_Perplexity_backend_greennest] INFO  o.eclipse.m2e.core.internal.Bundles - 	Entry: C:\Users\DELL\Downloads\spring-tool-suite-4-4.29.1.RELEASE-e4.35.0-win32.win32.x86_64\sts-4.29.1.RELEASE\plugins\org.eclipse.m2e.maven.runtime_3.9.900.20250220-2013\jars\org.eclipse.sisu.plexus-0.9.0.M3.jar
2025-08-02 17:08:52,708 [Worker-24: Launching Executing clean in C__Users_DELL_Desktop_Perplexity_backend_greennest] INFO  o.eclipse.m2e.core.internal.Bundles - 	Entry: C:\Users\DELL\Downloads\spring-tool-suite-4-4.29.1.RELEASE-e4.35.0-win32.win32.x86_64\sts-4.29.1.RELEASE\plugins\org.eclipse.m2e.maven.runtime_3.9.900.20250220-2013\jars\plexus-build-api-0.0.7.jar
2025-08-02 17:08:52,708 [Worker-24: Launching Executing clean in C__Users_DELL_Desktop_Perplexity_backend_greennest] INFO  o.eclipse.m2e.core.internal.Bundles - 	Entry: C:\Users\DELL\Downloads\spring-tool-suite-4-4.29.1.RELEASE-e4.35.0-win32.win32.x86_64\sts-4.29.1.RELEASE\plugins\org.eclipse.m2e.maven.runtime_3.9.900.20250220-2013\jars\plexus-build-api-1.2.0.jar
2025-08-02 17:08:52,708 [Worker-24: Launching Executing clean in C__Users_DELL_Desktop_Perplexity_backend_greennest] INFO  o.eclipse.m2e.core.internal.Bundles - 	Entry: C:\Users\DELL\Downloads\spring-tool-suite-4-4.29.1.RELEASE-e4.35.0-win32.win32.x86_64\sts-4.29.1.RELEASE\plugins\org.eclipse.m2e.maven.runtime_3.9.900.20250220-2013\jars\plexus-cipher-2.0.jar
2025-08-02 17:08:52,709 [Worker-24: Launching Executing clean in C__Users_DELL_Desktop_Perplexity_backend_greennest] INFO  o.eclipse.m2e.core.internal.Bundles - 	Entry: C:\Users\DELL\Downloads\spring-tool-suite-4-4.29.1.RELEASE-e4.35.0-win32.win32.x86_64\sts-4.29.1.RELEASE\plugins\org.eclipse.m2e.maven.runtime_3.9.900.20250220-2013\jars\plexus-classworlds-2.8.0.jar
2025-08-02 17:08:52,709 [Worker-24: Launching Executing clean in C__Users_DELL_Desktop_Perplexity_backend_greennest] INFO  o.eclipse.m2e.core.internal.Bundles - 	Entry: C:\Users\DELL\Downloads\spring-tool-suite-4-4.29.1.RELEASE-e4.35.0-win32.win32.x86_64\sts-4.29.1.RELEASE\plugins\org.eclipse.m2e.maven.runtime_3.9.900.20250220-2013\jars\plexus-component-annotations-2.1.0.jar
2025-08-02 17:08:52,709 [Worker-24: Launching Executing clean in C__Users_DELL_Desktop_Perplexity_backend_greennest] INFO  o.eclipse.m2e.core.internal.Bundles - 	Entry: C:\Users\DELL\Downloads\spring-tool-suite-4-4.29.1.RELEASE-e4.35.0-win32.win32.x86_64\sts-4.29.1.RELEASE\plugins\org.eclipse.m2e.maven.runtime_3.9.900.20250220-2013\jars\plexus-interpolation-1.27.jar
2025-08-02 17:08:52,709 [Worker-24: Launching Executing clean in C__Users_DELL_Desktop_Perplexity_backend_greennest] INFO  o.eclipse.m2e.core.internal.Bundles - 	Entry: C:\Users\DELL\Downloads\spring-tool-suite-4-4.29.1.RELEASE-e4.35.0-win32.win32.x86_64\sts-4.29.1.RELEASE\plugins\org.eclipse.m2e.maven.runtime_3.9.900.20250220-2013\jars\plexus-sec-dispatcher-2.0.jar
2025-08-02 17:08:52,709 [Worker-24: Launching Executing clean in C__Users_DELL_Desktop_Perplexity_backend_greennest] INFO  o.eclipse.m2e.core.internal.Bundles - 	Entry: C:\Users\DELL\Downloads\spring-tool-suite-4-4.29.1.RELEASE-e4.35.0-win32.win32.x86_64\sts-4.29.1.RELEASE\plugins\org.eclipse.m2e.maven.runtime_3.9.900.20250220-2013\jars\plexus-utils-3.5.1.jar
2025-08-02 17:08:52,709 [Worker-24: Launching Executing clean in C__Users_DELL_Desktop_Perplexity_backend_greennest] INFO  o.eclipse.m2e.core.internal.Bundles - 	Entry: C:\Users\DELL\Downloads\spring-tool-suite-4-4.29.1.RELEASE-e4.35.0-win32.win32.x86_64\sts-4.29.1.RELEASE\plugins\org.eclipse.m2e.maven.runtime_3.9.900.20250220-2013\jars\plexus-xml-3.0.1.jar
2025-08-02 17:08:52,709 [Worker-24: Launching Executing clean in C__Users_DELL_Desktop_Perplexity_backend_greennest] INFO  o.eclipse.m2e.core.internal.Bundles - 	Entry: C:\Users\DELL\Downloads\spring-tool-suite-4-4.29.1.RELEASE-e4.35.0-win32.win32.x86_64\sts-4.29.1.RELEASE\plugins\org.eclipse.m2e.maven.runtime_3.9.900.20250220-2013\jars\wagon-file-3.5.3.jar
2025-08-02 17:08:52,709 [Worker-24: Launching Executing clean in C__Users_DELL_Desktop_Perplexity_backend_greennest] INFO  o.eclipse.m2e.core.internal.Bundles - 	Entry: C:\Users\DELL\Downloads\spring-tool-suite-4-4.29.1.RELEASE-e4.35.0-win32.win32.x86_64\sts-4.29.1.RELEASE\plugins\org.eclipse.m2e.maven.runtime_3.9.900.20250220-2013\jars\wagon-http-3.5.3.jar
2025-08-02 17:08:52,709 [Worker-24: Launching Executing clean in C__Users_DELL_Desktop_Perplexity_backend_greennest] INFO  o.eclipse.m2e.core.internal.Bundles - 	Entry: C:\Users\DELL\Downloads\spring-tool-suite-4-4.29.1.RELEASE-e4.35.0-win32.win32.x86_64\sts-4.29.1.RELEASE\plugins\org.eclipse.m2e.maven.runtime_3.9.900.20250220-2013\jars\wagon-http-shared-3.5.3.jar
2025-08-02 17:08:52,709 [Worker-24: Launching Executing clean in C__Users_DELL_Desktop_Perplexity_backend_greennest] INFO  o.eclipse.m2e.core.internal.Bundles - 	Entry: C:\Users\DELL\Downloads\spring-tool-suite-4-4.29.1.RELEASE-e4.35.0-win32.win32.x86_64\sts-4.29.1.RELEASE\plugins\org.eclipse.m2e.maven.runtime_3.9.900.20250220-2013\jars\wagon-provider-api-3.5.3.jar
2025-08-02 17:08:52,709 [Worker-24: Launching Executing clean in C__Users_DELL_Desktop_Perplexity_backend_greennest] INFO  o.eclipse.m2e.core.internal.Bundles - getClasspathEntries(Bundle=com.google.guava_33.4.0.jre [29])
2025-08-02 17:08:52,710 [Worker-24: Launching Executing clean in C__Users_DELL_Desktop_Perplexity_backend_greennest] INFO  o.eclipse.m2e.core.internal.Bundles - 	Entry: C:\Users\DELL\Downloads\spring-tool-suite-4-4.29.1.RELEASE-e4.35.0-win32.win32.x86_64\sts-4.29.1.RELEASE\plugins\com.google.guava_33.4.0.jre.jar
2025-08-02 17:08:52,710 [Worker-24: Launching Executing clean in C__Users_DELL_Desktop_Perplexity_backend_greennest] INFO  o.eclipse.m2e.core.internal.Bundles - getClasspathEntries(Bundle=slf4j.api_2.0.17 [608])
2025-08-02 17:08:52,710 [Worker-24: Launching Executing clean in C__Users_DELL_Desktop_Perplexity_backend_greennest] INFO  o.eclipse.m2e.core.internal.Bundles - 	Entry: C:\Users\DELL\Downloads\spring-tool-suite-4-4.29.1.RELEASE-e4.35.0-win32.win32.x86_64\sts-4.29.1.RELEASE\plugins\slf4j.api_2.0.17.jar
2025-08-02 17:08:52,710 [Worker-24: Launching Executing clean in C__Users_DELL_Desktop_Perplexity_backend_greennest] INFO  o.eclipse.m2e.core.internal.Bundles - getClasspathEntries(Bundle=jakarta.inject.jakarta.inject-api_1.0.5 [45])
2025-08-02 17:08:52,710 [Worker-24: Launching Executing clean in C__Users_DELL_Desktop_Perplexity_backend_greennest] INFO  o.eclipse.m2e.core.internal.Bundles - 	Entry: C:\Users\DELL\Downloads\spring-tool-suite-4-4.29.1.RELEASE-e4.35.0-win32.win32.x86_64\sts-4.29.1.RELEASE\plugins\jakarta.inject.jakarta.inject-api_1.0.5.jar
2025-08-02 17:08:52,710 [Worker-24: Launching Executing clean in C__Users_DELL_Desktop_Perplexity_backend_greennest] INFO  o.eclipse.m2e.core.internal.Bundles - getClasspathEntries(Bundle=jakarta.annotation-api_1.3.5 [41])
2025-08-02 17:08:52,710 [Worker-24: Launching Executing clean in C__Users_DELL_Desktop_Perplexity_backend_greennest] INFO  o.eclipse.m2e.core.internal.Bundles - 	Entry: C:\Users\DELL\Downloads\spring-tool-suite-4-4.29.1.RELEASE-e4.35.0-win32.win32.x86_64\sts-4.29.1.RELEASE\plugins\jakarta.annotation-api_1.3.5.jar
2025-08-02 17:08:52,710 [Worker-24: Launching Executing clean in C__Users_DELL_Desktop_Perplexity_backend_greennest] INFO  o.eclipse.m2e.core.internal.Bundles - getClasspathEntries(Bundle=org.apache.commons.cli_1.9.0 [77])
2025-08-02 17:08:52,711 [Worker-24: Launching Executing clean in C__Users_DELL_Desktop_Perplexity_backend_greennest] INFO  o.eclipse.m2e.core.internal.Bundles - 	Entry: C:\Users\DELL\Downloads\spring-tool-suite-4-4.29.1.RELEASE-e4.35.0-win32.win32.x86_64\sts-4.29.1.RELEASE\plugins\org.apache.commons.cli_1.9.0.jar
2025-08-02 17:08:52,711 [Worker-24: Launching Executing clean in C__Users_DELL_Desktop_Perplexity_backend_greennest] INFO  o.eclipse.m2e.core.internal.Bundles - getClasspathEntries(Bundle=org.apache.commons.commons-codec_1.16.0 [79])
2025-08-02 17:08:52,711 [Worker-24: Launching Executing clean in C__Users_DELL_Desktop_Perplexity_backend_greennest] INFO  o.eclipse.m2e.core.internal.Bundles - 	Entry: C:\Users\DELL\Downloads\spring-tool-suite-4-4.29.1.RELEASE-e4.35.0-win32.win32.x86_64\sts-4.29.1.RELEASE\plugins\org.apache.commons.commons-codec_1.16.0.jar
2025-08-02 17:08:52,711 [Worker-24: Launching Executing clean in C__Users_DELL_Desktop_Perplexity_backend_greennest] INFO  o.eclipse.m2e.core.internal.Bundles - getClasspathEntries(Bundle=com.google.guava.failureaccess_1.0.2 [30])
2025-08-02 17:08:52,711 [Worker-24: Launching Executing clean in C__Users_DELL_Desktop_Perplexity_backend_greennest] INFO  o.eclipse.m2e.core.internal.Bundles - 	Entry: C:\Users\DELL\Downloads\spring-tool-suite-4-4.29.1.RELEASE-e4.35.0-win32.win32.x86_64\sts-4.29.1.RELEASE\plugins\com.google.guava.failureaccess_1.0.2.jar
2025-08-02 17:08:52,712 [Worker-24: Launching Executing clean in C__Users_DELL_Desktop_Perplexity_backend_greennest] INFO  o.e.m.i.launch.MavenLaunchDelegate - Run build in "C:\Users\DELL\Desktop\Perplexity\backend\greennest":
2025-08-02 17:08:52,712 [Worker-24: Launching Executing clean in C__Users_DELL_Desktop_Perplexity_backend_greennest] INFO  o.e.m.i.launch.MavenLaunchDelegate -  mvn  -Ppom.xml -B -Dstyle.color=always clean
2025-08-02 17:08:55,214 [Worker-29: Building] INFO  o.a.m.s.f.DefaultMavenResourcesFiltering - Copying 1 resource from src\main\resources to target\classes
2025-08-02 17:08:55,217 [Worker-29: Building] INFO  o.a.m.s.f.DefaultMavenResourcesFiltering - Copying 0 resource from src\main\resources to target\classes
2025-08-02 17:08:55,219 [Worker-29: Building] INFO  o.a.m.s.f.DefaultMavenResourcesFiltering - skip non existing resourceDirectory C:\Users\DELL\Desktop\Perplexity\backend\greennest\src\test\resources
2025-08-02 17:09:00,484 [Worker-21: Building] INFO  o.a.m.s.f.DefaultMavenResourcesFiltering - Copying 1 resource from src\main\resources to target\classes
2025-08-02 17:09:00,486 [Worker-21: Building] INFO  o.a.m.s.f.DefaultMavenResourcesFiltering - Copying 0 resource from src\main\resources to target\classes
2025-08-02 17:09:00,489 [Worker-21: Building] INFO  o.a.m.s.f.DefaultMavenResourcesFiltering - skip non existing resourceDirectory C:\Users\DELL\Desktop\Perplexity\backend\greennest\src\test\resources
2025-08-02 17:09:54,245 [Worker-23: Launching greennest (4)] INFO  o.eclipse.m2e.core.internal.Bundles - getClasspathEntries(Bundle=org.eclipse.m2e.maven.runtime_3.9.900.20250220-2013 [361])
2025-08-02 17:09:54,246 [Worker-23: Launching greennest (4)] INFO  o.eclipse.m2e.core.internal.Bundles - 	Entry: C:\Users\DELL\Downloads\spring-tool-suite-4-4.29.1.RELEASE-e4.35.0-win32.win32.x86_64\sts-4.29.1.RELEASE\plugins\org.eclipse.m2e.maven.runtime_3.9.900.20250220-2013
2025-08-02 17:09:54,246 [Worker-23: Launching greennest (4)] INFO  o.eclipse.m2e.core.internal.Bundles - 	Entry: C:\Users\DELL\Downloads\spring-tool-suite-4-4.29.1.RELEASE-e4.35.0-win32.win32.x86_64\sts-4.29.1.RELEASE\plugins\org.eclipse.m2e.maven.runtime_3.9.900.20250220-2013\jars\aopalliance-1.0.jar
2025-08-02 17:09:54,247 [Worker-23: Launching greennest (4)] INFO  o.eclipse.m2e.core.internal.Bundles - 	Entry: C:\Users\DELL\Downloads\spring-tool-suite-4-4.29.1.RELEASE-e4.35.0-win32.win32.x86_64\sts-4.29.1.RELEASE\plugins\org.eclipse.m2e.maven.runtime_3.9.900.20250220-2013\jars\guice-5.1.0.jar
2025-08-02 17:09:54,247 [Worker-23: Launching greennest (4)] INFO  o.eclipse.m2e.core.internal.Bundles - 	Entry: C:\Users\DELL\Downloads\spring-tool-suite-4-4.29.1.RELEASE-e4.35.0-win32.win32.x86_64\sts-4.29.1.RELEASE\plugins\org.eclipse.m2e.maven.runtime_3.9.900.20250220-2013\jars\httpclient-4.5.14.jar
2025-08-02 17:09:54,247 [Worker-23: Launching greennest (4)] INFO  o.eclipse.m2e.core.internal.Bundles - 	Entry: C:\Users\DELL\Downloads\spring-tool-suite-4-4.29.1.RELEASE-e4.35.0-win32.win32.x86_64\sts-4.29.1.RELEASE\plugins\org.eclipse.m2e.maven.runtime_3.9.900.20250220-2013\jars\httpcore-4.4.16.jar
2025-08-02 17:09:54,247 [Worker-23: Launching greennest (4)] INFO  o.eclipse.m2e.core.internal.Bundles - 	Entry: C:\Users\DELL\Downloads\spring-tool-suite-4-4.29.1.RELEASE-e4.35.0-win32.win32.x86_64\sts-4.29.1.RELEASE\plugins\org.eclipse.m2e.maven.runtime_3.9.900.20250220-2013\jars\jansi-2.4.1.jar
2025-08-02 17:09:54,247 [Worker-23: Launching greennest (4)] INFO  o.eclipse.m2e.core.internal.Bundles - 	Entry: C:\Users\DELL\Downloads\spring-tool-suite-4-4.29.1.RELEASE-e4.35.0-win32.win32.x86_64\sts-4.29.1.RELEASE\plugins\org.eclipse.m2e.maven.runtime_3.9.900.20250220-2013\jars\jcl-over-slf4j-1.7.36.jar
2025-08-02 17:09:54,247 [Worker-23: Launching greennest (4)] INFO  o.eclipse.m2e.core.internal.Bundles - 	Entry: C:\Users\DELL\Downloads\spring-tool-suite-4-4.29.1.RELEASE-e4.35.0-win32.win32.x86_64\sts-4.29.1.RELEASE\plugins\org.eclipse.m2e.maven.runtime_3.9.900.20250220-2013\jars\maven-artifact-3.9.9.jar
2025-08-02 17:09:54,247 [Worker-23: Launching greennest (4)] INFO  o.eclipse.m2e.core.internal.Bundles - 	Entry: C:\Users\DELL\Downloads\spring-tool-suite-4-4.29.1.RELEASE-e4.35.0-win32.win32.x86_64\sts-4.29.1.RELEASE\plugins\org.eclipse.m2e.maven.runtime_3.9.900.20250220-2013\jars\maven-builder-support-3.9.9.jar
2025-08-02 17:09:54,247 [Worker-23: Launching greennest (4)] INFO  o.eclipse.m2e.core.internal.Bundles - 	Entry: C:\Users\DELL\Downloads\spring-tool-suite-4-4.29.1.RELEASE-e4.35.0-win32.win32.x86_64\sts-4.29.1.RELEASE\plugins\org.eclipse.m2e.maven.runtime_3.9.900.20250220-2013\jars\maven-compat-3.9.9.jar
2025-08-02 17:09:54,247 [Worker-23: Launching greennest (4)] INFO  o.eclipse.m2e.core.internal.Bundles - 	Entry: C:\Users\DELL\Downloads\spring-tool-suite-4-4.29.1.RELEASE-e4.35.0-win32.win32.x86_64\sts-4.29.1.RELEASE\plugins\org.eclipse.m2e.maven.runtime_3.9.900.20250220-2013\jars\maven-core-3.9.9.jar
2025-08-02 17:09:54,248 [Worker-23: Launching greennest (4)] INFO  o.eclipse.m2e.core.internal.Bundles - 	Entry: C:\Users\DELL\Downloads\spring-tool-suite-4-4.29.1.RELEASE-e4.35.0-win32.win32.x86_64\sts-4.29.1.RELEASE\plugins\org.eclipse.m2e.maven.runtime_3.9.900.20250220-2013\jars\maven-embedder-3.9.9.jar
2025-08-02 17:09:54,248 [Worker-23: Launching greennest (4)] INFO  o.eclipse.m2e.core.internal.Bundles - 	Entry: C:\Users\DELL\Downloads\spring-tool-suite-4-4.29.1.RELEASE-e4.35.0-win32.win32.x86_64\sts-4.29.1.RELEASE\plugins\org.eclipse.m2e.maven.runtime_3.9.900.20250220-2013\jars\maven-model-3.9.9.jar
2025-08-02 17:09:54,248 [Worker-23: Launching greennest (4)] INFO  o.eclipse.m2e.core.internal.Bundles - 	Entry: C:\Users\DELL\Downloads\spring-tool-suite-4-4.29.1.RELEASE-e4.35.0-win32.win32.x86_64\sts-4.29.1.RELEASE\plugins\org.eclipse.m2e.maven.runtime_3.9.900.20250220-2013\jars\maven-model-builder-3.9.9.jar
2025-08-02 17:09:54,248 [Worker-23: Launching greennest (4)] INFO  o.eclipse.m2e.core.internal.Bundles - 	Entry: C:\Users\DELL\Downloads\spring-tool-suite-4-4.29.1.RELEASE-e4.35.0-win32.win32.x86_64\sts-4.29.1.RELEASE\plugins\org.eclipse.m2e.maven.runtime_3.9.900.20250220-2013\jars\maven-plugin-api-3.9.9.jar
2025-08-02 17:09:54,248 [Worker-23: Launching greennest (4)] INFO  o.eclipse.m2e.core.internal.Bundles - 	Entry: C:\Users\DELL\Downloads\spring-tool-suite-4-4.29.1.RELEASE-e4.35.0-win32.win32.x86_64\sts-4.29.1.RELEASE\plugins\org.eclipse.m2e.maven.runtime_3.9.900.20250220-2013\jars\maven-repository-metadata-3.9.9.jar
2025-08-02 17:09:54,248 [Worker-23: Launching greennest (4)] INFO  o.eclipse.m2e.core.internal.Bundles - 	Entry: C:\Users\DELL\Downloads\spring-tool-suite-4-4.29.1.RELEASE-e4.35.0-win32.win32.x86_64\sts-4.29.1.RELEASE\plugins\org.eclipse.m2e.maven.runtime_3.9.900.20250220-2013\jars\maven-resolver-api-1.9.22.jar
2025-08-02 17:09:54,248 [Worker-23: Launching greennest (4)] INFO  o.eclipse.m2e.core.internal.Bundles - 	Entry: C:\Users\DELL\Downloads\spring-tool-suite-4-4.29.1.RELEASE-e4.35.0-win32.win32.x86_64\sts-4.29.1.RELEASE\plugins\org.eclipse.m2e.maven.runtime_3.9.900.20250220-2013\jars\maven-resolver-connector-basic-1.9.22.jar
2025-08-02 17:09:54,248 [Worker-23: Launching greennest (4)] INFO  o.eclipse.m2e.core.internal.Bundles - 	Entry: C:\Users\DELL\Downloads\spring-tool-suite-4-4.29.1.RELEASE-e4.35.0-win32.win32.x86_64\sts-4.29.1.RELEASE\plugins\org.eclipse.m2e.maven.runtime_3.9.900.20250220-2013\jars\maven-resolver-impl-1.9.22.jar
2025-08-02 17:09:54,248 [Worker-23: Launching greennest (4)] INFO  o.eclipse.m2e.core.internal.Bundles - 	Entry: C:\Users\DELL\Downloads\spring-tool-suite-4-4.29.1.RELEASE-e4.35.0-win32.win32.x86_64\sts-4.29.1.RELEASE\plugins\org.eclipse.m2e.maven.runtime_3.9.900.20250220-2013\jars\maven-resolver-named-locks-1.9.22.jar
2025-08-02 17:09:54,249 [Worker-23: Launching greennest (4)] INFO  o.eclipse.m2e.core.internal.Bundles - 	Entry: C:\Users\DELL\Downloads\spring-tool-suite-4-4.29.1.RELEASE-e4.35.0-win32.win32.x86_64\sts-4.29.1.RELEASE\plugins\org.eclipse.m2e.maven.runtime_3.9.900.20250220-2013\jars\maven-resolver-provider-3.9.9.jar
2025-08-02 17:09:54,249 [Worker-23: Launching greennest (4)] INFO  o.eclipse.m2e.core.internal.Bundles - 	Entry: C:\Users\DELL\Downloads\spring-tool-suite-4-4.29.1.RELEASE-e4.35.0-win32.win32.x86_64\sts-4.29.1.RELEASE\plugins\org.eclipse.m2e.maven.runtime_3.9.900.20250220-2013\jars\maven-resolver-spi-1.9.22.jar
2025-08-02 17:09:54,249 [Worker-23: Launching greennest (4)] INFO  o.eclipse.m2e.core.internal.Bundles - 	Entry: C:\Users\DELL\Downloads\spring-tool-suite-4-4.29.1.RELEASE-e4.35.0-win32.win32.x86_64\sts-4.29.1.RELEASE\plugins\org.eclipse.m2e.maven.runtime_3.9.900.20250220-2013\jars\maven-resolver-transport-file-1.9.22.jar
2025-08-02 17:09:54,249 [Worker-23: Launching greennest (4)] INFO  o.eclipse.m2e.core.internal.Bundles - 	Entry: C:\Users\DELL\Downloads\spring-tool-suite-4-4.29.1.RELEASE-e4.35.0-win32.win32.x86_64\sts-4.29.1.RELEASE\plugins\org.eclipse.m2e.maven.runtime_3.9.900.20250220-2013\jars\maven-resolver-transport-http-1.9.22.jar
2025-08-02 17:09:54,249 [Worker-23: Launching greennest (4)] INFO  o.eclipse.m2e.core.internal.Bundles - 	Entry: C:\Users\DELL\Downloads\spring-tool-suite-4-4.29.1.RELEASE-e4.35.0-win32.win32.x86_64\sts-4.29.1.RELEASE\plugins\org.eclipse.m2e.maven.runtime_3.9.900.20250220-2013\jars\maven-resolver-transport-wagon-1.9.22.jar
2025-08-02 17:09:54,249 [Worker-23: Launching greennest (4)] INFO  o.eclipse.m2e.core.internal.Bundles - 	Entry: C:\Users\DELL\Downloads\spring-tool-suite-4-4.29.1.RELEASE-e4.35.0-win32.win32.x86_64\sts-4.29.1.RELEASE\plugins\org.eclipse.m2e.maven.runtime_3.9.900.20250220-2013\jars\maven-resolver-util-1.9.22.jar
2025-08-02 17:09:54,249 [Worker-23: Launching greennest (4)] INFO  o.eclipse.m2e.core.internal.Bundles - 	Entry: C:\Users\DELL\Downloads\spring-tool-suite-4-4.29.1.RELEASE-e4.35.0-win32.win32.x86_64\sts-4.29.1.RELEASE\plugins\org.eclipse.m2e.maven.runtime_3.9.900.20250220-2013\jars\maven-settings-3.9.9.jar
2025-08-02 17:09:54,250 [Worker-23: Launching greennest (4)] INFO  o.eclipse.m2e.core.internal.Bundles - 	Entry: C:\Users\DELL\Downloads\spring-tool-suite-4-4.29.1.RELEASE-e4.35.0-win32.win32.x86_64\sts-4.29.1.RELEASE\plugins\org.eclipse.m2e.maven.runtime_3.9.900.20250220-2013\jars\maven-settings-builder-3.9.9.jar
2025-08-02 17:09:54,250 [Worker-23: Launching greennest (4)] INFO  o.eclipse.m2e.core.internal.Bundles - 	Entry: C:\Users\DELL\Downloads\spring-tool-suite-4-4.29.1.RELEASE-e4.35.0-win32.win32.x86_64\sts-4.29.1.RELEASE\plugins\org.eclipse.m2e.maven.runtime_3.9.900.20250220-2013\jars\maven-shared-utils-3.4.2.jar
2025-08-02 17:09:54,250 [Worker-23: Launching greennest (4)] INFO  o.eclipse.m2e.core.internal.Bundles - 	Entry: C:\Users\DELL\Downloads\spring-tool-suite-4-4.29.1.RELEASE-e4.35.0-win32.win32.x86_64\sts-4.29.1.RELEASE\plugins\org.eclipse.m2e.maven.runtime_3.9.900.20250220-2013\jars\org.eclipse.sisu.inject-0.9.0.M3.jar
2025-08-02 17:09:54,250 [Worker-23: Launching greennest (4)] INFO  o.eclipse.m2e.core.internal.Bundles - 	Entry: C:\Users\DELL\Downloads\spring-tool-suite-4-4.29.1.RELEASE-e4.35.0-win32.win32.x86_64\sts-4.29.1.RELEASE\plugins\org.eclipse.m2e.maven.runtime_3.9.900.20250220-2013\jars\org.eclipse.sisu.plexus-0.9.0.M3.jar
2025-08-02 17:09:54,250 [Worker-23: Launching greennest (4)] INFO  o.eclipse.m2e.core.internal.Bundles - 	Entry: C:\Users\DELL\Downloads\spring-tool-suite-4-4.29.1.RELEASE-e4.35.0-win32.win32.x86_64\sts-4.29.1.RELEASE\plugins\org.eclipse.m2e.maven.runtime_3.9.900.20250220-2013\jars\plexus-build-api-0.0.7.jar
2025-08-02 17:09:54,250 [Worker-23: Launching greennest (4)] INFO  o.eclipse.m2e.core.internal.Bundles - 	Entry: C:\Users\DELL\Downloads\spring-tool-suite-4-4.29.1.RELEASE-e4.35.0-win32.win32.x86_64\sts-4.29.1.RELEASE\plugins\org.eclipse.m2e.maven.runtime_3.9.900.20250220-2013\jars\plexus-build-api-1.2.0.jar
2025-08-02 17:09:54,250 [Worker-23: Launching greennest (4)] INFO  o.eclipse.m2e.core.internal.Bundles - 	Entry: C:\Users\DELL\Downloads\spring-tool-suite-4-4.29.1.RELEASE-e4.35.0-win32.win32.x86_64\sts-4.29.1.RELEASE\plugins\org.eclipse.m2e.maven.runtime_3.9.900.20250220-2013\jars\plexus-cipher-2.0.jar
2025-08-02 17:09:54,250 [Worker-23: Launching greennest (4)] INFO  o.eclipse.m2e.core.internal.Bundles - 	Entry: C:\Users\DELL\Downloads\spring-tool-suite-4-4.29.1.RELEASE-e4.35.0-win32.win32.x86_64\sts-4.29.1.RELEASE\plugins\org.eclipse.m2e.maven.runtime_3.9.900.20250220-2013\jars\plexus-classworlds-2.8.0.jar
2025-08-02 17:09:54,251 [Worker-23: Launching greennest (4)] INFO  o.eclipse.m2e.core.internal.Bundles - 	Entry: C:\Users\DELL\Downloads\spring-tool-suite-4-4.29.1.RELEASE-e4.35.0-win32.win32.x86_64\sts-4.29.1.RELEASE\plugins\org.eclipse.m2e.maven.runtime_3.9.900.20250220-2013\jars\plexus-component-annotations-2.1.0.jar
2025-08-02 17:09:54,251 [Worker-23: Launching greennest (4)] INFO  o.eclipse.m2e.core.internal.Bundles - 	Entry: C:\Users\DELL\Downloads\spring-tool-suite-4-4.29.1.RELEASE-e4.35.0-win32.win32.x86_64\sts-4.29.1.RELEASE\plugins\org.eclipse.m2e.maven.runtime_3.9.900.20250220-2013\jars\plexus-interpolation-1.27.jar
2025-08-02 17:09:54,251 [Worker-23: Launching greennest (4)] INFO  o.eclipse.m2e.core.internal.Bundles - 	Entry: C:\Users\DELL\Downloads\spring-tool-suite-4-4.29.1.RELEASE-e4.35.0-win32.win32.x86_64\sts-4.29.1.RELEASE\plugins\org.eclipse.m2e.maven.runtime_3.9.900.20250220-2013\jars\plexus-sec-dispatcher-2.0.jar
2025-08-02 17:09:54,251 [Worker-23: Launching greennest (4)] INFO  o.eclipse.m2e.core.internal.Bundles - 	Entry: C:\Users\DELL\Downloads\spring-tool-suite-4-4.29.1.RELEASE-e4.35.0-win32.win32.x86_64\sts-4.29.1.RELEASE\plugins\org.eclipse.m2e.maven.runtime_3.9.900.20250220-2013\jars\plexus-utils-3.5.1.jar
2025-08-02 17:09:54,251 [Worker-23: Launching greennest (4)] INFO  o.eclipse.m2e.core.internal.Bundles - 	Entry: C:\Users\DELL\Downloads\spring-tool-suite-4-4.29.1.RELEASE-e4.35.0-win32.win32.x86_64\sts-4.29.1.RELEASE\plugins\org.eclipse.m2e.maven.runtime_3.9.900.20250220-2013\jars\plexus-xml-3.0.1.jar
2025-08-02 17:09:54,251 [Worker-23: Launching greennest (4)] INFO  o.eclipse.m2e.core.internal.Bundles - 	Entry: C:\Users\DELL\Downloads\spring-tool-suite-4-4.29.1.RELEASE-e4.35.0-win32.win32.x86_64\sts-4.29.1.RELEASE\plugins\org.eclipse.m2e.maven.runtime_3.9.900.20250220-2013\jars\wagon-file-3.5.3.jar
2025-08-02 17:09:54,251 [Worker-23: Launching greennest (4)] INFO  o.eclipse.m2e.core.internal.Bundles - 	Entry: C:\Users\DELL\Downloads\spring-tool-suite-4-4.29.1.RELEASE-e4.35.0-win32.win32.x86_64\sts-4.29.1.RELEASE\plugins\org.eclipse.m2e.maven.runtime_3.9.900.20250220-2013\jars\wagon-http-3.5.3.jar
2025-08-02 17:09:54,251 [Worker-23: Launching greennest (4)] INFO  o.eclipse.m2e.core.internal.Bundles - 	Entry: C:\Users\DELL\Downloads\spring-tool-suite-4-4.29.1.RELEASE-e4.35.0-win32.win32.x86_64\sts-4.29.1.RELEASE\plugins\org.eclipse.m2e.maven.runtime_3.9.900.20250220-2013\jars\wagon-http-shared-3.5.3.jar
2025-08-02 17:09:54,251 [Worker-23: Launching greennest (4)] INFO  o.eclipse.m2e.core.internal.Bundles - 	Entry: C:\Users\DELL\Downloads\spring-tool-suite-4-4.29.1.RELEASE-e4.35.0-win32.win32.x86_64\sts-4.29.1.RELEASE\plugins\org.eclipse.m2e.maven.runtime_3.9.900.20250220-2013\jars\wagon-provider-api-3.5.3.jar
2025-08-02 17:09:54,252 [Worker-23: Launching greennest (4)] INFO  o.eclipse.m2e.core.internal.Bundles - getClasspathEntries(Bundle=com.google.guava_33.4.0.jre [29])
2025-08-02 17:09:54,252 [Worker-23: Launching greennest (4)] INFO  o.eclipse.m2e.core.internal.Bundles - 	Entry: C:\Users\DELL\Downloads\spring-tool-suite-4-4.29.1.RELEASE-e4.35.0-win32.win32.x86_64\sts-4.29.1.RELEASE\plugins\com.google.guava_33.4.0.jre.jar
2025-08-02 17:09:54,252 [Worker-23: Launching greennest (4)] INFO  o.eclipse.m2e.core.internal.Bundles - getClasspathEntries(Bundle=slf4j.api_2.0.17 [608])
2025-08-02 17:09:54,252 [Worker-23: Launching greennest (4)] INFO  o.eclipse.m2e.core.internal.Bundles - 	Entry: C:\Users\DELL\Downloads\spring-tool-suite-4-4.29.1.RELEASE-e4.35.0-win32.win32.x86_64\sts-4.29.1.RELEASE\plugins\slf4j.api_2.0.17.jar
2025-08-02 17:09:54,252 [Worker-23: Launching greennest (4)] INFO  o.eclipse.m2e.core.internal.Bundles - getClasspathEntries(Bundle=jakarta.inject.jakarta.inject-api_1.0.5 [45])
2025-08-02 17:09:54,253 [Worker-23: Launching greennest (4)] INFO  o.eclipse.m2e.core.internal.Bundles - 	Entry: C:\Users\DELL\Downloads\spring-tool-suite-4-4.29.1.RELEASE-e4.35.0-win32.win32.x86_64\sts-4.29.1.RELEASE\plugins\jakarta.inject.jakarta.inject-api_1.0.5.jar
2025-08-02 17:09:54,253 [Worker-23: Launching greennest (4)] INFO  o.eclipse.m2e.core.internal.Bundles - getClasspathEntries(Bundle=jakarta.annotation-api_1.3.5 [41])
2025-08-02 17:09:54,253 [Worker-23: Launching greennest (4)] INFO  o.eclipse.m2e.core.internal.Bundles - 	Entry: C:\Users\DELL\Downloads\spring-tool-suite-4-4.29.1.RELEASE-e4.35.0-win32.win32.x86_64\sts-4.29.1.RELEASE\plugins\jakarta.annotation-api_1.3.5.jar
2025-08-02 17:09:54,253 [Worker-23: Launching greennest (4)] INFO  o.eclipse.m2e.core.internal.Bundles - getClasspathEntries(Bundle=org.apache.commons.cli_1.9.0 [77])
2025-08-02 17:09:54,253 [Worker-23: Launching greennest (4)] INFO  o.eclipse.m2e.core.internal.Bundles - 	Entry: C:\Users\DELL\Downloads\spring-tool-suite-4-4.29.1.RELEASE-e4.35.0-win32.win32.x86_64\sts-4.29.1.RELEASE\plugins\org.apache.commons.cli_1.9.0.jar
2025-08-02 17:09:54,253 [Worker-23: Launching greennest (4)] INFO  o.eclipse.m2e.core.internal.Bundles - getClasspathEntries(Bundle=org.apache.commons.commons-codec_1.16.0 [79])
2025-08-02 17:09:54,253 [Worker-23: Launching greennest (4)] INFO  o.eclipse.m2e.core.internal.Bundles - 	Entry: C:\Users\DELL\Downloads\spring-tool-suite-4-4.29.1.RELEASE-e4.35.0-win32.win32.x86_64\sts-4.29.1.RELEASE\plugins\org.apache.commons.commons-codec_1.16.0.jar
2025-08-02 17:09:54,253 [Worker-23: Launching greennest (4)] INFO  o.eclipse.m2e.core.internal.Bundles - getClasspathEntries(Bundle=com.google.guava.failureaccess_1.0.2 [30])
2025-08-02 17:09:54,253 [Worker-23: Launching greennest (4)] INFO  o.eclipse.m2e.core.internal.Bundles - 	Entry: C:\Users\DELL\Downloads\spring-tool-suite-4-4.29.1.RELEASE-e4.35.0-win32.win32.x86_64\sts-4.29.1.RELEASE\plugins\com.google.guava.failureaccess_1.0.2.jar
2025-08-02 17:09:54,254 [Worker-23: Launching greennest (4)] INFO  o.e.m.i.launch.MavenLaunchDelegate - Run build in "C:\Users\DELL\Desktop\Perplexity\backend\greennest":
2025-08-02 17:09:54,256 [Worker-23: Launching greennest (4)] INFO  o.e.m.i.launch.MavenLaunchDelegate -  mvn  -Ppom.xml -B -Dstyle.color=always clean compile
2025-08-02 17:11:06,596 [Worker-13: Building] INFO  o.a.m.s.f.DefaultMavenResourcesFiltering - Copying 1 resource from src\main\resources to target\classes
2025-08-02 17:11:06,602 [Worker-13: Building] INFO  o.a.m.s.f.DefaultMavenResourcesFiltering - Copying 0 resource from src\main\resources to target\classes
2025-08-02 17:11:06,605 [Worker-13: Building] INFO  o.a.m.s.f.DefaultMavenResourcesFiltering - skip non existing resourceDirectory C:\Users\DELL\Desktop\Perplexity\backend\greennest\src\test\resources
2025-08-02 17:11:06,938 [Worker-26: Building] INFO  o.a.m.s.f.DefaultMavenResourcesFiltering - Copying 1 resource from src\main\resources to target\classes
2025-08-02 17:11:06,941 [Worker-26: Building] INFO  o.a.m.s.f.DefaultMavenResourcesFiltering - Copying 0 resource from src\main\resources to target\classes
2025-08-02 17:11:06,946 [Worker-26: Building] INFO  o.a.m.s.f.DefaultMavenResourcesFiltering - skip non existing resourceDirectory C:\Users\DELL\Desktop\Perplexity\backend\greennest\src\test\resources
2025-08-02 17:12:16,066 [Worker-0: Building] INFO  o.a.m.s.f.DefaultMavenResourcesFiltering - Copying 1 resource from src\main\resources to target\classes
2025-08-02 17:12:16,069 [Worker-0: Building] INFO  o.a.m.s.f.DefaultMavenResourcesFiltering - Copying 0 resource from src\main\resources to target\classes
2025-08-02 17:12:16,071 [Worker-0: Building] INFO  o.a.m.s.f.DefaultMavenResourcesFiltering - skip non existing resourceDirectory C:\Users\DELL\Desktop\Perplexity\backend\greennest\src\test\resources
2025-08-02 17:12:28,459 [Worker-24: Launching greennest (4)] INFO  o.eclipse.m2e.core.internal.Bundles - getClasspathEntries(Bundle=org.eclipse.m2e.maven.runtime_3.9.900.20250220-2013 [361])
2025-08-02 17:12:28,460 [Worker-24: Launching greennest (4)] INFO  o.eclipse.m2e.core.internal.Bundles - 	Entry: C:\Users\DELL\Downloads\spring-tool-suite-4-4.29.1.RELEASE-e4.35.0-win32.win32.x86_64\sts-4.29.1.RELEASE\plugins\org.eclipse.m2e.maven.runtime_3.9.900.20250220-2013
2025-08-02 17:12:28,460 [Worker-24: Launching greennest (4)] INFO  o.eclipse.m2e.core.internal.Bundles - 	Entry: C:\Users\DELL\Downloads\spring-tool-suite-4-4.29.1.RELEASE-e4.35.0-win32.win32.x86_64\sts-4.29.1.RELEASE\plugins\org.eclipse.m2e.maven.runtime_3.9.900.20250220-2013\jars\aopalliance-1.0.jar
2025-08-02 17:12:28,460 [Worker-24: Launching greennest (4)] INFO  o.eclipse.m2e.core.internal.Bundles - 	Entry: C:\Users\DELL\Downloads\spring-tool-suite-4-4.29.1.RELEASE-e4.35.0-win32.win32.x86_64\sts-4.29.1.RELEASE\plugins\org.eclipse.m2e.maven.runtime_3.9.900.20250220-2013\jars\guice-5.1.0.jar
2025-08-02 17:12:28,461 [Worker-24: Launching greennest (4)] INFO  o.eclipse.m2e.core.internal.Bundles - 	Entry: C:\Users\DELL\Downloads\spring-tool-suite-4-4.29.1.RELEASE-e4.35.0-win32.win32.x86_64\sts-4.29.1.RELEASE\plugins\org.eclipse.m2e.maven.runtime_3.9.900.20250220-2013\jars\httpclient-4.5.14.jar
2025-08-02 17:12:28,461 [Worker-24: Launching greennest (4)] INFO  o.eclipse.m2e.core.internal.Bundles - 	Entry: C:\Users\DELL\Downloads\spring-tool-suite-4-4.29.1.RELEASE-e4.35.0-win32.win32.x86_64\sts-4.29.1.RELEASE\plugins\org.eclipse.m2e.maven.runtime_3.9.900.20250220-2013\jars\httpcore-4.4.16.jar
2025-08-02 17:12:28,461 [Worker-24: Launching greennest (4)] INFO  o.eclipse.m2e.core.internal.Bundles - 	Entry: C:\Users\DELL\Downloads\spring-tool-suite-4-4.29.1.RELEASE-e4.35.0-win32.win32.x86_64\sts-4.29.1.RELEASE\plugins\org.eclipse.m2e.maven.runtime_3.9.900.20250220-2013\jars\jansi-2.4.1.jar
2025-08-02 17:12:28,461 [Worker-24: Launching greennest (4)] INFO  o.eclipse.m2e.core.internal.Bundles - 	Entry: C:\Users\DELL\Downloads\spring-tool-suite-4-4.29.1.RELEASE-e4.35.0-win32.win32.x86_64\sts-4.29.1.RELEASE\plugins\org.eclipse.m2e.maven.runtime_3.9.900.20250220-2013\jars\jcl-over-slf4j-1.7.36.jar
2025-08-02 17:12:28,461 [Worker-24: Launching greennest (4)] INFO  o.eclipse.m2e.core.internal.Bundles - 	Entry: C:\Users\DELL\Downloads\spring-tool-suite-4-4.29.1.RELEASE-e4.35.0-win32.win32.x86_64\sts-4.29.1.RELEASE\plugins\org.eclipse.m2e.maven.runtime_3.9.900.20250220-2013\jars\maven-artifact-3.9.9.jar
2025-08-02 17:12:28,462 [Worker-24: Launching greennest (4)] INFO  o.eclipse.m2e.core.internal.Bundles - 	Entry: C:\Users\DELL\Downloads\spring-tool-suite-4-4.29.1.RELEASE-e4.35.0-win32.win32.x86_64\sts-4.29.1.RELEASE\plugins\org.eclipse.m2e.maven.runtime_3.9.900.20250220-2013\jars\maven-builder-support-3.9.9.jar
2025-08-02 17:12:28,462 [Worker-24: Launching greennest (4)] INFO  o.eclipse.m2e.core.internal.Bundles - 	Entry: C:\Users\DELL\Downloads\spring-tool-suite-4-4.29.1.RELEASE-e4.35.0-win32.win32.x86_64\sts-4.29.1.RELEASE\plugins\org.eclipse.m2e.maven.runtime_3.9.900.20250220-2013\jars\maven-compat-3.9.9.jar
2025-08-02 17:12:28,462 [Worker-24: Launching greennest (4)] INFO  o.eclipse.m2e.core.internal.Bundles - 	Entry: C:\Users\DELL\Downloads\spring-tool-suite-4-4.29.1.RELEASE-e4.35.0-win32.win32.x86_64\sts-4.29.1.RELEASE\plugins\org.eclipse.m2e.maven.runtime_3.9.900.20250220-2013\jars\maven-core-3.9.9.jar
2025-08-02 17:12:28,462 [Worker-24: Launching greennest (4)] INFO  o.eclipse.m2e.core.internal.Bundles - 	Entry: C:\Users\DELL\Downloads\spring-tool-suite-4-4.29.1.RELEASE-e4.35.0-win32.win32.x86_64\sts-4.29.1.RELEASE\plugins\org.eclipse.m2e.maven.runtime_3.9.900.20250220-2013\jars\maven-embedder-3.9.9.jar
2025-08-02 17:12:28,462 [Worker-24: Launching greennest (4)] INFO  o.eclipse.m2e.core.internal.Bundles - 	Entry: C:\Users\DELL\Downloads\spring-tool-suite-4-4.29.1.RELEASE-e4.35.0-win32.win32.x86_64\sts-4.29.1.RELEASE\plugins\org.eclipse.m2e.maven.runtime_3.9.900.20250220-2013\jars\maven-model-3.9.9.jar
2025-08-02 17:12:28,462 [Worker-24: Launching greennest (4)] INFO  o.eclipse.m2e.core.internal.Bundles - 	Entry: C:\Users\DELL\Downloads\spring-tool-suite-4-4.29.1.RELEASE-e4.35.0-win32.win32.x86_64\sts-4.29.1.RELEASE\plugins\org.eclipse.m2e.maven.runtime_3.9.900.20250220-2013\jars\maven-model-builder-3.9.9.jar
2025-08-02 17:12:28,463 [Worker-24: Launching greennest (4)] INFO  o.eclipse.m2e.core.internal.Bundles - 	Entry: C:\Users\DELL\Downloads\spring-tool-suite-4-4.29.1.RELEASE-e4.35.0-win32.win32.x86_64\sts-4.29.1.RELEASE\plugins\org.eclipse.m2e.maven.runtime_3.9.900.20250220-2013\jars\maven-plugin-api-3.9.9.jar
2025-08-02 17:12:28,463 [Worker-24: Launching greennest (4)] INFO  o.eclipse.m2e.core.internal.Bundles - 	Entry: C:\Users\DELL\Downloads\spring-tool-suite-4-4.29.1.RELEASE-e4.35.0-win32.win32.x86_64\sts-4.29.1.RELEASE\plugins\org.eclipse.m2e.maven.runtime_3.9.900.20250220-2013\jars\maven-repository-metadata-3.9.9.jar
2025-08-02 17:12:28,463 [Worker-24: Launching greennest (4)] INFO  o.eclipse.m2e.core.internal.Bundles - 	Entry: C:\Users\DELL\Downloads\spring-tool-suite-4-4.29.1.RELEASE-e4.35.0-win32.win32.x86_64\sts-4.29.1.RELEASE\plugins\org.eclipse.m2e.maven.runtime_3.9.900.20250220-2013\jars\maven-resolver-api-1.9.22.jar
2025-08-02 17:12:28,463 [Worker-24: Launching greennest (4)] INFO  o.eclipse.m2e.core.internal.Bundles - 	Entry: C:\Users\DELL\Downloads\spring-tool-suite-4-4.29.1.RELEASE-e4.35.0-win32.win32.x86_64\sts-4.29.1.RELEASE\plugins\org.eclipse.m2e.maven.runtime_3.9.900.20250220-2013\jars\maven-resolver-connector-basic-1.9.22.jar
2025-08-02 17:12:28,463 [Worker-24: Launching greennest (4)] INFO  o.eclipse.m2e.core.internal.Bundles - 	Entry: C:\Users\DELL\Downloads\spring-tool-suite-4-4.29.1.RELEASE-e4.35.0-win32.win32.x86_64\sts-4.29.1.RELEASE\plugins\org.eclipse.m2e.maven.runtime_3.9.900.20250220-2013\jars\maven-resolver-impl-1.9.22.jar
2025-08-02 17:12:28,463 [Worker-24: Launching greennest (4)] INFO  o.eclipse.m2e.core.internal.Bundles - 	Entry: C:\Users\DELL\Downloads\spring-tool-suite-4-4.29.1.RELEASE-e4.35.0-win32.win32.x86_64\sts-4.29.1.RELEASE\plugins\org.eclipse.m2e.maven.runtime_3.9.900.20250220-2013\jars\maven-resolver-named-locks-1.9.22.jar
2025-08-02 17:12:28,463 [Worker-24: Launching greennest (4)] INFO  o.eclipse.m2e.core.internal.Bundles - 	Entry: C:\Users\DELL\Downloads\spring-tool-suite-4-4.29.1.RELEASE-e4.35.0-win32.win32.x86_64\sts-4.29.1.RELEASE\plugins\org.eclipse.m2e.maven.runtime_3.9.900.20250220-2013\jars\maven-resolver-provider-3.9.9.jar
2025-08-02 17:12:28,464 [Worker-24: Launching greennest (4)] INFO  o.eclipse.m2e.core.internal.Bundles - 	Entry: C:\Users\DELL\Downloads\spring-tool-suite-4-4.29.1.RELEASE-e4.35.0-win32.win32.x86_64\sts-4.29.1.RELEASE\plugins\org.eclipse.m2e.maven.runtime_3.9.900.20250220-2013\jars\maven-resolver-spi-1.9.22.jar
2025-08-02 17:12:28,464 [Worker-24: Launching greennest (4)] INFO  o.eclipse.m2e.core.internal.Bundles - 	Entry: C:\Users\DELL\Downloads\spring-tool-suite-4-4.29.1.RELEASE-e4.35.0-win32.win32.x86_64\sts-4.29.1.RELEASE\plugins\org.eclipse.m2e.maven.runtime_3.9.900.20250220-2013\jars\maven-resolver-transport-file-1.9.22.jar
2025-08-02 17:12:28,464 [Worker-24: Launching greennest (4)] INFO  o.eclipse.m2e.core.internal.Bundles - 	Entry: C:\Users\DELL\Downloads\spring-tool-suite-4-4.29.1.RELEASE-e4.35.0-win32.win32.x86_64\sts-4.29.1.RELEASE\plugins\org.eclipse.m2e.maven.runtime_3.9.900.20250220-2013\jars\maven-resolver-transport-http-1.9.22.jar
2025-08-02 17:12:28,464 [Worker-24: Launching greennest (4)] INFO  o.eclipse.m2e.core.internal.Bundles - 	Entry: C:\Users\DELL\Downloads\spring-tool-suite-4-4.29.1.RELEASE-e4.35.0-win32.win32.x86_64\sts-4.29.1.RELEASE\plugins\org.eclipse.m2e.maven.runtime_3.9.900.20250220-2013\jars\maven-resolver-transport-wagon-1.9.22.jar
2025-08-02 17:12:28,464 [Worker-24: Launching greennest (4)] INFO  o.eclipse.m2e.core.internal.Bundles - 	Entry: C:\Users\DELL\Downloads\spring-tool-suite-4-4.29.1.RELEASE-e4.35.0-win32.win32.x86_64\sts-4.29.1.RELEASE\plugins\org.eclipse.m2e.maven.runtime_3.9.900.20250220-2013\jars\maven-resolver-util-1.9.22.jar
2025-08-02 17:12:28,464 [Worker-24: Launching greennest (4)] INFO  o.eclipse.m2e.core.internal.Bundles - 	Entry: C:\Users\DELL\Downloads\spring-tool-suite-4-4.29.1.RELEASE-e4.35.0-win32.win32.x86_64\sts-4.29.1.RELEASE\plugins\org.eclipse.m2e.maven.runtime_3.9.900.20250220-2013\jars\maven-settings-3.9.9.jar
2025-08-02 17:12:28,464 [Worker-24: Launching greennest (4)] INFO  o.eclipse.m2e.core.internal.Bundles - 	Entry: C:\Users\DELL\Downloads\spring-tool-suite-4-4.29.1.RELEASE-e4.35.0-win32.win32.x86_64\sts-4.29.1.RELEASE\plugins\org.eclipse.m2e.maven.runtime_3.9.900.20250220-2013\jars\maven-settings-builder-3.9.9.jar
2025-08-02 17:12:28,465 [Worker-24: Launching greennest (4)] INFO  o.eclipse.m2e.core.internal.Bundles - 	Entry: C:\Users\DELL\Downloads\spring-tool-suite-4-4.29.1.RELEASE-e4.35.0-win32.win32.x86_64\sts-4.29.1.RELEASE\plugins\org.eclipse.m2e.maven.runtime_3.9.900.20250220-2013\jars\maven-shared-utils-3.4.2.jar
2025-08-02 17:12:28,465 [Worker-24: Launching greennest (4)] INFO  o.eclipse.m2e.core.internal.Bundles - 	Entry: C:\Users\DELL\Downloads\spring-tool-suite-4-4.29.1.RELEASE-e4.35.0-win32.win32.x86_64\sts-4.29.1.RELEASE\plugins\org.eclipse.m2e.maven.runtime_3.9.900.20250220-2013\jars\org.eclipse.sisu.inject-0.9.0.M3.jar
2025-08-02 17:12:28,465 [Worker-24: Launching greennest (4)] INFO  o.eclipse.m2e.core.internal.Bundles - 	Entry: C:\Users\DELL\Downloads\spring-tool-suite-4-4.29.1.RELEASE-e4.35.0-win32.win32.x86_64\sts-4.29.1.RELEASE\plugins\org.eclipse.m2e.maven.runtime_3.9.900.20250220-2013\jars\org.eclipse.sisu.plexus-0.9.0.M3.jar
2025-08-02 17:12:28,465 [Worker-24: Launching greennest (4)] INFO  o.eclipse.m2e.core.internal.Bundles - 	Entry: C:\Users\DELL\Downloads\spring-tool-suite-4-4.29.1.RELEASE-e4.35.0-win32.win32.x86_64\sts-4.29.1.RELEASE\plugins\org.eclipse.m2e.maven.runtime_3.9.900.20250220-2013\jars\plexus-build-api-0.0.7.jar
2025-08-02 17:12:28,465 [Worker-24: Launching greennest (4)] INFO  o.eclipse.m2e.core.internal.Bundles - 	Entry: C:\Users\DELL\Downloads\spring-tool-suite-4-4.29.1.RELEASE-e4.35.0-win32.win32.x86_64\sts-4.29.1.RELEASE\plugins\org.eclipse.m2e.maven.runtime_3.9.900.20250220-2013\jars\plexus-build-api-1.2.0.jar
2025-08-02 17:12:28,465 [Worker-24: Launching greennest (4)] INFO  o.eclipse.m2e.core.internal.Bundles - 	Entry: C:\Users\DELL\Downloads\spring-tool-suite-4-4.29.1.RELEASE-e4.35.0-win32.win32.x86_64\sts-4.29.1.RELEASE\plugins\org.eclipse.m2e.maven.runtime_3.9.900.20250220-2013\jars\plexus-cipher-2.0.jar
2025-08-02 17:12:28,465 [Worker-24: Launching greennest (4)] INFO  o.eclipse.m2e.core.internal.Bundles - 	Entry: C:\Users\DELL\Downloads\spring-tool-suite-4-4.29.1.RELEASE-e4.35.0-win32.win32.x86_64\sts-4.29.1.RELEASE\plugins\org.eclipse.m2e.maven.runtime_3.9.900.20250220-2013\jars\plexus-classworlds-2.8.0.jar
2025-08-02 17:12:28,466 [Worker-24: Launching greennest (4)] INFO  o.eclipse.m2e.core.internal.Bundles - 	Entry: C:\Users\DELL\Downloads\spring-tool-suite-4-4.29.1.RELEASE-e4.35.0-win32.win32.x86_64\sts-4.29.1.RELEASE\plugins\org.eclipse.m2e.maven.runtime_3.9.900.20250220-2013\jars\plexus-component-annotations-2.1.0.jar
2025-08-02 17:12:28,466 [Worker-24: Launching greennest (4)] INFO  o.eclipse.m2e.core.internal.Bundles - 	Entry: C:\Users\DELL\Downloads\spring-tool-suite-4-4.29.1.RELEASE-e4.35.0-win32.win32.x86_64\sts-4.29.1.RELEASE\plugins\org.eclipse.m2e.maven.runtime_3.9.900.20250220-2013\jars\plexus-interpolation-1.27.jar
2025-08-02 17:12:28,466 [Worker-24: Launching greennest (4)] INFO  o.eclipse.m2e.core.internal.Bundles - 	Entry: C:\Users\DELL\Downloads\spring-tool-suite-4-4.29.1.RELEASE-e4.35.0-win32.win32.x86_64\sts-4.29.1.RELEASE\plugins\org.eclipse.m2e.maven.runtime_3.9.900.20250220-2013\jars\plexus-sec-dispatcher-2.0.jar
2025-08-02 17:12:28,466 [Worker-24: Launching greennest (4)] INFO  o.eclipse.m2e.core.internal.Bundles - 	Entry: C:\Users\DELL\Downloads\spring-tool-suite-4-4.29.1.RELEASE-e4.35.0-win32.win32.x86_64\sts-4.29.1.RELEASE\plugins\org.eclipse.m2e.maven.runtime_3.9.900.20250220-2013\jars\plexus-utils-3.5.1.jar
2025-08-02 17:12:28,466 [Worker-24: Launching greennest (4)] INFO  o.eclipse.m2e.core.internal.Bundles - 	Entry: C:\Users\DELL\Downloads\spring-tool-suite-4-4.29.1.RELEASE-e4.35.0-win32.win32.x86_64\sts-4.29.1.RELEASE\plugins\org.eclipse.m2e.maven.runtime_3.9.900.20250220-2013\jars\plexus-xml-3.0.1.jar
2025-08-02 17:12:28,466 [Worker-24: Launching greennest (4)] INFO  o.eclipse.m2e.core.internal.Bundles - 	Entry: C:\Users\DELL\Downloads\spring-tool-suite-4-4.29.1.RELEASE-e4.35.0-win32.win32.x86_64\sts-4.29.1.RELEASE\plugins\org.eclipse.m2e.maven.runtime_3.9.900.20250220-2013\jars\wagon-file-3.5.3.jar
2025-08-02 17:12:28,466 [Worker-24: Launching greennest (4)] INFO  o.eclipse.m2e.core.internal.Bundles - 	Entry: C:\Users\DELL\Downloads\spring-tool-suite-4-4.29.1.RELEASE-e4.35.0-win32.win32.x86_64\sts-4.29.1.RELEASE\plugins\org.eclipse.m2e.maven.runtime_3.9.900.20250220-2013\jars\wagon-http-3.5.3.jar
2025-08-02 17:12:28,466 [Worker-24: Launching greennest (4)] INFO  o.eclipse.m2e.core.internal.Bundles - 	Entry: C:\Users\DELL\Downloads\spring-tool-suite-4-4.29.1.RELEASE-e4.35.0-win32.win32.x86_64\sts-4.29.1.RELEASE\plugins\org.eclipse.m2e.maven.runtime_3.9.900.20250220-2013\jars\wagon-http-shared-3.5.3.jar
2025-08-02 17:12:28,466 [Worker-24: Launching greennest (4)] INFO  o.eclipse.m2e.core.internal.Bundles - 	Entry: C:\Users\DELL\Downloads\spring-tool-suite-4-4.29.1.RELEASE-e4.35.0-win32.win32.x86_64\sts-4.29.1.RELEASE\plugins\org.eclipse.m2e.maven.runtime_3.9.900.20250220-2013\jars\wagon-provider-api-3.5.3.jar
2025-08-02 17:12:28,467 [Worker-24: Launching greennest (4)] INFO  o.eclipse.m2e.core.internal.Bundles - getClasspathEntries(Bundle=com.google.guava_33.4.0.jre [29])
2025-08-02 17:12:28,467 [Worker-24: Launching greennest (4)] INFO  o.eclipse.m2e.core.internal.Bundles - 	Entry: C:\Users\DELL\Downloads\spring-tool-suite-4-4.29.1.RELEASE-e4.35.0-win32.win32.x86_64\sts-4.29.1.RELEASE\plugins\com.google.guava_33.4.0.jre.jar
2025-08-02 17:12:28,467 [Worker-24: Launching greennest (4)] INFO  o.eclipse.m2e.core.internal.Bundles - getClasspathEntries(Bundle=slf4j.api_2.0.17 [608])
2025-08-02 17:12:28,468 [Worker-24: Launching greennest (4)] INFO  o.eclipse.m2e.core.internal.Bundles - 	Entry: C:\Users\DELL\Downloads\spring-tool-suite-4-4.29.1.RELEASE-e4.35.0-win32.win32.x86_64\sts-4.29.1.RELEASE\plugins\slf4j.api_2.0.17.jar
2025-08-02 17:12:28,468 [Worker-24: Launching greennest (4)] INFO  o.eclipse.m2e.core.internal.Bundles - getClasspathEntries(Bundle=jakarta.inject.jakarta.inject-api_1.0.5 [45])
2025-08-02 17:12:28,468 [Worker-24: Launching greennest (4)] INFO  o.eclipse.m2e.core.internal.Bundles - 	Entry: C:\Users\DELL\Downloads\spring-tool-suite-4-4.29.1.RELEASE-e4.35.0-win32.win32.x86_64\sts-4.29.1.RELEASE\plugins\jakarta.inject.jakarta.inject-api_1.0.5.jar
2025-08-02 17:12:28,468 [Worker-24: Launching greennest (4)] INFO  o.eclipse.m2e.core.internal.Bundles - getClasspathEntries(Bundle=jakarta.annotation-api_1.3.5 [41])
2025-08-02 17:12:28,468 [Worker-24: Launching greennest (4)] INFO  o.eclipse.m2e.core.internal.Bundles - 	Entry: C:\Users\DELL\Downloads\spring-tool-suite-4-4.29.1.RELEASE-e4.35.0-win32.win32.x86_64\sts-4.29.1.RELEASE\plugins\jakarta.annotation-api_1.3.5.jar
2025-08-02 17:12:28,469 [Worker-24: Launching greennest (4)] INFO  o.eclipse.m2e.core.internal.Bundles - getClasspathEntries(Bundle=org.apache.commons.cli_1.9.0 [77])
2025-08-02 17:12:28,469 [Worker-24: Launching greennest (4)] INFO  o.eclipse.m2e.core.internal.Bundles - 	Entry: C:\Users\DELL\Downloads\spring-tool-suite-4-4.29.1.RELEASE-e4.35.0-win32.win32.x86_64\sts-4.29.1.RELEASE\plugins\org.apache.commons.cli_1.9.0.jar
2025-08-02 17:12:28,469 [Worker-24: Launching greennest (4)] INFO  o.eclipse.m2e.core.internal.Bundles - getClasspathEntries(Bundle=org.apache.commons.commons-codec_1.16.0 [79])
2025-08-02 17:12:28,470 [Worker-24: Launching greennest (4)] INFO  o.eclipse.m2e.core.internal.Bundles - 	Entry: C:\Users\DELL\Downloads\spring-tool-suite-4-4.29.1.RELEASE-e4.35.0-win32.win32.x86_64\sts-4.29.1.RELEASE\plugins\org.apache.commons.commons-codec_1.16.0.jar
2025-08-02 17:12:28,470 [Worker-24: Launching greennest (4)] INFO  o.eclipse.m2e.core.internal.Bundles - getClasspathEntries(Bundle=com.google.guava.failureaccess_1.0.2 [30])
2025-08-02 17:12:28,470 [Worker-24: Launching greennest (4)] INFO  o.eclipse.m2e.core.internal.Bundles - 	Entry: C:\Users\DELL\Downloads\spring-tool-suite-4-4.29.1.RELEASE-e4.35.0-win32.win32.x86_64\sts-4.29.1.RELEASE\plugins\com.google.guava.failureaccess_1.0.2.jar
2025-08-02 17:12:28,472 [Worker-24: Launching greennest (4)] INFO  o.e.m.i.launch.MavenLaunchDelegate - Run build in "C:\Users\DELL\Desktop\Perplexity\backend\greennest":
2025-08-02 17:12:28,472 [Worker-24: Launching greennest (4)] INFO  o.e.m.i.launch.MavenLaunchDelegate -  mvn  -Ppom.xml -B -Dstyle.color=always clean compile
2025-08-02 17:14:09,810 [Worker-31: Building] INFO  o.a.m.s.f.DefaultMavenResourcesFiltering - Copying 1 resource from src\main\resources to target\classes
2025-08-02 17:14:09,817 [Worker-31: Building] INFO  o.a.m.s.f.DefaultMavenResourcesFiltering - Copying 0 resource from src\main\resources to target\classes
2025-08-02 17:14:09,820 [Worker-31: Building] INFO  o.a.m.s.f.DefaultMavenResourcesFiltering - skip non existing resourceDirectory C:\Users\DELL\Desktop\Perplexity\backend\greennest\src\test\resources
2025-08-02 17:14:12,914 [Worker-32: Building] INFO  o.a.m.s.f.DefaultMavenResourcesFiltering - Copying 1 resource from src\main\resources to target\classes
2025-08-02 17:14:12,922 [Worker-32: Building] INFO  o.a.m.s.f.DefaultMavenResourcesFiltering - Copying 0 resource from src\main\resources to target\classes
2025-08-02 17:14:12,924 [Worker-32: Building] INFO  o.a.m.s.f.DefaultMavenResourcesFiltering - skip non existing resourceDirectory C:\Users\DELL\Desktop\Perplexity\backend\greennest\src\test\resources
2025-08-02 17:14:17,055 [Worker-33: Launching greennest (4)] INFO  o.eclipse.m2e.core.internal.Bundles - getClasspathEntries(Bundle=org.eclipse.m2e.maven.runtime_3.9.900.20250220-2013 [361])
2025-08-02 17:14:17,056 [Worker-33: Launching greennest (4)] INFO  o.eclipse.m2e.core.internal.Bundles - 	Entry: C:\Users\DELL\Downloads\spring-tool-suite-4-4.29.1.RELEASE-e4.35.0-win32.win32.x86_64\sts-4.29.1.RELEASE\plugins\org.eclipse.m2e.maven.runtime_3.9.900.20250220-2013
2025-08-02 17:14:17,056 [Worker-33: Launching greennest (4)] INFO  o.eclipse.m2e.core.internal.Bundles - 	Entry: C:\Users\DELL\Downloads\spring-tool-suite-4-4.29.1.RELEASE-e4.35.0-win32.win32.x86_64\sts-4.29.1.RELEASE\plugins\org.eclipse.m2e.maven.runtime_3.9.900.20250220-2013\jars\aopalliance-1.0.jar
2025-08-02 17:14:17,056 [Worker-33: Launching greennest (4)] INFO  o.eclipse.m2e.core.internal.Bundles - 	Entry: C:\Users\DELL\Downloads\spring-tool-suite-4-4.29.1.RELEASE-e4.35.0-win32.win32.x86_64\sts-4.29.1.RELEASE\plugins\org.eclipse.m2e.maven.runtime_3.9.900.20250220-2013\jars\guice-5.1.0.jar
2025-08-02 17:14:17,056 [Worker-33: Launching greennest (4)] INFO  o.eclipse.m2e.core.internal.Bundles - 	Entry: C:\Users\DELL\Downloads\spring-tool-suite-4-4.29.1.RELEASE-e4.35.0-win32.win32.x86_64\sts-4.29.1.RELEASE\plugins\org.eclipse.m2e.maven.runtime_3.9.900.20250220-2013\jars\httpclient-4.5.14.jar
2025-08-02 17:14:17,056 [Worker-33: Launching greennest (4)] INFO  o.eclipse.m2e.core.internal.Bundles - 	Entry: C:\Users\DELL\Downloads\spring-tool-suite-4-4.29.1.RELEASE-e4.35.0-win32.win32.x86_64\sts-4.29.1.RELEASE\plugins\org.eclipse.m2e.maven.runtime_3.9.900.20250220-2013\jars\httpcore-4.4.16.jar
2025-08-02 17:14:17,056 [Worker-33: Launching greennest (4)] INFO  o.eclipse.m2e.core.internal.Bundles - 	Entry: C:\Users\DELL\Downloads\spring-tool-suite-4-4.29.1.RELEASE-e4.35.0-win32.win32.x86_64\sts-4.29.1.RELEASE\plugins\org.eclipse.m2e.maven.runtime_3.9.900.20250220-2013\jars\jansi-2.4.1.jar
2025-08-02 17:14:17,056 [Worker-33: Launching greennest (4)] INFO  o.eclipse.m2e.core.internal.Bundles - 	Entry: C:\Users\DELL\Downloads\spring-tool-suite-4-4.29.1.RELEASE-e4.35.0-win32.win32.x86_64\sts-4.29.1.RELEASE\plugins\org.eclipse.m2e.maven.runtime_3.9.900.20250220-2013\jars\jcl-over-slf4j-1.7.36.jar
2025-08-02 17:14:17,056 [Worker-33: Launching greennest (4)] INFO  o.eclipse.m2e.core.internal.Bundles - 	Entry: C:\Users\DELL\Downloads\spring-tool-suite-4-4.29.1.RELEASE-e4.35.0-win32.win32.x86_64\sts-4.29.1.RELEASE\plugins\org.eclipse.m2e.maven.runtime_3.9.900.20250220-2013\jars\maven-artifact-3.9.9.jar
2025-08-02 17:14:17,057 [Worker-33: Launching greennest (4)] INFO  o.eclipse.m2e.core.internal.Bundles - 	Entry: C:\Users\DELL\Downloads\spring-tool-suite-4-4.29.1.RELEASE-e4.35.0-win32.win32.x86_64\sts-4.29.1.RELEASE\plugins\org.eclipse.m2e.maven.runtime_3.9.900.20250220-2013\jars\maven-builder-support-3.9.9.jar
2025-08-02 17:14:17,057 [Worker-33: Launching greennest (4)] INFO  o.eclipse.m2e.core.internal.Bundles - 	Entry: C:\Users\DELL\Downloads\spring-tool-suite-4-4.29.1.RELEASE-e4.35.0-win32.win32.x86_64\sts-4.29.1.RELEASE\plugins\org.eclipse.m2e.maven.runtime_3.9.900.20250220-2013\jars\maven-compat-3.9.9.jar
2025-08-02 17:14:17,057 [Worker-33: Launching greennest (4)] INFO  o.eclipse.m2e.core.internal.Bundles - 	Entry: C:\Users\DELL\Downloads\spring-tool-suite-4-4.29.1.RELEASE-e4.35.0-win32.win32.x86_64\sts-4.29.1.RELEASE\plugins\org.eclipse.m2e.maven.runtime_3.9.900.20250220-2013\jars\maven-core-3.9.9.jar
2025-08-02 17:14:17,057 [Worker-33: Launching greennest (4)] INFO  o.eclipse.m2e.core.internal.Bundles - 	Entry: C:\Users\DELL\Downloads\spring-tool-suite-4-4.29.1.RELEASE-e4.35.0-win32.win32.x86_64\sts-4.29.1.RELEASE\plugins\org.eclipse.m2e.maven.runtime_3.9.900.20250220-2013\jars\maven-embedder-3.9.9.jar
2025-08-02 17:14:17,057 [Worker-33: Launching greennest (4)] INFO  o.eclipse.m2e.core.internal.Bundles - 	Entry: C:\Users\DELL\Downloads\spring-tool-suite-4-4.29.1.RELEASE-e4.35.0-win32.win32.x86_64\sts-4.29.1.RELEASE\plugins\org.eclipse.m2e.maven.runtime_3.9.900.20250220-2013\jars\maven-model-3.9.9.jar
2025-08-02 17:14:17,057 [Worker-33: Launching greennest (4)] INFO  o.eclipse.m2e.core.internal.Bundles - 	Entry: C:\Users\DELL\Downloads\spring-tool-suite-4-4.29.1.RELEASE-e4.35.0-win32.win32.x86_64\sts-4.29.1.RELEASE\plugins\org.eclipse.m2e.maven.runtime_3.9.900.20250220-2013\jars\maven-model-builder-3.9.9.jar
2025-08-02 17:14:17,057 [Worker-33: Launching greennest (4)] INFO  o.eclipse.m2e.core.internal.Bundles - 	Entry: C:\Users\DELL\Downloads\spring-tool-suite-4-4.29.1.RELEASE-e4.35.0-win32.win32.x86_64\sts-4.29.1.RELEASE\plugins\org.eclipse.m2e.maven.runtime_3.9.900.20250220-2013\jars\maven-plugin-api-3.9.9.jar
2025-08-02 17:14:17,058 [Worker-33: Launching greennest (4)] INFO  o.eclipse.m2e.core.internal.Bundles - 	Entry: C:\Users\DELL\Downloads\spring-tool-suite-4-4.29.1.RELEASE-e4.35.0-win32.win32.x86_64\sts-4.29.1.RELEASE\plugins\org.eclipse.m2e.maven.runtime_3.9.900.20250220-2013\jars\maven-repository-metadata-3.9.9.jar
2025-08-02 17:14:17,058 [Worker-33: Launching greennest (4)] INFO  o.eclipse.m2e.core.internal.Bundles - 	Entry: C:\Users\DELL\Downloads\spring-tool-suite-4-4.29.1.RELEASE-e4.35.0-win32.win32.x86_64\sts-4.29.1.RELEASE\plugins\org.eclipse.m2e.maven.runtime_3.9.900.20250220-2013\jars\maven-resolver-api-1.9.22.jar
2025-08-02 17:14:17,058 [Worker-33: Launching greennest (4)] INFO  o.eclipse.m2e.core.internal.Bundles - 	Entry: C:\Users\DELL\Downloads\spring-tool-suite-4-4.29.1.RELEASE-e4.35.0-win32.win32.x86_64\sts-4.29.1.RELEASE\plugins\org.eclipse.m2e.maven.runtime_3.9.900.20250220-2013\jars\maven-resolver-connector-basic-1.9.22.jar
2025-08-02 17:14:17,058 [Worker-33: Launching greennest (4)] INFO  o.eclipse.m2e.core.internal.Bundles - 	Entry: C:\Users\DELL\Downloads\spring-tool-suite-4-4.29.1.RELEASE-e4.35.0-win32.win32.x86_64\sts-4.29.1.RELEASE\plugins\org.eclipse.m2e.maven.runtime_3.9.900.20250220-2013\jars\maven-resolver-impl-1.9.22.jar
2025-08-02 17:14:17,058 [Worker-33: Launching greennest (4)] INFO  o.eclipse.m2e.core.internal.Bundles - 	Entry: C:\Users\DELL\Downloads\spring-tool-suite-4-4.29.1.RELEASE-e4.35.0-win32.win32.x86_64\sts-4.29.1.RELEASE\plugins\org.eclipse.m2e.maven.runtime_3.9.900.20250220-2013\jars\maven-resolver-named-locks-1.9.22.jar
2025-08-02 17:14:17,058 [Worker-33: Launching greennest (4)] INFO  o.eclipse.m2e.core.internal.Bundles - 	Entry: C:\Users\DELL\Downloads\spring-tool-suite-4-4.29.1.RELEASE-e4.35.0-win32.win32.x86_64\sts-4.29.1.RELEASE\plugins\org.eclipse.m2e.maven.runtime_3.9.900.20250220-2013\jars\maven-resolver-provider-3.9.9.jar
2025-08-02 17:14:17,058 [Worker-33: Launching greennest (4)] INFO  o.eclipse.m2e.core.internal.Bundles - 	Entry: C:\Users\DELL\Downloads\spring-tool-suite-4-4.29.1.RELEASE-e4.35.0-win32.win32.x86_64\sts-4.29.1.RELEASE\plugins\org.eclipse.m2e.maven.runtime_3.9.900.20250220-2013\jars\maven-resolver-spi-1.9.22.jar
2025-08-02 17:14:17,059 [Worker-33: Launching greennest (4)] INFO  o.eclipse.m2e.core.internal.Bundles - 	Entry: C:\Users\DELL\Downloads\spring-tool-suite-4-4.29.1.RELEASE-e4.35.0-win32.win32.x86_64\sts-4.29.1.RELEASE\plugins\org.eclipse.m2e.maven.runtime_3.9.900.20250220-2013\jars\maven-resolver-transport-file-1.9.22.jar
2025-08-02 17:14:17,059 [Worker-33: Launching greennest (4)] INFO  o.eclipse.m2e.core.internal.Bundles - 	Entry: C:\Users\DELL\Downloads\spring-tool-suite-4-4.29.1.RELEASE-e4.35.0-win32.win32.x86_64\sts-4.29.1.RELEASE\plugins\org.eclipse.m2e.maven.runtime_3.9.900.20250220-2013\jars\maven-resolver-transport-http-1.9.22.jar
2025-08-02 17:14:17,059 [Worker-33: Launching greennest (4)] INFO  o.eclipse.m2e.core.internal.Bundles - 	Entry: C:\Users\DELL\Downloads\spring-tool-suite-4-4.29.1.RELEASE-e4.35.0-win32.win32.x86_64\sts-4.29.1.RELEASE\plugins\org.eclipse.m2e.maven.runtime_3.9.900.20250220-2013\jars\maven-resolver-transport-wagon-1.9.22.jar
2025-08-02 17:14:17,059 [Worker-33: Launching greennest (4)] INFO  o.eclipse.m2e.core.internal.Bundles - 	Entry: C:\Users\DELL\Downloads\spring-tool-suite-4-4.29.1.RELEASE-e4.35.0-win32.win32.x86_64\sts-4.29.1.RELEASE\plugins\org.eclipse.m2e.maven.runtime_3.9.900.20250220-2013\jars\maven-resolver-util-1.9.22.jar
2025-08-02 17:14:17,059 [Worker-33: Launching greennest (4)] INFO  o.eclipse.m2e.core.internal.Bundles - 	Entry: C:\Users\DELL\Downloads\spring-tool-suite-4-4.29.1.RELEASE-e4.35.0-win32.win32.x86_64\sts-4.29.1.RELEASE\plugins\org.eclipse.m2e.maven.runtime_3.9.900.20250220-2013\jars\maven-settings-3.9.9.jar
2025-08-02 17:14:17,059 [Worker-33: Launching greennest (4)] INFO  o.eclipse.m2e.core.internal.Bundles - 	Entry: C:\Users\DELL\Downloads\spring-tool-suite-4-4.29.1.RELEASE-e4.35.0-win32.win32.x86_64\sts-4.29.1.RELEASE\plugins\org.eclipse.m2e.maven.runtime_3.9.900.20250220-2013\jars\maven-settings-builder-3.9.9.jar
2025-08-02 17:14:17,059 [Worker-33: Launching greennest (4)] INFO  o.eclipse.m2e.core.internal.Bundles - 	Entry: C:\Users\DELL\Downloads\spring-tool-suite-4-4.29.1.RELEASE-e4.35.0-win32.win32.x86_64\sts-4.29.1.RELEASE\plugins\org.eclipse.m2e.maven.runtime_3.9.900.20250220-2013\jars\maven-shared-utils-3.4.2.jar
2025-08-02 17:14:17,059 [Worker-33: Launching greennest (4)] INFO  o.eclipse.m2e.core.internal.Bundles - 	Entry: C:\Users\DELL\Downloads\spring-tool-suite-4-4.29.1.RELEASE-e4.35.0-win32.win32.x86_64\sts-4.29.1.RELEASE\plugins\org.eclipse.m2e.maven.runtime_3.9.900.20250220-2013\jars\org.eclipse.sisu.inject-0.9.0.M3.jar
2025-08-02 17:14:17,059 [Worker-33: Launching greennest (4)] INFO  o.eclipse.m2e.core.internal.Bundles - 	Entry: C:\Users\DELL\Downloads\spring-tool-suite-4-4.29.1.RELEASE-e4.35.0-win32.win32.x86_64\sts-4.29.1.RELEASE\plugins\org.eclipse.m2e.maven.runtime_3.9.900.20250220-2013\jars\org.eclipse.sisu.plexus-0.9.0.M3.jar
2025-08-02 17:14:17,060 [Worker-33: Launching greennest (4)] INFO  o.eclipse.m2e.core.internal.Bundles - 	Entry: C:\Users\DELL\Downloads\spring-tool-suite-4-4.29.1.RELEASE-e4.35.0-win32.win32.x86_64\sts-4.29.1.RELEASE\plugins\org.eclipse.m2e.maven.runtime_3.9.900.20250220-2013\jars\plexus-build-api-0.0.7.jar
2025-08-02 17:14:17,060 [Worker-33: Launching greennest (4)] INFO  o.eclipse.m2e.core.internal.Bundles - 	Entry: C:\Users\DELL\Downloads\spring-tool-suite-4-4.29.1.RELEASE-e4.35.0-win32.win32.x86_64\sts-4.29.1.RELEASE\plugins\org.eclipse.m2e.maven.runtime_3.9.900.20250220-2013\jars\plexus-build-api-1.2.0.jar
2025-08-02 17:14:17,060 [Worker-33: Launching greennest (4)] INFO  o.eclipse.m2e.core.internal.Bundles - 	Entry: C:\Users\DELL\Downloads\spring-tool-suite-4-4.29.1.RELEASE-e4.35.0-win32.win32.x86_64\sts-4.29.1.RELEASE\plugins\org.eclipse.m2e.maven.runtime_3.9.900.20250220-2013\jars\plexus-cipher-2.0.jar
2025-08-02 17:14:17,060 [Worker-33: Launching greennest (4)] INFO  o.eclipse.m2e.core.internal.Bundles - 	Entry: C:\Users\DELL\Downloads\spring-tool-suite-4-4.29.1.RELEASE-e4.35.0-win32.win32.x86_64\sts-4.29.1.RELEASE\plugins\org.eclipse.m2e.maven.runtime_3.9.900.20250220-2013\jars\plexus-classworlds-2.8.0.jar
2025-08-02 17:14:17,060 [Worker-33: Launching greennest (4)] INFO  o.eclipse.m2e.core.internal.Bundles - 	Entry: C:\Users\DELL\Downloads\spring-tool-suite-4-4.29.1.RELEASE-e4.35.0-win32.win32.x86_64\sts-4.29.1.RELEASE\plugins\org.eclipse.m2e.maven.runtime_3.9.900.20250220-2013\jars\plexus-component-annotations-2.1.0.jar
2025-08-02 17:14:17,060 [Worker-33: Launching greennest (4)] INFO  o.eclipse.m2e.core.internal.Bundles - 	Entry: C:\Users\DELL\Downloads\spring-tool-suite-4-4.29.1.RELEASE-e4.35.0-win32.win32.x86_64\sts-4.29.1.RELEASE\plugins\org.eclipse.m2e.maven.runtime_3.9.900.20250220-2013\jars\plexus-interpolation-1.27.jar
2025-08-02 17:14:17,060 [Worker-33: Launching greennest (4)] INFO  o.eclipse.m2e.core.internal.Bundles - 	Entry: C:\Users\DELL\Downloads\spring-tool-suite-4-4.29.1.RELEASE-e4.35.0-win32.win32.x86_64\sts-4.29.1.RELEASE\plugins\org.eclipse.m2e.maven.runtime_3.9.900.20250220-2013\jars\plexus-sec-dispatcher-2.0.jar
2025-08-02 17:14:17,061 [Worker-33: Launching greennest (4)] INFO  o.eclipse.m2e.core.internal.Bundles - 	Entry: C:\Users\DELL\Downloads\spring-tool-suite-4-4.29.1.RELEASE-e4.35.0-win32.win32.x86_64\sts-4.29.1.RELEASE\plugins\org.eclipse.m2e.maven.runtime_3.9.900.20250220-2013\jars\plexus-utils-3.5.1.jar
2025-08-02 17:14:17,061 [Worker-33: Launching greennest (4)] INFO  o.eclipse.m2e.core.internal.Bundles - 	Entry: C:\Users\DELL\Downloads\spring-tool-suite-4-4.29.1.RELEASE-e4.35.0-win32.win32.x86_64\sts-4.29.1.RELEASE\plugins\org.eclipse.m2e.maven.runtime_3.9.900.20250220-2013\jars\plexus-xml-3.0.1.jar
2025-08-02 17:14:17,061 [Worker-33: Launching greennest (4)] INFO  o.eclipse.m2e.core.internal.Bundles - 	Entry: C:\Users\DELL\Downloads\spring-tool-suite-4-4.29.1.RELEASE-e4.35.0-win32.win32.x86_64\sts-4.29.1.RELEASE\plugins\org.eclipse.m2e.maven.runtime_3.9.900.20250220-2013\jars\wagon-file-3.5.3.jar
2025-08-02 17:14:17,061 [Worker-33: Launching greennest (4)] INFO  o.eclipse.m2e.core.internal.Bundles - 	Entry: C:\Users\DELL\Downloads\spring-tool-suite-4-4.29.1.RELEASE-e4.35.0-win32.win32.x86_64\sts-4.29.1.RELEASE\plugins\org.eclipse.m2e.maven.runtime_3.9.900.20250220-2013\jars\wagon-http-3.5.3.jar
2025-08-02 17:14:17,061 [Worker-33: Launching greennest (4)] INFO  o.eclipse.m2e.core.internal.Bundles - 	Entry: C:\Users\DELL\Downloads\spring-tool-suite-4-4.29.1.RELEASE-e4.35.0-win32.win32.x86_64\sts-4.29.1.RELEASE\plugins\org.eclipse.m2e.maven.runtime_3.9.900.20250220-2013\jars\wagon-http-shared-3.5.3.jar
2025-08-02 17:14:17,061 [Worker-33: Launching greennest (4)] INFO  o.eclipse.m2e.core.internal.Bundles - 	Entry: C:\Users\DELL\Downloads\spring-tool-suite-4-4.29.1.RELEASE-e4.35.0-win32.win32.x86_64\sts-4.29.1.RELEASE\plugins\org.eclipse.m2e.maven.runtime_3.9.900.20250220-2013\jars\wagon-provider-api-3.5.3.jar
2025-08-02 17:14:17,062 [Worker-33: Launching greennest (4)] INFO  o.eclipse.m2e.core.internal.Bundles - getClasspathEntries(Bundle=com.google.guava_33.4.0.jre [29])
2025-08-02 17:14:17,062 [Worker-33: Launching greennest (4)] INFO  o.eclipse.m2e.core.internal.Bundles - 	Entry: C:\Users\DELL\Downloads\spring-tool-suite-4-4.29.1.RELEASE-e4.35.0-win32.win32.x86_64\sts-4.29.1.RELEASE\plugins\com.google.guava_33.4.0.jre.jar
2025-08-02 17:14:17,062 [Worker-33: Launching greennest (4)] INFO  o.eclipse.m2e.core.internal.Bundles - getClasspathEntries(Bundle=slf4j.api_2.0.17 [608])
2025-08-02 17:14:17,063 [Worker-33: Launching greennest (4)] INFO  o.eclipse.m2e.core.internal.Bundles - 	Entry: C:\Users\DELL\Downloads\spring-tool-suite-4-4.29.1.RELEASE-e4.35.0-win32.win32.x86_64\sts-4.29.1.RELEASE\plugins\slf4j.api_2.0.17.jar
2025-08-02 17:14:17,063 [Worker-33: Launching greennest (4)] INFO  o.eclipse.m2e.core.internal.Bundles - getClasspathEntries(Bundle=jakarta.inject.jakarta.inject-api_1.0.5 [45])
2025-08-02 17:14:17,063 [Worker-33: Launching greennest (4)] INFO  o.eclipse.m2e.core.internal.Bundles - 	Entry: C:\Users\DELL\Downloads\spring-tool-suite-4-4.29.1.RELEASE-e4.35.0-win32.win32.x86_64\sts-4.29.1.RELEASE\plugins\jakarta.inject.jakarta.inject-api_1.0.5.jar
2025-08-02 17:14:17,063 [Worker-33: Launching greennest (4)] INFO  o.eclipse.m2e.core.internal.Bundles - getClasspathEntries(Bundle=jakarta.annotation-api_1.3.5 [41])
2025-08-02 17:14:17,063 [Worker-33: Launching greennest (4)] INFO  o.eclipse.m2e.core.internal.Bundles - 	Entry: C:\Users\DELL\Downloads\spring-tool-suite-4-4.29.1.RELEASE-e4.35.0-win32.win32.x86_64\sts-4.29.1.RELEASE\plugins\jakarta.annotation-api_1.3.5.jar
2025-08-02 17:14:17,063 [Worker-33: Launching greennest (4)] INFO  o.eclipse.m2e.core.internal.Bundles - getClasspathEntries(Bundle=org.apache.commons.cli_1.9.0 [77])
2025-08-02 17:14:17,064 [Worker-33: Launching greennest (4)] INFO  o.eclipse.m2e.core.internal.Bundles - 	Entry: C:\Users\DELL\Downloads\spring-tool-suite-4-4.29.1.RELEASE-e4.35.0-win32.win32.x86_64\sts-4.29.1.RELEASE\plugins\org.apache.commons.cli_1.9.0.jar
2025-08-02 17:14:17,064 [Worker-33: Launching greennest (4)] INFO  o.eclipse.m2e.core.internal.Bundles - getClasspathEntries(Bundle=org.apache.commons.commons-codec_1.16.0 [79])
2025-08-02 17:14:17,064 [Worker-33: Launching greennest (4)] INFO  o.eclipse.m2e.core.internal.Bundles - 	Entry: C:\Users\DELL\Downloads\spring-tool-suite-4-4.29.1.RELEASE-e4.35.0-win32.win32.x86_64\sts-4.29.1.RELEASE\plugins\org.apache.commons.commons-codec_1.16.0.jar
2025-08-02 17:14:17,064 [Worker-33: Launching greennest (4)] INFO  o.eclipse.m2e.core.internal.Bundles - getClasspathEntries(Bundle=com.google.guava.failureaccess_1.0.2 [30])
2025-08-02 17:14:17,064 [Worker-33: Launching greennest (4)] INFO  o.eclipse.m2e.core.internal.Bundles - 	Entry: C:\Users\DELL\Downloads\spring-tool-suite-4-4.29.1.RELEASE-e4.35.0-win32.win32.x86_64\sts-4.29.1.RELEASE\plugins\com.google.guava.failureaccess_1.0.2.jar
2025-08-02 17:14:17,066 [Worker-33: Launching greennest (4)] INFO  o.e.m.i.launch.MavenLaunchDelegate - Run build in "C:\Users\DELL\Desktop\Perplexity\backend\greennest":
2025-08-02 17:14:17,066 [Worker-33: Launching greennest (4)] INFO  o.e.m.i.launch.MavenLaunchDelegate -  mvn  -Ppom.xml -B -Dstyle.color=always clean compile
2025-08-02 17:19:58,130 [Worker-31: Building] INFO  o.a.m.s.f.DefaultMavenResourcesFiltering - Copying 1 resource from src\main\resources to target\classes
2025-08-02 17:19:58,136 [Worker-31: Building] INFO  o.a.m.s.f.DefaultMavenResourcesFiltering - Copying 0 resource from src\main\resources to target\classes
2025-08-02 17:19:58,138 [Worker-31: Building] INFO  o.a.m.s.f.DefaultMavenResourcesFiltering - skip non existing resourceDirectory C:\Users\DELL\Desktop\Perplexity\backend\greennest\src\test\resources
2025-08-02 17:20:42,529 [Worker-31: Building] INFO  o.a.m.s.f.DefaultMavenResourcesFiltering - Copying 1 resource from src\main\resources to target\classes
2025-08-02 17:20:42,533 [Worker-31: Building] INFO  o.a.m.s.f.DefaultMavenResourcesFiltering - Copying 0 resource from src\main\resources to target\classes
2025-08-02 17:20:42,537 [Worker-31: Building] INFO  o.a.m.s.f.DefaultMavenResourcesFiltering - skip non existing resourceDirectory C:\Users\DELL\Desktop\Perplexity\backend\greennest\src\test\resources
2025-08-02 17:21:00,849 [Worker-34: Building] INFO  o.a.m.s.f.DefaultMavenResourcesFiltering - Copying 1 resource from src\main\resources to target\classes
2025-08-02 17:21:00,854 [Worker-34: Building] INFO  o.a.m.s.f.DefaultMavenResourcesFiltering - Copying 0 resource from src\main\resources to target\classes
2025-08-02 17:21:00,857 [Worker-34: Building] INFO  o.a.m.s.f.DefaultMavenResourcesFiltering - skip non existing resourceDirectory C:\Users\DELL\Desktop\Perplexity\backend\greennest\src\test\resources
2025-08-02 17:21:05,445 [Worker-26: Building] INFO  o.a.m.s.f.DefaultMavenResourcesFiltering - Copying 1 resource from src\main\resources to target\classes
2025-08-02 17:21:05,452 [Worker-26: Building] INFO  o.a.m.s.f.DefaultMavenResourcesFiltering - Copying 0 resource from src\main\resources to target\classes
2025-08-02 17:21:05,456 [Worker-26: Building] INFO  o.a.m.s.f.DefaultMavenResourcesFiltering - skip non existing resourceDirectory C:\Users\DELL\Desktop\Perplexity\backend\greennest\src\test\resources
2025-08-02 17:21:19,877 [Worker-31: Building] INFO  o.a.m.s.f.DefaultMavenResourcesFiltering - Copying 1 resource from src\main\resources to target\classes
2025-08-02 17:21:19,883 [Worker-31: Building] INFO  o.a.m.s.f.DefaultMavenResourcesFiltering - Copying 0 resource from src\main\resources to target\classes
2025-08-02 17:21:19,887 [Worker-31: Building] INFO  o.a.m.s.f.DefaultMavenResourcesFiltering - skip non existing resourceDirectory C:\Users\DELL\Desktop\Perplexity\backend\greennest\src\test\resources
2025-08-02 17:21:25,962 [Worker-34: Building] INFO  o.a.m.s.f.DefaultMavenResourcesFiltering - Copying 1 resource from src\main\resources to target\classes
2025-08-02 17:21:25,966 [Worker-34: Building] INFO  o.a.m.s.f.DefaultMavenResourcesFiltering - Copying 0 resource from src\main\resources to target\classes
2025-08-02 17:21:25,969 [Worker-34: Building] INFO  o.a.m.s.f.DefaultMavenResourcesFiltering - skip non existing resourceDirectory C:\Users\DELL\Desktop\Perplexity\backend\greennest\src\test\resources
2025-08-02 17:21:58,469 [Worker-33: Building] INFO  o.a.m.s.f.DefaultMavenResourcesFiltering - Copying 1 resource from src\main\resources to target\classes
2025-08-02 17:21:58,472 [Worker-33: Building] INFO  o.a.m.s.f.DefaultMavenResourcesFiltering - Copying 0 resource from src\main\resources to target\classes
2025-08-02 17:21:58,474 [Worker-33: Building] INFO  o.a.m.s.f.DefaultMavenResourcesFiltering - skip non existing resourceDirectory C:\Users\DELL\Desktop\Perplexity\backend\greennest\src\test\resources
2025-08-02 17:22:14,964 [Worker-33: Building] INFO  o.a.m.s.f.DefaultMavenResourcesFiltering - Copying 1 resource from src\main\resources to target\classes
2025-08-02 17:22:14,969 [Worker-33: Building] INFO  o.a.m.s.f.DefaultMavenResourcesFiltering - Copying 0 resource from src\main\resources to target\classes
2025-08-02 17:22:14,973 [Worker-33: Building] INFO  o.a.m.s.f.DefaultMavenResourcesFiltering - skip non existing resourceDirectory C:\Users\DELL\Desktop\Perplexity\backend\greennest\src\test\resources
2025-08-02 17:22:19,189 [Worker-32: Building] INFO  o.a.m.s.f.DefaultMavenResourcesFiltering - Copying 1 resource from src\main\resources to target\classes
2025-08-02 17:22:19,194 [Worker-32: Building] INFO  o.a.m.s.f.DefaultMavenResourcesFiltering - Copying 0 resource from src\main\resources to target\classes
2025-08-02 17:22:19,198 [Worker-32: Building] INFO  o.a.m.s.f.DefaultMavenResourcesFiltering - skip non existing resourceDirectory C:\Users\DELL\Desktop\Perplexity\backend\greennest\src\test\resources
2025-08-02 17:22:37,632 [Worker-31: Building] INFO  o.a.m.s.f.DefaultMavenResourcesFiltering - Copying 1 resource from src\main\resources to target\classes
2025-08-02 17:22:37,638 [Worker-31: Building] INFO  o.a.m.s.f.DefaultMavenResourcesFiltering - Copying 0 resource from src\main\resources to target\classes
2025-08-02 17:22:37,644 [Worker-31: Building] INFO  o.a.m.s.f.DefaultMavenResourcesFiltering - skip non existing resourceDirectory C:\Users\DELL\Desktop\Perplexity\backend\greennest\src\test\resources
2025-08-02 17:22:51,381 [Worker-26: Building] INFO  o.a.m.s.f.DefaultMavenResourcesFiltering - Copying 1 resource from src\main\resources to target\classes
2025-08-02 17:22:51,386 [Worker-26: Building] INFO  o.a.m.s.f.DefaultMavenResourcesFiltering - Copying 0 resource from src\main\resources to target\classes
2025-08-02 17:22:51,389 [Worker-26: Building] INFO  o.a.m.s.f.DefaultMavenResourcesFiltering - skip non existing resourceDirectory C:\Users\DELL\Desktop\Perplexity\backend\greennest\src\test\resources
2025-08-02 17:23:02,523 [Worker-31: Building] INFO  o.a.m.s.f.DefaultMavenResourcesFiltering - Copying 1 resource from src\main\resources to target\classes
2025-08-02 17:23:02,526 [Worker-31: Building] INFO  o.a.m.s.f.DefaultMavenResourcesFiltering - Copying 0 resource from src\main\resources to target\classes
2025-08-02 17:23:02,527 [Worker-31: Building] INFO  o.a.m.s.f.DefaultMavenResourcesFiltering - skip non existing resourceDirectory C:\Users\DELL\Desktop\Perplexity\backend\greennest\src\test\resources
2025-08-02 17:23:10,289 [Worker-26: Building] INFO  o.a.m.s.f.DefaultMavenResourcesFiltering - Copying 1 resource from src\main\resources to target\classes
2025-08-02 17:23:10,293 [Worker-26: Building] INFO  o.a.m.s.f.DefaultMavenResourcesFiltering - Copying 0 resource from src\main\resources to target\classes
2025-08-02 17:23:10,296 [Worker-26: Building] INFO  o.a.m.s.f.DefaultMavenResourcesFiltering - skip non existing resourceDirectory C:\Users\DELL\Desktop\Perplexity\backend\greennest\src\test\resources
2025-08-02 17:23:42,217 [Worker-32: Building] INFO  o.a.m.s.f.DefaultMavenResourcesFiltering - Copying 1 resource from src\main\resources to target\classes
2025-08-02 17:23:42,220 [Worker-32: Building] INFO  o.a.m.s.f.DefaultMavenResourcesFiltering - Copying 0 resource from src\main\resources to target\classes
2025-08-02 17:23:42,222 [Worker-32: Building] INFO  o.a.m.s.f.DefaultMavenResourcesFiltering - skip non existing resourceDirectory C:\Users\DELL\Desktop\Perplexity\backend\greennest\src\test\resources
2025-08-02 17:23:52,635 [Worker-26: Building] INFO  o.a.m.s.f.DefaultMavenResourcesFiltering - Copying 1 resource from src\main\resources to target\classes
2025-08-02 17:23:52,639 [Worker-26: Building] INFO  o.a.m.s.f.DefaultMavenResourcesFiltering - Copying 0 resource from src\main\resources to target\classes
2025-08-02 17:23:52,641 [Worker-26: Building] INFO  o.a.m.s.f.DefaultMavenResourcesFiltering - skip non existing resourceDirectory C:\Users\DELL\Desktop\Perplexity\backend\greennest\src\test\resources
2025-08-02 17:24:11,983 [Worker-34: Building] INFO  o.a.m.s.f.DefaultMavenResourcesFiltering - Copying 1 resource from src\main\resources to target\classes
2025-08-02 17:24:11,985 [Worker-34: Building] INFO  o.a.m.s.f.DefaultMavenResourcesFiltering - Copying 0 resource from src\main\resources to target\classes
2025-08-02 17:24:11,987 [Worker-34: Building] INFO  o.a.m.s.f.DefaultMavenResourcesFiltering - skip non existing resourceDirectory C:\Users\DELL\Desktop\Perplexity\backend\greennest\src\test\resources
2025-08-02 17:24:24,517 [Worker-33: Building] INFO  o.a.m.s.f.DefaultMavenResourcesFiltering - Copying 1 resource from src\main\resources to target\classes
2025-08-02 17:24:24,522 [Worker-33: Building] INFO  o.a.m.s.f.DefaultMavenResourcesFiltering - Copying 0 resource from src\main\resources to target\classes
2025-08-02 17:24:24,525 [Worker-33: Building] INFO  o.a.m.s.f.DefaultMavenResourcesFiltering - skip non existing resourceDirectory C:\Users\DELL\Desktop\Perplexity\backend\greennest\src\test\resources
2025-08-02 17:24:33,671 [Worker-26: Building] INFO  o.a.m.s.f.DefaultMavenResourcesFiltering - Copying 1 resource from src\main\resources to target\classes
2025-08-02 17:24:33,673 [Worker-26: Building] INFO  o.a.m.s.f.DefaultMavenResourcesFiltering - Copying 0 resource from src\main\resources to target\classes
2025-08-02 17:24:33,675 [Worker-26: Building] INFO  o.a.m.s.f.DefaultMavenResourcesFiltering - skip non existing resourceDirectory C:\Users\DELL\Desktop\Perplexity\backend\greennest\src\test\resources
2025-08-02 17:24:41,631 [Worker-34: Building] INFO  o.a.m.s.f.DefaultMavenResourcesFiltering - Copying 1 resource from src\main\resources to target\classes
2025-08-02 17:24:41,634 [Worker-34: Building] INFO  o.a.m.s.f.DefaultMavenResourcesFiltering - Copying 0 resource from src\main\resources to target\classes
2025-08-02 17:24:41,637 [Worker-34: Building] INFO  o.a.m.s.f.DefaultMavenResourcesFiltering - skip non existing resourceDirectory C:\Users\DELL\Desktop\Perplexity\backend\greennest\src\test\resources
2025-08-02 17:24:57,887 [Worker-26: Building] INFO  o.a.m.s.f.DefaultMavenResourcesFiltering - Copying 1 resource from src\main\resources to target\classes
2025-08-02 17:24:57,892 [Worker-26: Building] INFO  o.a.m.s.f.DefaultMavenResourcesFiltering - Copying 0 resource from src\main\resources to target\classes
2025-08-02 17:24:57,895 [Worker-26: Building] INFO  o.a.m.s.f.DefaultMavenResourcesFiltering - skip non existing resourceDirectory C:\Users\DELL\Desktop\Perplexity\backend\greennest\src\test\resources
2025-08-02 17:25:22,364 [Worker-32: Building] INFO  o.a.m.s.f.DefaultMavenResourcesFiltering - Copying 1 resource from src\main\resources to target\classes
2025-08-02 17:25:22,367 [Worker-32: Building] INFO  o.a.m.s.f.DefaultMavenResourcesFiltering - Copying 0 resource from src\main\resources to target\classes
2025-08-02 17:25:22,369 [Worker-32: Building] INFO  o.a.m.s.f.DefaultMavenResourcesFiltering - skip non existing resourceDirectory C:\Users\DELL\Desktop\Perplexity\backend\greennest\src\test\resources
2025-08-02 17:25:39,466 [Worker-31: Building] INFO  o.a.m.s.f.DefaultMavenResourcesFiltering - Copying 1 resource from src\main\resources to target\classes
2025-08-02 17:25:39,469 [Worker-31: Building] INFO  o.a.m.s.f.DefaultMavenResourcesFiltering - Copying 0 resource from src\main\resources to target\classes
2025-08-02 17:25:39,471 [Worker-31: Building] INFO  o.a.m.s.f.DefaultMavenResourcesFiltering - skip non existing resourceDirectory C:\Users\DELL\Desktop\Perplexity\backend\greennest\src\test\resources
2025-08-02 17:26:11,151 [Worker-31: Building] INFO  o.a.m.s.f.DefaultMavenResourcesFiltering - Copying 1 resource from src\main\resources to target\classes
2025-08-02 17:26:11,156 [Worker-31: Building] INFO  o.a.m.s.f.DefaultMavenResourcesFiltering - Copying 0 resource from src\main\resources to target\classes
2025-08-02 17:26:11,161 [Worker-31: Building] INFO  o.a.m.s.f.DefaultMavenResourcesFiltering - skip non existing resourceDirectory C:\Users\DELL\Desktop\Perplexity\backend\greennest\src\test\resources
2025-08-02 17:26:17,228 [Worker-34: Building] INFO  o.a.m.s.f.DefaultMavenResourcesFiltering - Copying 1 resource from src\main\resources to target\classes
2025-08-02 17:26:17,231 [Worker-34: Building] INFO  o.a.m.s.f.DefaultMavenResourcesFiltering - Copying 0 resource from src\main\resources to target\classes
2025-08-02 17:26:17,233 [Worker-34: Building] INFO  o.a.m.s.f.DefaultMavenResourcesFiltering - skip non existing resourceDirectory C:\Users\DELL\Desktop\Perplexity\backend\greennest\src\test\resources
2025-08-02 17:26:36,304 [Worker-26: Building] INFO  o.a.m.s.f.DefaultMavenResourcesFiltering - Copying 1 resource from src\main\resources to target\classes
2025-08-02 17:26:36,307 [Worker-26: Building] INFO  o.a.m.s.f.DefaultMavenResourcesFiltering - Copying 0 resource from src\main\resources to target\classes
2025-08-02 17:26:36,310 [Worker-26: Building] INFO  o.a.m.s.f.DefaultMavenResourcesFiltering - skip non existing resourceDirectory C:\Users\DELL\Desktop\Perplexity\backend\greennest\src\test\resources
2025-08-02 17:26:40,372 [Worker-33: Building] INFO  o.a.m.s.f.DefaultMavenResourcesFiltering - Copying 1 resource from src\main\resources to target\classes
2025-08-02 17:26:40,374 [Worker-33: Building] INFO  o.a.m.s.f.DefaultMavenResourcesFiltering - Copying 0 resource from src\main\resources to target\classes
2025-08-02 17:26:40,376 [Worker-33: Building] INFO  o.a.m.s.f.DefaultMavenResourcesFiltering - skip non existing resourceDirectory C:\Users\DELL\Desktop\Perplexity\backend\greennest\src\test\resources
2025-08-02 17:27:24,299 [Worker-31: Building] INFO  o.e.m.c.i.l.LifecycleMappingFactory - Using org.eclipse.m2e.jdt.JarLifecycleMapping lifecycle mapping for MavenProject: com.greennest:greennest-backend:0.0.1-SNAPSHOT @ C:\Users\DELL\Desktop\Perplexity\backend\greennest\pom.xml.
2025-08-02 17:27:25,104 [Worker-31: Building] INFO  o.e.m.c.i.e.AbstractTransferListenerAdapter - Downloading https://repo.maven.apache.org/maven2/mysql/mysql-connector-java/8.0.33/mysql-connector-java-8.0.33.pom
2025-08-02 17:27:25,117 [Worker-31: Building] INFO  o.e.m.c.i.e.AbstractTransferListenerAdapter - Downloaded https://repo.maven.apache.org/maven2/mysql/mysql-connector-java/8.0.33/mysql-connector-java-8.0.33.pom
2025-08-02 17:27:25,188 [Worker-31: Building] WARN  o.e.m.c.i.embedder.EclipseLogger - The artifact mysql:mysql-connector-java:jar:8.0.33 has been relocated to com.mysql:mysql-connector-j:jar:8.0.33: MySQL Connector/J artifacts moved to reverse-DNS compliant Maven 2+ coordinates.
2025-08-02 17:27:25,642 [Worker-31: Building] INFO  o.a.m.s.f.DefaultMavenResourcesFiltering - Copying 0 resource from src\main\resources to target\classes
2025-08-02 17:27:25,643 [Worker-31: Building] INFO  o.a.m.s.f.DefaultMavenResourcesFiltering - Copying 0 resource from src\main\resources to target\classes
2025-08-02 17:27:25,650 [Worker-31: Building] INFO  o.a.m.s.f.DefaultMavenResourcesFiltering - skip non existing resourceDirectory C:\Users\DELL\Desktop\Perplexity\backend\greennest\src\test\resources
2025-08-02 17:27:26,921 [Worker-31: Building] INFO  o.a.m.s.f.DefaultMavenResourcesFiltering - Copying 1 resource from src\main\resources to target\classes
2025-08-02 17:27:26,944 [Worker-31: Building] INFO  o.a.m.s.f.DefaultMavenResourcesFiltering - Copying 0 resource from src\main\resources to target\classes
2025-08-02 17:27:26,947 [Worker-31: Building] INFO  o.a.m.s.f.DefaultMavenResourcesFiltering - skip non existing resourceDirectory C:\Users\DELL\Desktop\Perplexity\backend\greennest\src\test\resources
2025-08-02 17:27:43,540 [Stop Help Server] INFO  org.eclipse.jetty.server.Server - Stopped oejs.Server@4c6b4a11{STOPPING}[12.0.16,sto=0]
2025-08-02 17:27:43,544 [Stop Help Server] INFO  o.e.jetty.server.AbstractConnector - Stopped ServerConnector@2f46864b{HTTP/1.1, (http/1.1)}{127.0.0.1:0}
2025-08-02 17:28:01,613 [Worker-7: Loading available Gradle versions] INFO  o.e.b.c.i.u.g.PublishedGradleVersions - Gradle version information cache is up-to-date. Trying to read.
2025-08-02 17:28:03,783 [Worker-2: reload maven project] WARN  o.e.m.c.i.embedder.EclipseLogger - The artifact mysql:mysql-connector-java:jar:8.0.33 has been relocated to com.mysql:mysql-connector-j:jar:8.0.33: MySQL Connector/J artifacts moved to reverse-DNS compliant Maven 2+ coordinates.
2025-08-02 17:28:18,726 [Worker-2: Launching Executing clean in C__Users_DELL_Desktop_Perplexity_backend_greennest] INFO  o.eclipse.m2e.core.internal.Bundles - getClasspathEntries(Bundle=org.eclipse.m2e.maven.runtime_3.9.900.20250220-2013 [361])
2025-08-02 17:28:18,727 [Worker-2: Launching Executing clean in C__Users_DELL_Desktop_Perplexity_backend_greennest] INFO  o.eclipse.m2e.core.internal.Bundles - 	Entry: C:\Users\DELL\Downloads\spring-tool-suite-4-4.29.1.RELEASE-e4.35.0-win32.win32.x86_64\sts-4.29.1.RELEASE\plugins\org.eclipse.m2e.maven.runtime_3.9.900.20250220-2013
2025-08-02 17:28:18,728 [Worker-2: Launching Executing clean in C__Users_DELL_Desktop_Perplexity_backend_greennest] INFO  o.eclipse.m2e.core.internal.Bundles - 	Entry: C:\Users\DELL\Downloads\spring-tool-suite-4-4.29.1.RELEASE-e4.35.0-win32.win32.x86_64\sts-4.29.1.RELEASE\plugins\org.eclipse.m2e.maven.runtime_3.9.900.20250220-2013\jars\aopalliance-1.0.jar
2025-08-02 17:28:18,728 [Worker-2: Launching Executing clean in C__Users_DELL_Desktop_Perplexity_backend_greennest] INFO  o.eclipse.m2e.core.internal.Bundles - 	Entry: C:\Users\DELL\Downloads\spring-tool-suite-4-4.29.1.RELEASE-e4.35.0-win32.win32.x86_64\sts-4.29.1.RELEASE\plugins\org.eclipse.m2e.maven.runtime_3.9.900.20250220-2013\jars\guice-5.1.0.jar
2025-08-02 17:28:18,728 [Worker-2: Launching Executing clean in C__Users_DELL_Desktop_Perplexity_backend_greennest] INFO  o.eclipse.m2e.core.internal.Bundles - 	Entry: C:\Users\DELL\Downloads\spring-tool-suite-4-4.29.1.RELEASE-e4.35.0-win32.win32.x86_64\sts-4.29.1.RELEASE\plugins\org.eclipse.m2e.maven.runtime_3.9.900.20250220-2013\jars\httpclient-4.5.14.jar
2025-08-02 17:28:18,728 [Worker-2: Launching Executing clean in C__Users_DELL_Desktop_Perplexity_backend_greennest] INFO  o.eclipse.m2e.core.internal.Bundles - 	Entry: C:\Users\DELL\Downloads\spring-tool-suite-4-4.29.1.RELEASE-e4.35.0-win32.win32.x86_64\sts-4.29.1.RELEASE\plugins\org.eclipse.m2e.maven.runtime_3.9.900.20250220-2013\jars\httpcore-4.4.16.jar
2025-08-02 17:28:18,728 [Worker-2: Launching Executing clean in C__Users_DELL_Desktop_Perplexity_backend_greennest] INFO  o.eclipse.m2e.core.internal.Bundles - 	Entry: C:\Users\DELL\Downloads\spring-tool-suite-4-4.29.1.RELEASE-e4.35.0-win32.win32.x86_64\sts-4.29.1.RELEASE\plugins\org.eclipse.m2e.maven.runtime_3.9.900.20250220-2013\jars\jansi-2.4.1.jar
2025-08-02 17:28:18,728 [Worker-2: Launching Executing clean in C__Users_DELL_Desktop_Perplexity_backend_greennest] INFO  o.eclipse.m2e.core.internal.Bundles - 	Entry: C:\Users\DELL\Downloads\spring-tool-suite-4-4.29.1.RELEASE-e4.35.0-win32.win32.x86_64\sts-4.29.1.RELEASE\plugins\org.eclipse.m2e.maven.runtime_3.9.900.20250220-2013\jars\jcl-over-slf4j-1.7.36.jar
2025-08-02 17:28:18,728 [Worker-2: Launching Executing clean in C__Users_DELL_Desktop_Perplexity_backend_greennest] INFO  o.eclipse.m2e.core.internal.Bundles - 	Entry: C:\Users\DELL\Downloads\spring-tool-suite-4-4.29.1.RELEASE-e4.35.0-win32.win32.x86_64\sts-4.29.1.RELEASE\plugins\org.eclipse.m2e.maven.runtime_3.9.900.20250220-2013\jars\maven-artifact-3.9.9.jar
2025-08-02 17:28:18,729 [Worker-2: Launching Executing clean in C__Users_DELL_Desktop_Perplexity_backend_greennest] INFO  o.eclipse.m2e.core.internal.Bundles - 	Entry: C:\Users\DELL\Downloads\spring-tool-suite-4-4.29.1.RELEASE-e4.35.0-win32.win32.x86_64\sts-4.29.1.RELEASE\plugins\org.eclipse.m2e.maven.runtime_3.9.900.20250220-2013\jars\maven-builder-support-3.9.9.jar
2025-08-02 17:28:18,729 [Worker-2: Launching Executing clean in C__Users_DELL_Desktop_Perplexity_backend_greennest] INFO  o.eclipse.m2e.core.internal.Bundles - 	Entry: C:\Users\DELL\Downloads\spring-tool-suite-4-4.29.1.RELEASE-e4.35.0-win32.win32.x86_64\sts-4.29.1.RELEASE\plugins\org.eclipse.m2e.maven.runtime_3.9.900.20250220-2013\jars\maven-compat-3.9.9.jar
2025-08-02 17:28:18,729 [Worker-2: Launching Executing clean in C__Users_DELL_Desktop_Perplexity_backend_greennest] INFO  o.eclipse.m2e.core.internal.Bundles - 	Entry: C:\Users\DELL\Downloads\spring-tool-suite-4-4.29.1.RELEASE-e4.35.0-win32.win32.x86_64\sts-4.29.1.RELEASE\plugins\org.eclipse.m2e.maven.runtime_3.9.900.20250220-2013\jars\maven-core-3.9.9.jar
2025-08-02 17:28:18,729 [Worker-2: Launching Executing clean in C__Users_DELL_Desktop_Perplexity_backend_greennest] INFO  o.eclipse.m2e.core.internal.Bundles - 	Entry: C:\Users\DELL\Downloads\spring-tool-suite-4-4.29.1.RELEASE-e4.35.0-win32.win32.x86_64\sts-4.29.1.RELEASE\plugins\org.eclipse.m2e.maven.runtime_3.9.900.20250220-2013\jars\maven-embedder-3.9.9.jar
2025-08-02 17:28:18,729 [Worker-2: Launching Executing clean in C__Users_DELL_Desktop_Perplexity_backend_greennest] INFO  o.eclipse.m2e.core.internal.Bundles - 	Entry: C:\Users\DELL\Downloads\spring-tool-suite-4-4.29.1.RELEASE-e4.35.0-win32.win32.x86_64\sts-4.29.1.RELEASE\plugins\org.eclipse.m2e.maven.runtime_3.9.900.20250220-2013\jars\maven-model-3.9.9.jar
2025-08-02 17:28:18,729 [Worker-2: Launching Executing clean in C__Users_DELL_Desktop_Perplexity_backend_greennest] INFO  o.eclipse.m2e.core.internal.Bundles - 	Entry: C:\Users\DELL\Downloads\spring-tool-suite-4-4.29.1.RELEASE-e4.35.0-win32.win32.x86_64\sts-4.29.1.RELEASE\plugins\org.eclipse.m2e.maven.runtime_3.9.900.20250220-2013\jars\maven-model-builder-3.9.9.jar
2025-08-02 17:28:18,729 [Worker-2: Launching Executing clean in C__Users_DELL_Desktop_Perplexity_backend_greennest] INFO  o.eclipse.m2e.core.internal.Bundles - 	Entry: C:\Users\DELL\Downloads\spring-tool-suite-4-4.29.1.RELEASE-e4.35.0-win32.win32.x86_64\sts-4.29.1.RELEASE\plugins\org.eclipse.m2e.maven.runtime_3.9.900.20250220-2013\jars\maven-plugin-api-3.9.9.jar
2025-08-02 17:28:18,729 [Worker-2: Launching Executing clean in C__Users_DELL_Desktop_Perplexity_backend_greennest] INFO  o.eclipse.m2e.core.internal.Bundles - 	Entry: C:\Users\DELL\Downloads\spring-tool-suite-4-4.29.1.RELEASE-e4.35.0-win32.win32.x86_64\sts-4.29.1.RELEASE\plugins\org.eclipse.m2e.maven.runtime_3.9.900.20250220-2013\jars\maven-repository-metadata-3.9.9.jar
2025-08-02 17:28:18,729 [Worker-2: Launching Executing clean in C__Users_DELL_Desktop_Perplexity_backend_greennest] INFO  o.eclipse.m2e.core.internal.Bundles - 	Entry: C:\Users\DELL\Downloads\spring-tool-suite-4-4.29.1.RELEASE-e4.35.0-win32.win32.x86_64\sts-4.29.1.RELEASE\plugins\org.eclipse.m2e.maven.runtime_3.9.900.20250220-2013\jars\maven-resolver-api-1.9.22.jar
2025-08-02 17:28:18,729 [Worker-2: Launching Executing clean in C__Users_DELL_Desktop_Perplexity_backend_greennest] INFO  o.eclipse.m2e.core.internal.Bundles - 	Entry: C:\Users\DELL\Downloads\spring-tool-suite-4-4.29.1.RELEASE-e4.35.0-win32.win32.x86_64\sts-4.29.1.RELEASE\plugins\org.eclipse.m2e.maven.runtime_3.9.900.20250220-2013\jars\maven-resolver-connector-basic-1.9.22.jar
2025-08-02 17:28:18,729 [Worker-2: Launching Executing clean in C__Users_DELL_Desktop_Perplexity_backend_greennest] INFO  o.eclipse.m2e.core.internal.Bundles - 	Entry: C:\Users\DELL\Downloads\spring-tool-suite-4-4.29.1.RELEASE-e4.35.0-win32.win32.x86_64\sts-4.29.1.RELEASE\plugins\org.eclipse.m2e.maven.runtime_3.9.900.20250220-2013\jars\maven-resolver-impl-1.9.22.jar
2025-08-02 17:28:18,730 [Worker-2: Launching Executing clean in C__Users_DELL_Desktop_Perplexity_backend_greennest] INFO  o.eclipse.m2e.core.internal.Bundles - 	Entry: C:\Users\DELL\Downloads\spring-tool-suite-4-4.29.1.RELEASE-e4.35.0-win32.win32.x86_64\sts-4.29.1.RELEASE\plugins\org.eclipse.m2e.maven.runtime_3.9.900.20250220-2013\jars\maven-resolver-named-locks-1.9.22.jar
2025-08-02 17:28:18,730 [Worker-2: Launching Executing clean in C__Users_DELL_Desktop_Perplexity_backend_greennest] INFO  o.eclipse.m2e.core.internal.Bundles - 	Entry: C:\Users\DELL\Downloads\spring-tool-suite-4-4.29.1.RELEASE-e4.35.0-win32.win32.x86_64\sts-4.29.1.RELEASE\plugins\org.eclipse.m2e.maven.runtime_3.9.900.20250220-2013\jars\maven-resolver-provider-3.9.9.jar
2025-08-02 17:28:18,730 [Worker-2: Launching Executing clean in C__Users_DELL_Desktop_Perplexity_backend_greennest] INFO  o.eclipse.m2e.core.internal.Bundles - 	Entry: C:\Users\DELL\Downloads\spring-tool-suite-4-4.29.1.RELEASE-e4.35.0-win32.win32.x86_64\sts-4.29.1.RELEASE\plugins\org.eclipse.m2e.maven.runtime_3.9.900.20250220-2013\jars\maven-resolver-spi-1.9.22.jar
2025-08-02 17:28:18,730 [Worker-2: Launching Executing clean in C__Users_DELL_Desktop_Perplexity_backend_greennest] INFO  o.eclipse.m2e.core.internal.Bundles - 	Entry: C:\Users\DELL\Downloads\spring-tool-suite-4-4.29.1.RELEASE-e4.35.0-win32.win32.x86_64\sts-4.29.1.RELEASE\plugins\org.eclipse.m2e.maven.runtime_3.9.900.20250220-2013\jars\maven-resolver-transport-file-1.9.22.jar
2025-08-02 17:28:18,730 [Worker-2: Launching Executing clean in C__Users_DELL_Desktop_Perplexity_backend_greennest] INFO  o.eclipse.m2e.core.internal.Bundles - 	Entry: C:\Users\DELL\Downloads\spring-tool-suite-4-4.29.1.RELEASE-e4.35.0-win32.win32.x86_64\sts-4.29.1.RELEASE\plugins\org.eclipse.m2e.maven.runtime_3.9.900.20250220-2013\jars\maven-resolver-transport-http-1.9.22.jar
2025-08-02 17:28:18,730 [Worker-2: Launching Executing clean in C__Users_DELL_Desktop_Perplexity_backend_greennest] INFO  o.eclipse.m2e.core.internal.Bundles - 	Entry: C:\Users\DELL\Downloads\spring-tool-suite-4-4.29.1.RELEASE-e4.35.0-win32.win32.x86_64\sts-4.29.1.RELEASE\plugins\org.eclipse.m2e.maven.runtime_3.9.900.20250220-2013\jars\maven-resolver-transport-wagon-1.9.22.jar
2025-08-02 17:28:18,730 [Worker-2: Launching Executing clean in C__Users_DELL_Desktop_Perplexity_backend_greennest] INFO  o.eclipse.m2e.core.internal.Bundles - 	Entry: C:\Users\DELL\Downloads\spring-tool-suite-4-4.29.1.RELEASE-e4.35.0-win32.win32.x86_64\sts-4.29.1.RELEASE\plugins\org.eclipse.m2e.maven.runtime_3.9.900.20250220-2013\jars\maven-resolver-util-1.9.22.jar
2025-08-02 17:28:18,730 [Worker-2: Launching Executing clean in C__Users_DELL_Desktop_Perplexity_backend_greennest] INFO  o.eclipse.m2e.core.internal.Bundles - 	Entry: C:\Users\DELL\Downloads\spring-tool-suite-4-4.29.1.RELEASE-e4.35.0-win32.win32.x86_64\sts-4.29.1.RELEASE\plugins\org.eclipse.m2e.maven.runtime_3.9.900.20250220-2013\jars\maven-settings-3.9.9.jar
2025-08-02 17:28:18,730 [Worker-2: Launching Executing clean in C__Users_DELL_Desktop_Perplexity_backend_greennest] INFO  o.eclipse.m2e.core.internal.Bundles - 	Entry: C:\Users\DELL\Downloads\spring-tool-suite-4-4.29.1.RELEASE-e4.35.0-win32.win32.x86_64\sts-4.29.1.RELEASE\plugins\org.eclipse.m2e.maven.runtime_3.9.900.20250220-2013\jars\maven-settings-builder-3.9.9.jar
2025-08-02 17:28:18,730 [Worker-2: Launching Executing clean in C__Users_DELL_Desktop_Perplexity_backend_greennest] INFO  o.eclipse.m2e.core.internal.Bundles - 	Entry: C:\Users\DELL\Downloads\spring-tool-suite-4-4.29.1.RELEASE-e4.35.0-win32.win32.x86_64\sts-4.29.1.RELEASE\plugins\org.eclipse.m2e.maven.runtime_3.9.900.20250220-2013\jars\maven-shared-utils-3.4.2.jar
2025-08-02 17:28:18,730 [Worker-2: Launching Executing clean in C__Users_DELL_Desktop_Perplexity_backend_greennest] INFO  o.eclipse.m2e.core.internal.Bundles - 	Entry: C:\Users\DELL\Downloads\spring-tool-suite-4-4.29.1.RELEASE-e4.35.0-win32.win32.x86_64\sts-4.29.1.RELEASE\plugins\org.eclipse.m2e.maven.runtime_3.9.900.20250220-2013\jars\org.eclipse.sisu.inject-0.9.0.M3.jar
2025-08-02 17:28:18,731 [Worker-2: Launching Executing clean in C__Users_DELL_Desktop_Perplexity_backend_greennest] INFO  o.eclipse.m2e.core.internal.Bundles - 	Entry: C:\Users\DELL\Downloads\spring-tool-suite-4-4.29.1.RELEASE-e4.35.0-win32.win32.x86_64\sts-4.29.1.RELEASE\plugins\org.eclipse.m2e.maven.runtime_3.9.900.20250220-2013\jars\org.eclipse.sisu.plexus-0.9.0.M3.jar
2025-08-02 17:28:18,731 [Worker-2: Launching Executing clean in C__Users_DELL_Desktop_Perplexity_backend_greennest] INFO  o.eclipse.m2e.core.internal.Bundles - 	Entry: C:\Users\DELL\Downloads\spring-tool-suite-4-4.29.1.RELEASE-e4.35.0-win32.win32.x86_64\sts-4.29.1.RELEASE\plugins\org.eclipse.m2e.maven.runtime_3.9.900.20250220-2013\jars\plexus-build-api-0.0.7.jar
2025-08-02 17:28:18,731 [Worker-2: Launching Executing clean in C__Users_DELL_Desktop_Perplexity_backend_greennest] INFO  o.eclipse.m2e.core.internal.Bundles - 	Entry: C:\Users\DELL\Downloads\spring-tool-suite-4-4.29.1.RELEASE-e4.35.0-win32.win32.x86_64\sts-4.29.1.RELEASE\plugins\org.eclipse.m2e.maven.runtime_3.9.900.20250220-2013\jars\plexus-build-api-1.2.0.jar
2025-08-02 17:28:18,731 [Worker-2: Launching Executing clean in C__Users_DELL_Desktop_Perplexity_backend_greennest] INFO  o.eclipse.m2e.core.internal.Bundles - 	Entry: C:\Users\DELL\Downloads\spring-tool-suite-4-4.29.1.RELEASE-e4.35.0-win32.win32.x86_64\sts-4.29.1.RELEASE\plugins\org.eclipse.m2e.maven.runtime_3.9.900.20250220-2013\jars\plexus-cipher-2.0.jar
2025-08-02 17:28:18,731 [Worker-2: Launching Executing clean in C__Users_DELL_Desktop_Perplexity_backend_greennest] INFO  o.eclipse.m2e.core.internal.Bundles - 	Entry: C:\Users\DELL\Downloads\spring-tool-suite-4-4.29.1.RELEASE-e4.35.0-win32.win32.x86_64\sts-4.29.1.RELEASE\plugins\org.eclipse.m2e.maven.runtime_3.9.900.20250220-2013\jars\plexus-classworlds-2.8.0.jar
2025-08-02 17:28:18,731 [Worker-2: Launching Executing clean in C__Users_DELL_Desktop_Perplexity_backend_greennest] INFO  o.eclipse.m2e.core.internal.Bundles - 	Entry: C:\Users\DELL\Downloads\spring-tool-suite-4-4.29.1.RELEASE-e4.35.0-win32.win32.x86_64\sts-4.29.1.RELEASE\plugins\org.eclipse.m2e.maven.runtime_3.9.900.20250220-2013\jars\plexus-component-annotations-2.1.0.jar
2025-08-02 17:28:18,731 [Worker-2: Launching Executing clean in C__Users_DELL_Desktop_Perplexity_backend_greennest] INFO  o.eclipse.m2e.core.internal.Bundles - 	Entry: C:\Users\DELL\Downloads\spring-tool-suite-4-4.29.1.RELEASE-e4.35.0-win32.win32.x86_64\sts-4.29.1.RELEASE\plugins\org.eclipse.m2e.maven.runtime_3.9.900.20250220-2013\jars\plexus-interpolation-1.27.jar
2025-08-02 17:28:18,731 [Worker-2: Launching Executing clean in C__Users_DELL_Desktop_Perplexity_backend_greennest] INFO  o.eclipse.m2e.core.internal.Bundles - 	Entry: C:\Users\DELL\Downloads\spring-tool-suite-4-4.29.1.RELEASE-e4.35.0-win32.win32.x86_64\sts-4.29.1.RELEASE\plugins\org.eclipse.m2e.maven.runtime_3.9.900.20250220-2013\jars\plexus-sec-dispatcher-2.0.jar
2025-08-02 17:28:18,731 [Worker-2: Launching Executing clean in C__Users_DELL_Desktop_Perplexity_backend_greennest] INFO  o.eclipse.m2e.core.internal.Bundles - 	Entry: C:\Users\DELL\Downloads\spring-tool-suite-4-4.29.1.RELEASE-e4.35.0-win32.win32.x86_64\sts-4.29.1.RELEASE\plugins\org.eclipse.m2e.maven.runtime_3.9.900.20250220-2013\jars\plexus-utils-3.5.1.jar
2025-08-02 17:28:18,731 [Worker-2: Launching Executing clean in C__Users_DELL_Desktop_Perplexity_backend_greennest] INFO  o.eclipse.m2e.core.internal.Bundles - 	Entry: C:\Users\DELL\Downloads\spring-tool-suite-4-4.29.1.RELEASE-e4.35.0-win32.win32.x86_64\sts-4.29.1.RELEASE\plugins\org.eclipse.m2e.maven.runtime_3.9.900.20250220-2013\jars\plexus-xml-3.0.1.jar
2025-08-02 17:28:18,731 [Worker-2: Launching Executing clean in C__Users_DELL_Desktop_Perplexity_backend_greennest] INFO  o.eclipse.m2e.core.internal.Bundles - 	Entry: C:\Users\DELL\Downloads\spring-tool-suite-4-4.29.1.RELEASE-e4.35.0-win32.win32.x86_64\sts-4.29.1.RELEASE\plugins\org.eclipse.m2e.maven.runtime_3.9.900.20250220-2013\jars\wagon-file-3.5.3.jar
2025-08-02 17:28:18,732 [Worker-2: Launching Executing clean in C__Users_DELL_Desktop_Perplexity_backend_greennest] INFO  o.eclipse.m2e.core.internal.Bundles - 	Entry: C:\Users\DELL\Downloads\spring-tool-suite-4-4.29.1.RELEASE-e4.35.0-win32.win32.x86_64\sts-4.29.1.RELEASE\plugins\org.eclipse.m2e.maven.runtime_3.9.900.20250220-2013\jars\wagon-http-3.5.3.jar
2025-08-02 17:28:18,732 [Worker-2: Launching Executing clean in C__Users_DELL_Desktop_Perplexity_backend_greennest] INFO  o.eclipse.m2e.core.internal.Bundles - 	Entry: C:\Users\DELL\Downloads\spring-tool-suite-4-4.29.1.RELEASE-e4.35.0-win32.win32.x86_64\sts-4.29.1.RELEASE\plugins\org.eclipse.m2e.maven.runtime_3.9.900.20250220-2013\jars\wagon-http-shared-3.5.3.jar
2025-08-02 17:28:18,732 [Worker-2: Launching Executing clean in C__Users_DELL_Desktop_Perplexity_backend_greennest] INFO  o.eclipse.m2e.core.internal.Bundles - 	Entry: C:\Users\DELL\Downloads\spring-tool-suite-4-4.29.1.RELEASE-e4.35.0-win32.win32.x86_64\sts-4.29.1.RELEASE\plugins\org.eclipse.m2e.maven.runtime_3.9.900.20250220-2013\jars\wagon-provider-api-3.5.3.jar
2025-08-02 17:28:18,733 [Worker-2: Launching Executing clean in C__Users_DELL_Desktop_Perplexity_backend_greennest] INFO  o.eclipse.m2e.core.internal.Bundles - getClasspathEntries(Bundle=com.google.guava_33.4.0.jre [29])
2025-08-02 17:28:18,734 [Worker-2: Launching Executing clean in C__Users_DELL_Desktop_Perplexity_backend_greennest] INFO  o.eclipse.m2e.core.internal.Bundles - 	Entry: C:\Users\DELL\Downloads\spring-tool-suite-4-4.29.1.RELEASE-e4.35.0-win32.win32.x86_64\sts-4.29.1.RELEASE\plugins\com.google.guava_33.4.0.jre.jar
2025-08-02 17:28:18,734 [Worker-2: Launching Executing clean in C__Users_DELL_Desktop_Perplexity_backend_greennest] INFO  o.eclipse.m2e.core.internal.Bundles - getClasspathEntries(Bundle=slf4j.api_2.0.17 [608])
2025-08-02 17:28:18,734 [Worker-2: Launching Executing clean in C__Users_DELL_Desktop_Perplexity_backend_greennest] INFO  o.eclipse.m2e.core.internal.Bundles - 	Entry: C:\Users\DELL\Downloads\spring-tool-suite-4-4.29.1.RELEASE-e4.35.0-win32.win32.x86_64\sts-4.29.1.RELEASE\plugins\slf4j.api_2.0.17.jar
2025-08-02 17:28:18,734 [Worker-2: Launching Executing clean in C__Users_DELL_Desktop_Perplexity_backend_greennest] INFO  o.eclipse.m2e.core.internal.Bundles - getClasspathEntries(Bundle=jakarta.inject.jakarta.inject-api_1.0.5 [45])
2025-08-02 17:28:18,735 [Worker-2: Launching Executing clean in C__Users_DELL_Desktop_Perplexity_backend_greennest] INFO  o.eclipse.m2e.core.internal.Bundles - 	Entry: C:\Users\DELL\Downloads\spring-tool-suite-4-4.29.1.RELEASE-e4.35.0-win32.win32.x86_64\sts-4.29.1.RELEASE\plugins\jakarta.inject.jakarta.inject-api_1.0.5.jar
2025-08-02 17:28:18,735 [Worker-2: Launching Executing clean in C__Users_DELL_Desktop_Perplexity_backend_greennest] INFO  o.eclipse.m2e.core.internal.Bundles - getClasspathEntries(Bundle=jakarta.annotation-api_1.3.5 [41])
2025-08-02 17:28:18,735 [Worker-2: Launching Executing clean in C__Users_DELL_Desktop_Perplexity_backend_greennest] INFO  o.eclipse.m2e.core.internal.Bundles - 	Entry: C:\Users\DELL\Downloads\spring-tool-suite-4-4.29.1.RELEASE-e4.35.0-win32.win32.x86_64\sts-4.29.1.RELEASE\plugins\jakarta.annotation-api_1.3.5.jar
2025-08-02 17:28:18,735 [Worker-2: Launching Executing clean in C__Users_DELL_Desktop_Perplexity_backend_greennest] INFO  o.eclipse.m2e.core.internal.Bundles - getClasspathEntries(Bundle=org.apache.commons.cli_1.9.0 [77])
2025-08-02 17:28:18,735 [Worker-2: Launching Executing clean in C__Users_DELL_Desktop_Perplexity_backend_greennest] INFO  o.eclipse.m2e.core.internal.Bundles - 	Entry: C:\Users\DELL\Downloads\spring-tool-suite-4-4.29.1.RELEASE-e4.35.0-win32.win32.x86_64\sts-4.29.1.RELEASE\plugins\org.apache.commons.cli_1.9.0.jar
2025-08-02 17:28:18,735 [Worker-2: Launching Executing clean in C__Users_DELL_Desktop_Perplexity_backend_greennest] INFO  o.eclipse.m2e.core.internal.Bundles - getClasspathEntries(Bundle=org.apache.commons.commons-codec_1.16.0 [79])
2025-08-02 17:28:18,736 [Worker-2: Launching Executing clean in C__Users_DELL_Desktop_Perplexity_backend_greennest] INFO  o.eclipse.m2e.core.internal.Bundles - 	Entry: C:\Users\DELL\Downloads\spring-tool-suite-4-4.29.1.RELEASE-e4.35.0-win32.win32.x86_64\sts-4.29.1.RELEASE\plugins\org.apache.commons.commons-codec_1.16.0.jar
2025-08-02 17:28:18,736 [Worker-2: Launching Executing clean in C__Users_DELL_Desktop_Perplexity_backend_greennest] INFO  o.eclipse.m2e.core.internal.Bundles - getClasspathEntries(Bundle=com.google.guava.failureaccess_1.0.2 [30])
2025-08-02 17:28:18,736 [Worker-2: Launching Executing clean in C__Users_DELL_Desktop_Perplexity_backend_greennest] INFO  o.eclipse.m2e.core.internal.Bundles - 	Entry: C:\Users\DELL\Downloads\spring-tool-suite-4-4.29.1.RELEASE-e4.35.0-win32.win32.x86_64\sts-4.29.1.RELEASE\plugins\com.google.guava.failureaccess_1.0.2.jar
2025-08-02 17:28:18,738 [Worker-2: Launching Executing clean in C__Users_DELL_Desktop_Perplexity_backend_greennest] INFO  o.e.m.i.launch.MavenLaunchDelegate - Run build in "C:\Users\DELL\Desktop\Perplexity\backend\greennest":
2025-08-02 17:28:18,741 [Worker-2: Launching Executing clean in C__Users_DELL_Desktop_Perplexity_backend_greennest] INFO  o.e.m.i.launch.MavenLaunchDelegate -  mvn  -Ppom.xml -B -Dstyle.color=always clean
2025-08-02 17:28:21,663 [Worker-0: Building] INFO  o.a.m.s.f.DefaultMavenResourcesFiltering - Copying 1 resource from src\main\resources to target\classes
2025-08-02 17:28:21,683 [Worker-0: Building] INFO  o.a.m.s.f.DefaultMavenResourcesFiltering - Copying 0 resource from src\main\resources to target\classes
2025-08-02 17:28:21,689 [Worker-0: Building] INFO  o.a.m.s.f.DefaultMavenResourcesFiltering - skip non existing resourceDirectory C:\Users\DELL\Desktop\Perplexity\backend\greennest\src\test\resources
2025-08-02 17:28:54,849 [Worker-8: Updating Maven Project] INFO  o.e.m.c.i.p.ProjectConfigurationManager - Update started
2025-08-02 17:28:55,529 [Worker-8: Updating Maven Project] INFO  o.e.m.c.i.l.LifecycleMappingFactory - Using org.eclipse.m2e.jdt.JarLifecycleMapping lifecycle mapping for MavenProject: com.greennest:greennest-backend:0.0.1-SNAPSHOT @ C:\Users\DELL\Desktop\Perplexity\backend\greennest\pom.xml.
2025-08-02 17:28:55,777 [Worker-8: Updating Maven Project] WARN  o.e.m.c.i.embedder.EclipseLogger - The artifact mysql:mysql-connector-java:jar:8.0.33 has been relocated to com.mysql:mysql-connector-j:jar:8.0.33: MySQL Connector/J artifacts moved to reverse-DNS compliant Maven 2+ coordinates.
2025-08-02 17:28:56,088 [Worker-8: Updating Maven Project] INFO  o.e.m.j.i.AbstractJavaProjectConfigurator - Adding source folder /greennest/src/main/java
2025-08-02 17:28:56,090 [Worker-8: Updating Maven Project] INFO  o.e.m.j.i.AbstractJavaProjectConfigurator - Adding resource folder /greennest/src/main/resources
2025-08-02 17:28:56,091 [Worker-8: Updating Maven Project] INFO  o.e.m.j.i.AbstractJavaProjectConfigurator - Adding resource folder /greennest/src/main/resources
2025-08-02 17:28:56,092 [Worker-8: Updating Maven Project] INFO  o.e.m.j.i.AbstractJavaProjectConfigurator - Adding source folder /greennest/src/test/java
2025-08-02 17:28:56,093 [Worker-8: Updating Maven Project] INFO  o.e.m.j.i.AbstractJavaProjectConfigurator - Adding resource folder /greennest/src/test/resources
2025-08-02 17:28:56,366 [Worker-8: Updating Maven Project] INFO  o.e.m.c.i.p.ProjectConfigurationManager - Update completed for 1 poms: local refresh takes 0.00 sec, refresh facades takes 1.00 sec, update config takes 0.00 sec 
2025-08-02 17:28:57,336 [Worker-14: Building] INFO  o.a.m.s.f.DefaultMavenResourcesFiltering - Copying 1 resource from src\main\resources to target\classes
2025-08-02 17:28:57,367 [Worker-14: Building] INFO  o.a.m.s.f.DefaultMavenResourcesFiltering - Copying 0 resource from src\main\resources to target\classes
2025-08-02 17:28:57,373 [Worker-14: Building] INFO  o.a.m.s.f.DefaultMavenResourcesFiltering - skip non existing resourceDirectory C:\Users\DELL\Desktop\Perplexity\backend\greennest\src\test\resources
2025-08-02 17:29:02,771 [Worker-2: Launching greennest (4)] INFO  o.eclipse.m2e.core.internal.Bundles - getClasspathEntries(Bundle=org.eclipse.m2e.maven.runtime_3.9.900.20250220-2013 [361])
2025-08-02 17:29:02,773 [Worker-2: Launching greennest (4)] INFO  o.eclipse.m2e.core.internal.Bundles - 	Entry: C:\Users\DELL\Downloads\spring-tool-suite-4-4.29.1.RELEASE-e4.35.0-win32.win32.x86_64\sts-4.29.1.RELEASE\plugins\org.eclipse.m2e.maven.runtime_3.9.900.20250220-2013
2025-08-02 17:29:02,773 [Worker-2: Launching greennest (4)] INFO  o.eclipse.m2e.core.internal.Bundles - 	Entry: C:\Users\DELL\Downloads\spring-tool-suite-4-4.29.1.RELEASE-e4.35.0-win32.win32.x86_64\sts-4.29.1.RELEASE\plugins\org.eclipse.m2e.maven.runtime_3.9.900.20250220-2013\jars\aopalliance-1.0.jar
2025-08-02 17:29:02,773 [Worker-2: Launching greennest (4)] INFO  o.eclipse.m2e.core.internal.Bundles - 	Entry: C:\Users\DELL\Downloads\spring-tool-suite-4-4.29.1.RELEASE-e4.35.0-win32.win32.x86_64\sts-4.29.1.RELEASE\plugins\org.eclipse.m2e.maven.runtime_3.9.900.20250220-2013\jars\guice-5.1.0.jar
2025-08-02 17:29:02,774 [Worker-2: Launching greennest (4)] INFO  o.eclipse.m2e.core.internal.Bundles - 	Entry: C:\Users\DELL\Downloads\spring-tool-suite-4-4.29.1.RELEASE-e4.35.0-win32.win32.x86_64\sts-4.29.1.RELEASE\plugins\org.eclipse.m2e.maven.runtime_3.9.900.20250220-2013\jars\httpclient-4.5.14.jar
2025-08-02 17:29:02,774 [Worker-2: Launching greennest (4)] INFO  o.eclipse.m2e.core.internal.Bundles - 	Entry: C:\Users\DELL\Downloads\spring-tool-suite-4-4.29.1.RELEASE-e4.35.0-win32.win32.x86_64\sts-4.29.1.RELEASE\plugins\org.eclipse.m2e.maven.runtime_3.9.900.20250220-2013\jars\httpcore-4.4.16.jar
2025-08-02 17:29:02,774 [Worker-2: Launching greennest (4)] INFO  o.eclipse.m2e.core.internal.Bundles - 	Entry: C:\Users\DELL\Downloads\spring-tool-suite-4-4.29.1.RELEASE-e4.35.0-win32.win32.x86_64\sts-4.29.1.RELEASE\plugins\org.eclipse.m2e.maven.runtime_3.9.900.20250220-2013\jars\jansi-2.4.1.jar
2025-08-02 17:29:02,774 [Worker-2: Launching greennest (4)] INFO  o.eclipse.m2e.core.internal.Bundles - 	Entry: C:\Users\DELL\Downloads\spring-tool-suite-4-4.29.1.RELEASE-e4.35.0-win32.win32.x86_64\sts-4.29.1.RELEASE\plugins\org.eclipse.m2e.maven.runtime_3.9.900.20250220-2013\jars\jcl-over-slf4j-1.7.36.jar
2025-08-02 17:29:02,774 [Worker-2: Launching greennest (4)] INFO  o.eclipse.m2e.core.internal.Bundles - 	Entry: C:\Users\DELL\Downloads\spring-tool-suite-4-4.29.1.RELEASE-e4.35.0-win32.win32.x86_64\sts-4.29.1.RELEASE\plugins\org.eclipse.m2e.maven.runtime_3.9.900.20250220-2013\jars\maven-artifact-3.9.9.jar
2025-08-02 17:29:02,775 [Worker-2: Launching greennest (4)] INFO  o.eclipse.m2e.core.internal.Bundles - 	Entry: C:\Users\DELL\Downloads\spring-tool-suite-4-4.29.1.RELEASE-e4.35.0-win32.win32.x86_64\sts-4.29.1.RELEASE\plugins\org.eclipse.m2e.maven.runtime_3.9.900.20250220-2013\jars\maven-builder-support-3.9.9.jar
2025-08-02 17:29:02,775 [Worker-2: Launching greennest (4)] INFO  o.eclipse.m2e.core.internal.Bundles - 	Entry: C:\Users\DELL\Downloads\spring-tool-suite-4-4.29.1.RELEASE-e4.35.0-win32.win32.x86_64\sts-4.29.1.RELEASE\plugins\org.eclipse.m2e.maven.runtime_3.9.900.20250220-2013\jars\maven-compat-3.9.9.jar
2025-08-02 17:29:02,775 [Worker-2: Launching greennest (4)] INFO  o.eclipse.m2e.core.internal.Bundles - 	Entry: C:\Users\DELL\Downloads\spring-tool-suite-4-4.29.1.RELEASE-e4.35.0-win32.win32.x86_64\sts-4.29.1.RELEASE\plugins\org.eclipse.m2e.maven.runtime_3.9.900.20250220-2013\jars\maven-core-3.9.9.jar
2025-08-02 17:29:02,775 [Worker-2: Launching greennest (4)] INFO  o.eclipse.m2e.core.internal.Bundles - 	Entry: C:\Users\DELL\Downloads\spring-tool-suite-4-4.29.1.RELEASE-e4.35.0-win32.win32.x86_64\sts-4.29.1.RELEASE\plugins\org.eclipse.m2e.maven.runtime_3.9.900.20250220-2013\jars\maven-embedder-3.9.9.jar
2025-08-02 17:29:02,775 [Worker-2: Launching greennest (4)] INFO  o.eclipse.m2e.core.internal.Bundles - 	Entry: C:\Users\DELL\Downloads\spring-tool-suite-4-4.29.1.RELEASE-e4.35.0-win32.win32.x86_64\sts-4.29.1.RELEASE\plugins\org.eclipse.m2e.maven.runtime_3.9.900.20250220-2013\jars\maven-model-3.9.9.jar
2025-08-02 17:29:02,776 [Worker-2: Launching greennest (4)] INFO  o.eclipse.m2e.core.internal.Bundles - 	Entry: C:\Users\DELL\Downloads\spring-tool-suite-4-4.29.1.RELEASE-e4.35.0-win32.win32.x86_64\sts-4.29.1.RELEASE\plugins\org.eclipse.m2e.maven.runtime_3.9.900.20250220-2013\jars\maven-model-builder-3.9.9.jar
2025-08-02 17:29:02,776 [Worker-2: Launching greennest (4)] INFO  o.eclipse.m2e.core.internal.Bundles - 	Entry: C:\Users\DELL\Downloads\spring-tool-suite-4-4.29.1.RELEASE-e4.35.0-win32.win32.x86_64\sts-4.29.1.RELEASE\plugins\org.eclipse.m2e.maven.runtime_3.9.900.20250220-2013\jars\maven-plugin-api-3.9.9.jar
2025-08-02 17:29:02,776 [Worker-2: Launching greennest (4)] INFO  o.eclipse.m2e.core.internal.Bundles - 	Entry: C:\Users\DELL\Downloads\spring-tool-suite-4-4.29.1.RELEASE-e4.35.0-win32.win32.x86_64\sts-4.29.1.RELEASE\plugins\org.eclipse.m2e.maven.runtime_3.9.900.20250220-2013\jars\maven-repository-metadata-3.9.9.jar
2025-08-02 17:29:02,776 [Worker-2: Launching greennest (4)] INFO  o.eclipse.m2e.core.internal.Bundles - 	Entry: C:\Users\DELL\Downloads\spring-tool-suite-4-4.29.1.RELEASE-e4.35.0-win32.win32.x86_64\sts-4.29.1.RELEASE\plugins\org.eclipse.m2e.maven.runtime_3.9.900.20250220-2013\jars\maven-resolver-api-1.9.22.jar
2025-08-02 17:29:02,776 [Worker-2: Launching greennest (4)] INFO  o.eclipse.m2e.core.internal.Bundles - 	Entry: C:\Users\DELL\Downloads\spring-tool-suite-4-4.29.1.RELEASE-e4.35.0-win32.win32.x86_64\sts-4.29.1.RELEASE\plugins\org.eclipse.m2e.maven.runtime_3.9.900.20250220-2013\jars\maven-resolver-connector-basic-1.9.22.jar
2025-08-02 17:29:02,776 [Worker-2: Launching greennest (4)] INFO  o.eclipse.m2e.core.internal.Bundles - 	Entry: C:\Users\DELL\Downloads\spring-tool-suite-4-4.29.1.RELEASE-e4.35.0-win32.win32.x86_64\sts-4.29.1.RELEASE\plugins\org.eclipse.m2e.maven.runtime_3.9.900.20250220-2013\jars\maven-resolver-impl-1.9.22.jar
2025-08-02 17:29:02,777 [Worker-2: Launching greennest (4)] INFO  o.eclipse.m2e.core.internal.Bundles - 	Entry: C:\Users\DELL\Downloads\spring-tool-suite-4-4.29.1.RELEASE-e4.35.0-win32.win32.x86_64\sts-4.29.1.RELEASE\plugins\org.eclipse.m2e.maven.runtime_3.9.900.20250220-2013\jars\maven-resolver-named-locks-1.9.22.jar
2025-08-02 17:29:02,777 [Worker-2: Launching greennest (4)] INFO  o.eclipse.m2e.core.internal.Bundles - 	Entry: C:\Users\DELL\Downloads\spring-tool-suite-4-4.29.1.RELEASE-e4.35.0-win32.win32.x86_64\sts-4.29.1.RELEASE\plugins\org.eclipse.m2e.maven.runtime_3.9.900.20250220-2013\jars\maven-resolver-provider-3.9.9.jar
2025-08-02 17:29:02,777 [Worker-2: Launching greennest (4)] INFO  o.eclipse.m2e.core.internal.Bundles - 	Entry: C:\Users\DELL\Downloads\spring-tool-suite-4-4.29.1.RELEASE-e4.35.0-win32.win32.x86_64\sts-4.29.1.RELEASE\plugins\org.eclipse.m2e.maven.runtime_3.9.900.20250220-2013\jars\maven-resolver-spi-1.9.22.jar
2025-08-02 17:29:02,777 [Worker-2: Launching greennest (4)] INFO  o.eclipse.m2e.core.internal.Bundles - 	Entry: C:\Users\DELL\Downloads\spring-tool-suite-4-4.29.1.RELEASE-e4.35.0-win32.win32.x86_64\sts-4.29.1.RELEASE\plugins\org.eclipse.m2e.maven.runtime_3.9.900.20250220-2013\jars\maven-resolver-transport-file-1.9.22.jar
2025-08-02 17:29:02,777 [Worker-2: Launching greennest (4)] INFO  o.eclipse.m2e.core.internal.Bundles - 	Entry: C:\Users\DELL\Downloads\spring-tool-suite-4-4.29.1.RELEASE-e4.35.0-win32.win32.x86_64\sts-4.29.1.RELEASE\plugins\org.eclipse.m2e.maven.runtime_3.9.900.20250220-2013\jars\maven-resolver-transport-http-1.9.22.jar
2025-08-02 17:29:02,777 [Worker-2: Launching greennest (4)] INFO  o.eclipse.m2e.core.internal.Bundles - 	Entry: C:\Users\DELL\Downloads\spring-tool-suite-4-4.29.1.RELEASE-e4.35.0-win32.win32.x86_64\sts-4.29.1.RELEASE\plugins\org.eclipse.m2e.maven.runtime_3.9.900.20250220-2013\jars\maven-resolver-transport-wagon-1.9.22.jar
2025-08-02 17:29:02,778 [Worker-2: Launching greennest (4)] INFO  o.eclipse.m2e.core.internal.Bundles - 	Entry: C:\Users\DELL\Downloads\spring-tool-suite-4-4.29.1.RELEASE-e4.35.0-win32.win32.x86_64\sts-4.29.1.RELEASE\plugins\org.eclipse.m2e.maven.runtime_3.9.900.20250220-2013\jars\maven-resolver-util-1.9.22.jar
2025-08-02 17:29:02,778 [Worker-2: Launching greennest (4)] INFO  o.eclipse.m2e.core.internal.Bundles - 	Entry: C:\Users\DELL\Downloads\spring-tool-suite-4-4.29.1.RELEASE-e4.35.0-win32.win32.x86_64\sts-4.29.1.RELEASE\plugins\org.eclipse.m2e.maven.runtime_3.9.900.20250220-2013\jars\maven-settings-3.9.9.jar
2025-08-02 17:29:02,778 [Worker-2: Launching greennest (4)] INFO  o.eclipse.m2e.core.internal.Bundles - 	Entry: C:\Users\DELL\Downloads\spring-tool-suite-4-4.29.1.RELEASE-e4.35.0-win32.win32.x86_64\sts-4.29.1.RELEASE\plugins\org.eclipse.m2e.maven.runtime_3.9.900.20250220-2013\jars\maven-settings-builder-3.9.9.jar
2025-08-02 17:29:02,778 [Worker-2: Launching greennest (4)] INFO  o.eclipse.m2e.core.internal.Bundles - 	Entry: C:\Users\DELL\Downloads\spring-tool-suite-4-4.29.1.RELEASE-e4.35.0-win32.win32.x86_64\sts-4.29.1.RELEASE\plugins\org.eclipse.m2e.maven.runtime_3.9.900.20250220-2013\jars\maven-shared-utils-3.4.2.jar
2025-08-02 17:29:02,778 [Worker-2: Launching greennest (4)] INFO  o.eclipse.m2e.core.internal.Bundles - 	Entry: C:\Users\DELL\Downloads\spring-tool-suite-4-4.29.1.RELEASE-e4.35.0-win32.win32.x86_64\sts-4.29.1.RELEASE\plugins\org.eclipse.m2e.maven.runtime_3.9.900.20250220-2013\jars\org.eclipse.sisu.inject-0.9.0.M3.jar
2025-08-02 17:29:02,778 [Worker-2: Launching greennest (4)] INFO  o.eclipse.m2e.core.internal.Bundles - 	Entry: C:\Users\DELL\Downloads\spring-tool-suite-4-4.29.1.RELEASE-e4.35.0-win32.win32.x86_64\sts-4.29.1.RELEASE\plugins\org.eclipse.m2e.maven.runtime_3.9.900.20250220-2013\jars\org.eclipse.sisu.plexus-0.9.0.M3.jar
2025-08-02 17:29:02,779 [Worker-2: Launching greennest (4)] INFO  o.eclipse.m2e.core.internal.Bundles - 	Entry: C:\Users\DELL\Downloads\spring-tool-suite-4-4.29.1.RELEASE-e4.35.0-win32.win32.x86_64\sts-4.29.1.RELEASE\plugins\org.eclipse.m2e.maven.runtime_3.9.900.20250220-2013\jars\plexus-build-api-0.0.7.jar
2025-08-02 17:29:02,779 [Worker-2: Launching greennest (4)] INFO  o.eclipse.m2e.core.internal.Bundles - 	Entry: C:\Users\DELL\Downloads\spring-tool-suite-4-4.29.1.RELEASE-e4.35.0-win32.win32.x86_64\sts-4.29.1.RELEASE\plugins\org.eclipse.m2e.maven.runtime_3.9.900.20250220-2013\jars\plexus-build-api-1.2.0.jar
2025-08-02 17:29:02,779 [Worker-2: Launching greennest (4)] INFO  o.eclipse.m2e.core.internal.Bundles - 	Entry: C:\Users\DELL\Downloads\spring-tool-suite-4-4.29.1.RELEASE-e4.35.0-win32.win32.x86_64\sts-4.29.1.RELEASE\plugins\org.eclipse.m2e.maven.runtime_3.9.900.20250220-2013\jars\plexus-cipher-2.0.jar
2025-08-02 17:29:02,779 [Worker-2: Launching greennest (4)] INFO  o.eclipse.m2e.core.internal.Bundles - 	Entry: C:\Users\DELL\Downloads\spring-tool-suite-4-4.29.1.RELEASE-e4.35.0-win32.win32.x86_64\sts-4.29.1.RELEASE\plugins\org.eclipse.m2e.maven.runtime_3.9.900.20250220-2013\jars\plexus-classworlds-2.8.0.jar
2025-08-02 17:29:02,779 [Worker-2: Launching greennest (4)] INFO  o.eclipse.m2e.core.internal.Bundles - 	Entry: C:\Users\DELL\Downloads\spring-tool-suite-4-4.29.1.RELEASE-e4.35.0-win32.win32.x86_64\sts-4.29.1.RELEASE\plugins\org.eclipse.m2e.maven.runtime_3.9.900.20250220-2013\jars\plexus-component-annotations-2.1.0.jar
2025-08-02 17:29:02,779 [Worker-2: Launching greennest (4)] INFO  o.eclipse.m2e.core.internal.Bundles - 	Entry: C:\Users\DELL\Downloads\spring-tool-suite-4-4.29.1.RELEASE-e4.35.0-win32.win32.x86_64\sts-4.29.1.RELEASE\plugins\org.eclipse.m2e.maven.runtime_3.9.900.20250220-2013\jars\plexus-interpolation-1.27.jar
2025-08-02 17:29:02,779 [Worker-2: Launching greennest (4)] INFO  o.eclipse.m2e.core.internal.Bundles - 	Entry: C:\Users\DELL\Downloads\spring-tool-suite-4-4.29.1.RELEASE-e4.35.0-win32.win32.x86_64\sts-4.29.1.RELEASE\plugins\org.eclipse.m2e.maven.runtime_3.9.900.20250220-2013\jars\plexus-sec-dispatcher-2.0.jar
2025-08-02 17:29:02,780 [Worker-2: Launching greennest (4)] INFO  o.eclipse.m2e.core.internal.Bundles - 	Entry: C:\Users\DELL\Downloads\spring-tool-suite-4-4.29.1.RELEASE-e4.35.0-win32.win32.x86_64\sts-4.29.1.RELEASE\plugins\org.eclipse.m2e.maven.runtime_3.9.900.20250220-2013\jars\plexus-utils-3.5.1.jar
2025-08-02 17:29:02,780 [Worker-2: Launching greennest (4)] INFO  o.eclipse.m2e.core.internal.Bundles - 	Entry: C:\Users\DELL\Downloads\spring-tool-suite-4-4.29.1.RELEASE-e4.35.0-win32.win32.x86_64\sts-4.29.1.RELEASE\plugins\org.eclipse.m2e.maven.runtime_3.9.900.20250220-2013\jars\plexus-xml-3.0.1.jar
2025-08-02 17:29:02,780 [Worker-2: Launching greennest (4)] INFO  o.eclipse.m2e.core.internal.Bundles - 	Entry: C:\Users\DELL\Downloads\spring-tool-suite-4-4.29.1.RELEASE-e4.35.0-win32.win32.x86_64\sts-4.29.1.RELEASE\plugins\org.eclipse.m2e.maven.runtime_3.9.900.20250220-2013\jars\wagon-file-3.5.3.jar
2025-08-02 17:29:02,780 [Worker-2: Launching greennest (4)] INFO  o.eclipse.m2e.core.internal.Bundles - 	Entry: C:\Users\DELL\Downloads\spring-tool-suite-4-4.29.1.RELEASE-e4.35.0-win32.win32.x86_64\sts-4.29.1.RELEASE\plugins\org.eclipse.m2e.maven.runtime_3.9.900.20250220-2013\jars\wagon-http-3.5.3.jar
2025-08-02 17:29:02,780 [Worker-2: Launching greennest (4)] INFO  o.eclipse.m2e.core.internal.Bundles - 	Entry: C:\Users\DELL\Downloads\spring-tool-suite-4-4.29.1.RELEASE-e4.35.0-win32.win32.x86_64\sts-4.29.1.RELEASE\plugins\org.eclipse.m2e.maven.runtime_3.9.900.20250220-2013\jars\wagon-http-shared-3.5.3.jar
2025-08-02 17:29:02,780 [Worker-2: Launching greennest (4)] INFO  o.eclipse.m2e.core.internal.Bundles - 	Entry: C:\Users\DELL\Downloads\spring-tool-suite-4-4.29.1.RELEASE-e4.35.0-win32.win32.x86_64\sts-4.29.1.RELEASE\plugins\org.eclipse.m2e.maven.runtime_3.9.900.20250220-2013\jars\wagon-provider-api-3.5.3.jar
2025-08-02 17:29:02,781 [Worker-2: Launching greennest (4)] INFO  o.eclipse.m2e.core.internal.Bundles - getClasspathEntries(Bundle=com.google.guava_33.4.0.jre [29])
2025-08-02 17:29:02,781 [Worker-2: Launching greennest (4)] INFO  o.eclipse.m2e.core.internal.Bundles - 	Entry: C:\Users\DELL\Downloads\spring-tool-suite-4-4.29.1.RELEASE-e4.35.0-win32.win32.x86_64\sts-4.29.1.RELEASE\plugins\com.google.guava_33.4.0.jre.jar
2025-08-02 17:29:02,781 [Worker-2: Launching greennest (4)] INFO  o.eclipse.m2e.core.internal.Bundles - getClasspathEntries(Bundle=slf4j.api_2.0.17 [608])
2025-08-02 17:29:02,782 [Worker-2: Launching greennest (4)] INFO  o.eclipse.m2e.core.internal.Bundles - 	Entry: C:\Users\DELL\Downloads\spring-tool-suite-4-4.29.1.RELEASE-e4.35.0-win32.win32.x86_64\sts-4.29.1.RELEASE\plugins\slf4j.api_2.0.17.jar
2025-08-02 17:29:02,783 [Worker-2: Launching greennest (4)] INFO  o.eclipse.m2e.core.internal.Bundles - getClasspathEntries(Bundle=jakarta.inject.jakarta.inject-api_1.0.5 [45])
2025-08-02 17:29:02,784 [Worker-2: Launching greennest (4)] INFO  o.eclipse.m2e.core.internal.Bundles - 	Entry: C:\Users\DELL\Downloads\spring-tool-suite-4-4.29.1.RELEASE-e4.35.0-win32.win32.x86_64\sts-4.29.1.RELEASE\plugins\jakarta.inject.jakarta.inject-api_1.0.5.jar
2025-08-02 17:29:02,784 [Worker-2: Launching greennest (4)] INFO  o.eclipse.m2e.core.internal.Bundles - getClasspathEntries(Bundle=jakarta.annotation-api_1.3.5 [41])
2025-08-02 17:29:02,785 [Worker-2: Launching greennest (4)] INFO  o.eclipse.m2e.core.internal.Bundles - 	Entry: C:\Users\DELL\Downloads\spring-tool-suite-4-4.29.1.RELEASE-e4.35.0-win32.win32.x86_64\sts-4.29.1.RELEASE\plugins\jakarta.annotation-api_1.3.5.jar
2025-08-02 17:29:02,785 [Worker-2: Launching greennest (4)] INFO  o.eclipse.m2e.core.internal.Bundles - getClasspathEntries(Bundle=org.apache.commons.cli_1.9.0 [77])
2025-08-02 17:29:02,786 [Worker-2: Launching greennest (4)] INFO  o.eclipse.m2e.core.internal.Bundles - 	Entry: C:\Users\DELL\Downloads\spring-tool-suite-4-4.29.1.RELEASE-e4.35.0-win32.win32.x86_64\sts-4.29.1.RELEASE\plugins\org.apache.commons.cli_1.9.0.jar
2025-08-02 17:29:02,786 [Worker-2: Launching greennest (4)] INFO  o.eclipse.m2e.core.internal.Bundles - getClasspathEntries(Bundle=org.apache.commons.commons-codec_1.16.0 [79])
2025-08-02 17:29:02,786 [Worker-2: Launching greennest (4)] INFO  o.eclipse.m2e.core.internal.Bundles - 	Entry: C:\Users\DELL\Downloads\spring-tool-suite-4-4.29.1.RELEASE-e4.35.0-win32.win32.x86_64\sts-4.29.1.RELEASE\plugins\org.apache.commons.commons-codec_1.16.0.jar
2025-08-02 17:29:02,786 [Worker-2: Launching greennest (4)] INFO  o.eclipse.m2e.core.internal.Bundles - getClasspathEntries(Bundle=com.google.guava.failureaccess_1.0.2 [30])
2025-08-02 17:29:02,787 [Worker-2: Launching greennest (4)] INFO  o.eclipse.m2e.core.internal.Bundles - 	Entry: C:\Users\DELL\Downloads\spring-tool-suite-4-4.29.1.RELEASE-e4.35.0-win32.win32.x86_64\sts-4.29.1.RELEASE\plugins\com.google.guava.failureaccess_1.0.2.jar
2025-08-02 17:29:02,788 [Worker-2: Launching greennest (4)] INFO  o.e.m.i.launch.MavenLaunchDelegate - Run build in "C:\Users\DELL\Desktop\Perplexity\backend\greennest":
2025-08-02 17:29:02,790 [Worker-2: Launching greennest (4)] INFO  o.e.m.i.launch.MavenLaunchDelegate -  mvn  -Ppom.xml -B -Dstyle.color=always clean compile
2025-08-02 17:29:51,098 [Worker-3: Building] INFO  o.a.m.s.f.DefaultMavenResourcesFiltering - Copying 1 resource from src\main\resources to target\classes
2025-08-02 17:29:51,105 [Worker-3: Building] INFO  o.a.m.s.f.DefaultMavenResourcesFiltering - Copying 0 resource from src\main\resources to target\classes
2025-08-02 17:29:51,109 [Worker-3: Building] INFO  o.a.m.s.f.DefaultMavenResourcesFiltering - skip non existing resourceDirectory C:\Users\DELL\Desktop\Perplexity\backend\greennest\src\test\resources
2025-08-02 17:31:12,671 [Worker-15: Building] INFO  o.a.m.s.f.DefaultMavenResourcesFiltering - Copying 1 resource from src\main\resources to target\classes
2025-08-02 17:31:12,677 [Worker-15: Building] INFO  o.a.m.s.f.DefaultMavenResourcesFiltering - Copying 0 resource from src\main\resources to target\classes
2025-08-02 17:31:12,680 [Worker-15: Building] INFO  o.a.m.s.f.DefaultMavenResourcesFiltering - skip non existing resourceDirectory C:\Users\DELL\Desktop\Perplexity\backend\greennest\src\test\resources
2025-08-02 17:31:20,596 [Worker-14: Launching greennest (4)] INFO  o.eclipse.m2e.core.internal.Bundles - getClasspathEntries(Bundle=org.eclipse.m2e.maven.runtime_3.9.900.20250220-2013 [361])
2025-08-02 17:31:20,597 [Worker-14: Launching greennest (4)] INFO  o.eclipse.m2e.core.internal.Bundles - 	Entry: C:\Users\DELL\Downloads\spring-tool-suite-4-4.29.1.RELEASE-e4.35.0-win32.win32.x86_64\sts-4.29.1.RELEASE\plugins\org.eclipse.m2e.maven.runtime_3.9.900.20250220-2013
2025-08-02 17:31:20,597 [Worker-14: Launching greennest (4)] INFO  o.eclipse.m2e.core.internal.Bundles - 	Entry: C:\Users\DELL\Downloads\spring-tool-suite-4-4.29.1.RELEASE-e4.35.0-win32.win32.x86_64\sts-4.29.1.RELEASE\plugins\org.eclipse.m2e.maven.runtime_3.9.900.20250220-2013\jars\aopalliance-1.0.jar
2025-08-02 17:31:20,597 [Worker-14: Launching greennest (4)] INFO  o.eclipse.m2e.core.internal.Bundles - 	Entry: C:\Users\DELL\Downloads\spring-tool-suite-4-4.29.1.RELEASE-e4.35.0-win32.win32.x86_64\sts-4.29.1.RELEASE\plugins\org.eclipse.m2e.maven.runtime_3.9.900.20250220-2013\jars\guice-5.1.0.jar
2025-08-02 17:31:20,597 [Worker-14: Launching greennest (4)] INFO  o.eclipse.m2e.core.internal.Bundles - 	Entry: C:\Users\DELL\Downloads\spring-tool-suite-4-4.29.1.RELEASE-e4.35.0-win32.win32.x86_64\sts-4.29.1.RELEASE\plugins\org.eclipse.m2e.maven.runtime_3.9.900.20250220-2013\jars\httpclient-4.5.14.jar
2025-08-02 17:31:20,598 [Worker-14: Launching greennest (4)] INFO  o.eclipse.m2e.core.internal.Bundles - 	Entry: C:\Users\DELL\Downloads\spring-tool-suite-4-4.29.1.RELEASE-e4.35.0-win32.win32.x86_64\sts-4.29.1.RELEASE\plugins\org.eclipse.m2e.maven.runtime_3.9.900.20250220-2013\jars\httpcore-4.4.16.jar
2025-08-02 17:31:20,598 [Worker-14: Launching greennest (4)] INFO  o.eclipse.m2e.core.internal.Bundles - 	Entry: C:\Users\DELL\Downloads\spring-tool-suite-4-4.29.1.RELEASE-e4.35.0-win32.win32.x86_64\sts-4.29.1.RELEASE\plugins\org.eclipse.m2e.maven.runtime_3.9.900.20250220-2013\jars\jansi-2.4.1.jar
2025-08-02 17:31:20,598 [Worker-14: Launching greennest (4)] INFO  o.eclipse.m2e.core.internal.Bundles - 	Entry: C:\Users\DELL\Downloads\spring-tool-suite-4-4.29.1.RELEASE-e4.35.0-win32.win32.x86_64\sts-4.29.1.RELEASE\plugins\org.eclipse.m2e.maven.runtime_3.9.900.20250220-2013\jars\jcl-over-slf4j-1.7.36.jar
2025-08-02 17:31:20,598 [Worker-14: Launching greennest (4)] INFO  o.eclipse.m2e.core.internal.Bundles - 	Entry: C:\Users\DELL\Downloads\spring-tool-suite-4-4.29.1.RELEASE-e4.35.0-win32.win32.x86_64\sts-4.29.1.RELEASE\plugins\org.eclipse.m2e.maven.runtime_3.9.900.20250220-2013\jars\maven-artifact-3.9.9.jar
2025-08-02 17:31:20,598 [Worker-14: Launching greennest (4)] INFO  o.eclipse.m2e.core.internal.Bundles - 	Entry: C:\Users\DELL\Downloads\spring-tool-suite-4-4.29.1.RELEASE-e4.35.0-win32.win32.x86_64\sts-4.29.1.RELEASE\plugins\org.eclipse.m2e.maven.runtime_3.9.900.20250220-2013\jars\maven-builder-support-3.9.9.jar
2025-08-02 17:31:20,598 [Worker-14: Launching greennest (4)] INFO  o.eclipse.m2e.core.internal.Bundles - 	Entry: C:\Users\DELL\Downloads\spring-tool-suite-4-4.29.1.RELEASE-e4.35.0-win32.win32.x86_64\sts-4.29.1.RELEASE\plugins\org.eclipse.m2e.maven.runtime_3.9.900.20250220-2013\jars\maven-compat-3.9.9.jar
2025-08-02 17:31:20,598 [Worker-14: Launching greennest (4)] INFO  o.eclipse.m2e.core.internal.Bundles - 	Entry: C:\Users\DELL\Downloads\spring-tool-suite-4-4.29.1.RELEASE-e4.35.0-win32.win32.x86_64\sts-4.29.1.RELEASE\plugins\org.eclipse.m2e.maven.runtime_3.9.900.20250220-2013\jars\maven-core-3.9.9.jar
2025-08-02 17:31:20,599 [Worker-14: Launching greennest (4)] INFO  o.eclipse.m2e.core.internal.Bundles - 	Entry: C:\Users\DELL\Downloads\spring-tool-suite-4-4.29.1.RELEASE-e4.35.0-win32.win32.x86_64\sts-4.29.1.RELEASE\plugins\org.eclipse.m2e.maven.runtime_3.9.900.20250220-2013\jars\maven-embedder-3.9.9.jar
2025-08-02 17:31:20,599 [Worker-14: Launching greennest (4)] INFO  o.eclipse.m2e.core.internal.Bundles - 	Entry: C:\Users\DELL\Downloads\spring-tool-suite-4-4.29.1.RELEASE-e4.35.0-win32.win32.x86_64\sts-4.29.1.RELEASE\plugins\org.eclipse.m2e.maven.runtime_3.9.900.20250220-2013\jars\maven-model-3.9.9.jar
2025-08-02 17:31:20,599 [Worker-14: Launching greennest (4)] INFO  o.eclipse.m2e.core.internal.Bundles - 	Entry: C:\Users\DELL\Downloads\spring-tool-suite-4-4.29.1.RELEASE-e4.35.0-win32.win32.x86_64\sts-4.29.1.RELEASE\plugins\org.eclipse.m2e.maven.runtime_3.9.900.20250220-2013\jars\maven-model-builder-3.9.9.jar
2025-08-02 17:31:20,599 [Worker-14: Launching greennest (4)] INFO  o.eclipse.m2e.core.internal.Bundles - 	Entry: C:\Users\DELL\Downloads\spring-tool-suite-4-4.29.1.RELEASE-e4.35.0-win32.win32.x86_64\sts-4.29.1.RELEASE\plugins\org.eclipse.m2e.maven.runtime_3.9.900.20250220-2013\jars\maven-plugin-api-3.9.9.jar
2025-08-02 17:31:20,599 [Worker-14: Launching greennest (4)] INFO  o.eclipse.m2e.core.internal.Bundles - 	Entry: C:\Users\DELL\Downloads\spring-tool-suite-4-4.29.1.RELEASE-e4.35.0-win32.win32.x86_64\sts-4.29.1.RELEASE\plugins\org.eclipse.m2e.maven.runtime_3.9.900.20250220-2013\jars\maven-repository-metadata-3.9.9.jar
2025-08-02 17:31:20,599 [Worker-14: Launching greennest (4)] INFO  o.eclipse.m2e.core.internal.Bundles - 	Entry: C:\Users\DELL\Downloads\spring-tool-suite-4-4.29.1.RELEASE-e4.35.0-win32.win32.x86_64\sts-4.29.1.RELEASE\plugins\org.eclipse.m2e.maven.runtime_3.9.900.20250220-2013\jars\maven-resolver-api-1.9.22.jar
2025-08-02 17:31:20,599 [Worker-14: Launching greennest (4)] INFO  o.eclipse.m2e.core.internal.Bundles - 	Entry: C:\Users\DELL\Downloads\spring-tool-suite-4-4.29.1.RELEASE-e4.35.0-win32.win32.x86_64\sts-4.29.1.RELEASE\plugins\org.eclipse.m2e.maven.runtime_3.9.900.20250220-2013\jars\maven-resolver-connector-basic-1.9.22.jar
2025-08-02 17:31:20,600 [Worker-14: Launching greennest (4)] INFO  o.eclipse.m2e.core.internal.Bundles - 	Entry: C:\Users\DELL\Downloads\spring-tool-suite-4-4.29.1.RELEASE-e4.35.0-win32.win32.x86_64\sts-4.29.1.RELEASE\plugins\org.eclipse.m2e.maven.runtime_3.9.900.20250220-2013\jars\maven-resolver-impl-1.9.22.jar
2025-08-02 17:31:20,600 [Worker-14: Launching greennest (4)] INFO  o.eclipse.m2e.core.internal.Bundles - 	Entry: C:\Users\DELL\Downloads\spring-tool-suite-4-4.29.1.RELEASE-e4.35.0-win32.win32.x86_64\sts-4.29.1.RELEASE\plugins\org.eclipse.m2e.maven.runtime_3.9.900.20250220-2013\jars\maven-resolver-named-locks-1.9.22.jar
2025-08-02 17:31:20,600 [Worker-14: Launching greennest (4)] INFO  o.eclipse.m2e.core.internal.Bundles - 	Entry: C:\Users\DELL\Downloads\spring-tool-suite-4-4.29.1.RELEASE-e4.35.0-win32.win32.x86_64\sts-4.29.1.RELEASE\plugins\org.eclipse.m2e.maven.runtime_3.9.900.20250220-2013\jars\maven-resolver-provider-3.9.9.jar
2025-08-02 17:31:20,600 [Worker-14: Launching greennest (4)] INFO  o.eclipse.m2e.core.internal.Bundles - 	Entry: C:\Users\DELL\Downloads\spring-tool-suite-4-4.29.1.RELEASE-e4.35.0-win32.win32.x86_64\sts-4.29.1.RELEASE\plugins\org.eclipse.m2e.maven.runtime_3.9.900.20250220-2013\jars\maven-resolver-spi-1.9.22.jar
2025-08-02 17:31:20,600 [Worker-14: Launching greennest (4)] INFO  o.eclipse.m2e.core.internal.Bundles - 	Entry: C:\Users\DELL\Downloads\spring-tool-suite-4-4.29.1.RELEASE-e4.35.0-win32.win32.x86_64\sts-4.29.1.RELEASE\plugins\org.eclipse.m2e.maven.runtime_3.9.900.20250220-2013\jars\maven-resolver-transport-file-1.9.22.jar
2025-08-02 17:31:20,600 [Worker-14: Launching greennest (4)] INFO  o.eclipse.m2e.core.internal.Bundles - 	Entry: C:\Users\DELL\Downloads\spring-tool-suite-4-4.29.1.RELEASE-e4.35.0-win32.win32.x86_64\sts-4.29.1.RELEASE\plugins\org.eclipse.m2e.maven.runtime_3.9.900.20250220-2013\jars\maven-resolver-transport-http-1.9.22.jar
2025-08-02 17:31:20,600 [Worker-14: Launching greennest (4)] INFO  o.eclipse.m2e.core.internal.Bundles - 	Entry: C:\Users\DELL\Downloads\spring-tool-suite-4-4.29.1.RELEASE-e4.35.0-win32.win32.x86_64\sts-4.29.1.RELEASE\plugins\org.eclipse.m2e.maven.runtime_3.9.900.20250220-2013\jars\maven-resolver-transport-wagon-1.9.22.jar
2025-08-02 17:31:20,600 [Worker-14: Launching greennest (4)] INFO  o.eclipse.m2e.core.internal.Bundles - 	Entry: C:\Users\DELL\Downloads\spring-tool-suite-4-4.29.1.RELEASE-e4.35.0-win32.win32.x86_64\sts-4.29.1.RELEASE\plugins\org.eclipse.m2e.maven.runtime_3.9.900.20250220-2013\jars\maven-resolver-util-1.9.22.jar
2025-08-02 17:31:20,601 [Worker-14: Launching greennest (4)] INFO  o.eclipse.m2e.core.internal.Bundles - 	Entry: C:\Users\DELL\Downloads\spring-tool-suite-4-4.29.1.RELEASE-e4.35.0-win32.win32.x86_64\sts-4.29.1.RELEASE\plugins\org.eclipse.m2e.maven.runtime_3.9.900.20250220-2013\jars\maven-settings-3.9.9.jar
2025-08-02 17:31:20,601 [Worker-14: Launching greennest (4)] INFO  o.eclipse.m2e.core.internal.Bundles - 	Entry: C:\Users\DELL\Downloads\spring-tool-suite-4-4.29.1.RELEASE-e4.35.0-win32.win32.x86_64\sts-4.29.1.RELEASE\plugins\org.eclipse.m2e.maven.runtime_3.9.900.20250220-2013\jars\maven-settings-builder-3.9.9.jar
2025-08-02 17:31:20,601 [Worker-14: Launching greennest (4)] INFO  o.eclipse.m2e.core.internal.Bundles - 	Entry: C:\Users\DELL\Downloads\spring-tool-suite-4-4.29.1.RELEASE-e4.35.0-win32.win32.x86_64\sts-4.29.1.RELEASE\plugins\org.eclipse.m2e.maven.runtime_3.9.900.20250220-2013\jars\maven-shared-utils-3.4.2.jar
2025-08-02 17:31:20,601 [Worker-14: Launching greennest (4)] INFO  o.eclipse.m2e.core.internal.Bundles - 	Entry: C:\Users\DELL\Downloads\spring-tool-suite-4-4.29.1.RELEASE-e4.35.0-win32.win32.x86_64\sts-4.29.1.RELEASE\plugins\org.eclipse.m2e.maven.runtime_3.9.900.20250220-2013\jars\org.eclipse.sisu.inject-0.9.0.M3.jar
2025-08-02 17:31:20,601 [Worker-14: Launching greennest (4)] INFO  o.eclipse.m2e.core.internal.Bundles - 	Entry: C:\Users\DELL\Downloads\spring-tool-suite-4-4.29.1.RELEASE-e4.35.0-win32.win32.x86_64\sts-4.29.1.RELEASE\plugins\org.eclipse.m2e.maven.runtime_3.9.900.20250220-2013\jars\org.eclipse.sisu.plexus-0.9.0.M3.jar
2025-08-02 17:31:20,601 [Worker-14: Launching greennest (4)] INFO  o.eclipse.m2e.core.internal.Bundles - 	Entry: C:\Users\DELL\Downloads\spring-tool-suite-4-4.29.1.RELEASE-e4.35.0-win32.win32.x86_64\sts-4.29.1.RELEASE\plugins\org.eclipse.m2e.maven.runtime_3.9.900.20250220-2013\jars\plexus-build-api-0.0.7.jar
2025-08-02 17:31:20,601 [Worker-14: Launching greennest (4)] INFO  o.eclipse.m2e.core.internal.Bundles - 	Entry: C:\Users\DELL\Downloads\spring-tool-suite-4-4.29.1.RELEASE-e4.35.0-win32.win32.x86_64\sts-4.29.1.RELEASE\plugins\org.eclipse.m2e.maven.runtime_3.9.900.20250220-2013\jars\plexus-build-api-1.2.0.jar
2025-08-02 17:31:20,601 [Worker-14: Launching greennest (4)] INFO  o.eclipse.m2e.core.internal.Bundles - 	Entry: C:\Users\DELL\Downloads\spring-tool-suite-4-4.29.1.RELEASE-e4.35.0-win32.win32.x86_64\sts-4.29.1.RELEASE\plugins\org.eclipse.m2e.maven.runtime_3.9.900.20250220-2013\jars\plexus-cipher-2.0.jar
2025-08-02 17:31:20,601 [Worker-14: Launching greennest (4)] INFO  o.eclipse.m2e.core.internal.Bundles - 	Entry: C:\Users\DELL\Downloads\spring-tool-suite-4-4.29.1.RELEASE-e4.35.0-win32.win32.x86_64\sts-4.29.1.RELEASE\plugins\org.eclipse.m2e.maven.runtime_3.9.900.20250220-2013\jars\plexus-classworlds-2.8.0.jar
2025-08-02 17:31:20,602 [Worker-14: Launching greennest (4)] INFO  o.eclipse.m2e.core.internal.Bundles - 	Entry: C:\Users\DELL\Downloads\spring-tool-suite-4-4.29.1.RELEASE-e4.35.0-win32.win32.x86_64\sts-4.29.1.RELEASE\plugins\org.eclipse.m2e.maven.runtime_3.9.900.20250220-2013\jars\plexus-component-annotations-2.1.0.jar
2025-08-02 17:31:20,602 [Worker-14: Launching greennest (4)] INFO  o.eclipse.m2e.core.internal.Bundles - 	Entry: C:\Users\DELL\Downloads\spring-tool-suite-4-4.29.1.RELEASE-e4.35.0-win32.win32.x86_64\sts-4.29.1.RELEASE\plugins\org.eclipse.m2e.maven.runtime_3.9.900.20250220-2013\jars\plexus-interpolation-1.27.jar
2025-08-02 17:31:20,602 [Worker-14: Launching greennest (4)] INFO  o.eclipse.m2e.core.internal.Bundles - 	Entry: C:\Users\DELL\Downloads\spring-tool-suite-4-4.29.1.RELEASE-e4.35.0-win32.win32.x86_64\sts-4.29.1.RELEASE\plugins\org.eclipse.m2e.maven.runtime_3.9.900.20250220-2013\jars\plexus-sec-dispatcher-2.0.jar
2025-08-02 17:31:20,602 [Worker-14: Launching greennest (4)] INFO  o.eclipse.m2e.core.internal.Bundles - 	Entry: C:\Users\DELL\Downloads\spring-tool-suite-4-4.29.1.RELEASE-e4.35.0-win32.win32.x86_64\sts-4.29.1.RELEASE\plugins\org.eclipse.m2e.maven.runtime_3.9.900.20250220-2013\jars\plexus-utils-3.5.1.jar
2025-08-02 17:31:20,602 [Worker-14: Launching greennest (4)] INFO  o.eclipse.m2e.core.internal.Bundles - 	Entry: C:\Users\DELL\Downloads\spring-tool-suite-4-4.29.1.RELEASE-e4.35.0-win32.win32.x86_64\sts-4.29.1.RELEASE\plugins\org.eclipse.m2e.maven.runtime_3.9.900.20250220-2013\jars\plexus-xml-3.0.1.jar
2025-08-02 17:31:20,602 [Worker-14: Launching greennest (4)] INFO  o.eclipse.m2e.core.internal.Bundles - 	Entry: C:\Users\DELL\Downloads\spring-tool-suite-4-4.29.1.RELEASE-e4.35.0-win32.win32.x86_64\sts-4.29.1.RELEASE\plugins\org.eclipse.m2e.maven.runtime_3.9.900.20250220-2013\jars\wagon-file-3.5.3.jar
2025-08-02 17:31:20,603 [Worker-14: Launching greennest (4)] INFO  o.eclipse.m2e.core.internal.Bundles - 	Entry: C:\Users\DELL\Downloads\spring-tool-suite-4-4.29.1.RELEASE-e4.35.0-win32.win32.x86_64\sts-4.29.1.RELEASE\plugins\org.eclipse.m2e.maven.runtime_3.9.900.20250220-2013\jars\wagon-http-3.5.3.jar
2025-08-02 17:31:20,604 [Worker-14: Launching greennest (4)] INFO  o.eclipse.m2e.core.internal.Bundles - 	Entry: C:\Users\DELL\Downloads\spring-tool-suite-4-4.29.1.RELEASE-e4.35.0-win32.win32.x86_64\sts-4.29.1.RELEASE\plugins\org.eclipse.m2e.maven.runtime_3.9.900.20250220-2013\jars\wagon-http-shared-3.5.3.jar
2025-08-02 17:31:20,604 [Worker-14: Launching greennest (4)] INFO  o.eclipse.m2e.core.internal.Bundles - 	Entry: C:\Users\DELL\Downloads\spring-tool-suite-4-4.29.1.RELEASE-e4.35.0-win32.win32.x86_64\sts-4.29.1.RELEASE\plugins\org.eclipse.m2e.maven.runtime_3.9.900.20250220-2013\jars\wagon-provider-api-3.5.3.jar
2025-08-02 17:31:20,605 [Worker-14: Launching greennest (4)] INFO  o.eclipse.m2e.core.internal.Bundles - getClasspathEntries(Bundle=com.google.guava_33.4.0.jre [29])
2025-08-02 17:31:20,605 [Worker-14: Launching greennest (4)] INFO  o.eclipse.m2e.core.internal.Bundles - 	Entry: C:\Users\DELL\Downloads\spring-tool-suite-4-4.29.1.RELEASE-e4.35.0-win32.win32.x86_64\sts-4.29.1.RELEASE\plugins\com.google.guava_33.4.0.jre.jar
2025-08-02 17:31:20,605 [Worker-14: Launching greennest (4)] INFO  o.eclipse.m2e.core.internal.Bundles - getClasspathEntries(Bundle=slf4j.api_2.0.17 [608])
2025-08-02 17:31:20,606 [Worker-14: Launching greennest (4)] INFO  o.eclipse.m2e.core.internal.Bundles - 	Entry: C:\Users\DELL\Downloads\spring-tool-suite-4-4.29.1.RELEASE-e4.35.0-win32.win32.x86_64\sts-4.29.1.RELEASE\plugins\slf4j.api_2.0.17.jar
2025-08-02 17:31:20,606 [Worker-14: Launching greennest (4)] INFO  o.eclipse.m2e.core.internal.Bundles - getClasspathEntries(Bundle=jakarta.inject.jakarta.inject-api_1.0.5 [45])
2025-08-02 17:31:20,606 [Worker-14: Launching greennest (4)] INFO  o.eclipse.m2e.core.internal.Bundles - 	Entry: C:\Users\DELL\Downloads\spring-tool-suite-4-4.29.1.RELEASE-e4.35.0-win32.win32.x86_64\sts-4.29.1.RELEASE\plugins\jakarta.inject.jakarta.inject-api_1.0.5.jar
2025-08-02 17:31:20,606 [Worker-14: Launching greennest (4)] INFO  o.eclipse.m2e.core.internal.Bundles - getClasspathEntries(Bundle=jakarta.annotation-api_1.3.5 [41])
2025-08-02 17:31:20,607 [Worker-14: Launching greennest (4)] INFO  o.eclipse.m2e.core.internal.Bundles - 	Entry: C:\Users\DELL\Downloads\spring-tool-suite-4-4.29.1.RELEASE-e4.35.0-win32.win32.x86_64\sts-4.29.1.RELEASE\plugins\jakarta.annotation-api_1.3.5.jar
2025-08-02 17:31:20,607 [Worker-14: Launching greennest (4)] INFO  o.eclipse.m2e.core.internal.Bundles - getClasspathEntries(Bundle=org.apache.commons.cli_1.9.0 [77])
2025-08-02 17:31:20,607 [Worker-14: Launching greennest (4)] INFO  o.eclipse.m2e.core.internal.Bundles - 	Entry: C:\Users\DELL\Downloads\spring-tool-suite-4-4.29.1.RELEASE-e4.35.0-win32.win32.x86_64\sts-4.29.1.RELEASE\plugins\org.apache.commons.cli_1.9.0.jar
2025-08-02 17:31:20,607 [Worker-14: Launching greennest (4)] INFO  o.eclipse.m2e.core.internal.Bundles - getClasspathEntries(Bundle=org.apache.commons.commons-codec_1.16.0 [79])
2025-08-02 17:31:20,607 [Worker-14: Launching greennest (4)] INFO  o.eclipse.m2e.core.internal.Bundles - 	Entry: C:\Users\DELL\Downloads\spring-tool-suite-4-4.29.1.RELEASE-e4.35.0-win32.win32.x86_64\sts-4.29.1.RELEASE\plugins\org.apache.commons.commons-codec_1.16.0.jar
2025-08-02 17:31:20,607 [Worker-14: Launching greennest (4)] INFO  o.eclipse.m2e.core.internal.Bundles - getClasspathEntries(Bundle=com.google.guava.failureaccess_1.0.2 [30])
2025-08-02 17:31:20,608 [Worker-14: Launching greennest (4)] INFO  o.eclipse.m2e.core.internal.Bundles - 	Entry: C:\Users\DELL\Downloads\spring-tool-suite-4-4.29.1.RELEASE-e4.35.0-win32.win32.x86_64\sts-4.29.1.RELEASE\plugins\com.google.guava.failureaccess_1.0.2.jar
2025-08-02 17:31:20,610 [Worker-14: Launching greennest (4)] INFO  o.e.m.i.launch.MavenLaunchDelegate - Run build in "C:\Users\DELL\Desktop\Perplexity\backend\greennest":
2025-08-02 17:31:20,610 [Worker-14: Launching greennest (4)] INFO  o.e.m.i.launch.MavenLaunchDelegate -  mvn  -Ppom.xml -B -Dstyle.color=always clean compile
2025-08-02 17:31:52,990 [Worker-7: Loading available Gradle versions] INFO  o.e.b.c.i.u.g.PublishedGradleVersions - Gradle version information cache is up-to-date. Trying to read.
2025-08-02 17:32:10,856 [Worker-7: Check for devtools] WARN  o.e.m.c.i.embedder.EclipseLogger - The artifact mysql:mysql-connector-java:jar:8.0.33 has been relocated to com.mysql:mysql-connector-j:jar:8.0.33: MySQL Connector/J artifacts moved to reverse-DNS compliant Maven 2+ coordinates.
2025-08-02 17:32:16,054 [Worker-13: Updating Maven Project] INFO  o.e.m.c.i.p.ProjectConfigurationManager - Update started
2025-08-02 17:32:16,960 [Worker-13: Updating Maven Project] INFO  o.e.m.c.i.l.LifecycleMappingFactory - Using org.eclipse.m2e.jdt.JarLifecycleMapping lifecycle mapping for MavenProject: com.greennest:greennest-backend:0.0.1-SNAPSHOT @ C:\Users\DELL\Desktop\Perplexity\backend\greennest\pom.xml.
2025-08-02 17:32:17,331 [Worker-13: Updating Maven Project] WARN  o.e.m.c.i.embedder.EclipseLogger - The artifact mysql:mysql-connector-java:jar:8.0.33 has been relocated to com.mysql:mysql-connector-j:jar:8.0.33: MySQL Connector/J artifacts moved to reverse-DNS compliant Maven 2+ coordinates.
2025-08-02 17:32:18,257 [Worker-13: Updating Maven Project] INFO  o.e.m.j.i.AbstractJavaProjectConfigurator - Adding source folder /greennest/src/main/java
2025-08-02 17:32:18,260 [Worker-13: Updating Maven Project] INFO  o.e.m.j.i.AbstractJavaProjectConfigurator - Adding resource folder /greennest/src/main/resources
2025-08-02 17:32:18,261 [Worker-13: Updating Maven Project] INFO  o.e.m.j.i.AbstractJavaProjectConfigurator - Adding resource folder /greennest/src/main/resources
2025-08-02 17:32:18,262 [Worker-13: Updating Maven Project] INFO  o.e.m.j.i.AbstractJavaProjectConfigurator - Adding source folder /greennest/src/test/java
2025-08-02 17:32:18,264 [Worker-13: Updating Maven Project] INFO  o.e.m.j.i.AbstractJavaProjectConfigurator - Adding resource folder /greennest/src/test/resources
2025-08-02 17:32:18,568 [Worker-13: Updating Maven Project] INFO  o.e.m.c.i.p.ProjectConfigurationManager - Update completed for 1 poms: local refresh takes 0.00 sec, refresh facades takes 2.00 sec, update config takes 0.00 sec 
2025-08-02 17:32:19,369 [Worker-9: Building] INFO  o.a.m.s.f.DefaultMavenResourcesFiltering - Copying 1 resource from src\main\resources to target\classes
2025-08-02 17:32:19,387 [Worker-9: Building] INFO  o.a.m.s.f.DefaultMavenResourcesFiltering - Copying 0 resource from src\main\resources to target\classes
2025-08-02 17:32:19,393 [Worker-9: Building] INFO  o.a.m.s.f.DefaultMavenResourcesFiltering - skip non existing resourceDirectory C:\Users\DELL\Desktop\Perplexity\backend\greennest\src\test\resources
2025-08-02 17:32:24,600 [Worker-10: Launching greennest (4)] INFO  o.eclipse.m2e.core.internal.Bundles - getClasspathEntries(Bundle=org.eclipse.m2e.maven.runtime_3.9.900.20250220-2013 [361])
2025-08-02 17:32:24,601 [Worker-10: Launching greennest (4)] INFO  o.eclipse.m2e.core.internal.Bundles - 	Entry: C:\Users\DELL\Downloads\spring-tool-suite-4-4.29.1.RELEASE-e4.35.0-win32.win32.x86_64\sts-4.29.1.RELEASE\plugins\org.eclipse.m2e.maven.runtime_3.9.900.20250220-2013
2025-08-02 17:32:24,601 [Worker-10: Launching greennest (4)] INFO  o.eclipse.m2e.core.internal.Bundles - 	Entry: C:\Users\DELL\Downloads\spring-tool-suite-4-4.29.1.RELEASE-e4.35.0-win32.win32.x86_64\sts-4.29.1.RELEASE\plugins\org.eclipse.m2e.maven.runtime_3.9.900.20250220-2013\jars\aopalliance-1.0.jar
2025-08-02 17:32:24,601 [Worker-10: Launching greennest (4)] INFO  o.eclipse.m2e.core.internal.Bundles - 	Entry: C:\Users\DELL\Downloads\spring-tool-suite-4-4.29.1.RELEASE-e4.35.0-win32.win32.x86_64\sts-4.29.1.RELEASE\plugins\org.eclipse.m2e.maven.runtime_3.9.900.20250220-2013\jars\guice-5.1.0.jar
2025-08-02 17:32:24,602 [Worker-10: Launching greennest (4)] INFO  o.eclipse.m2e.core.internal.Bundles - 	Entry: C:\Users\DELL\Downloads\spring-tool-suite-4-4.29.1.RELEASE-e4.35.0-win32.win32.x86_64\sts-4.29.1.RELEASE\plugins\org.eclipse.m2e.maven.runtime_3.9.900.20250220-2013\jars\httpclient-4.5.14.jar
2025-08-02 17:32:24,602 [Worker-10: Launching greennest (4)] INFO  o.eclipse.m2e.core.internal.Bundles - 	Entry: C:\Users\DELL\Downloads\spring-tool-suite-4-4.29.1.RELEASE-e4.35.0-win32.win32.x86_64\sts-4.29.1.RELEASE\plugins\org.eclipse.m2e.maven.runtime_3.9.900.20250220-2013\jars\httpcore-4.4.16.jar
2025-08-02 17:32:24,602 [Worker-10: Launching greennest (4)] INFO  o.eclipse.m2e.core.internal.Bundles - 	Entry: C:\Users\DELL\Downloads\spring-tool-suite-4-4.29.1.RELEASE-e4.35.0-win32.win32.x86_64\sts-4.29.1.RELEASE\plugins\org.eclipse.m2e.maven.runtime_3.9.900.20250220-2013\jars\jansi-2.4.1.jar
2025-08-02 17:32:24,602 [Worker-10: Launching greennest (4)] INFO  o.eclipse.m2e.core.internal.Bundles - 	Entry: C:\Users\DELL\Downloads\spring-tool-suite-4-4.29.1.RELEASE-e4.35.0-win32.win32.x86_64\sts-4.29.1.RELEASE\plugins\org.eclipse.m2e.maven.runtime_3.9.900.20250220-2013\jars\jcl-over-slf4j-1.7.36.jar
2025-08-02 17:32:24,602 [Worker-10: Launching greennest (4)] INFO  o.eclipse.m2e.core.internal.Bundles - 	Entry: C:\Users\DELL\Downloads\spring-tool-suite-4-4.29.1.RELEASE-e4.35.0-win32.win32.x86_64\sts-4.29.1.RELEASE\plugins\org.eclipse.m2e.maven.runtime_3.9.900.20250220-2013\jars\maven-artifact-3.9.9.jar
2025-08-02 17:32:24,602 [Worker-10: Launching greennest (4)] INFO  o.eclipse.m2e.core.internal.Bundles - 	Entry: C:\Users\DELL\Downloads\spring-tool-suite-4-4.29.1.RELEASE-e4.35.0-win32.win32.x86_64\sts-4.29.1.RELEASE\plugins\org.eclipse.m2e.maven.runtime_3.9.900.20250220-2013\jars\maven-builder-support-3.9.9.jar
2025-08-02 17:32:24,602 [Worker-10: Launching greennest (4)] INFO  o.eclipse.m2e.core.internal.Bundles - 	Entry: C:\Users\DELL\Downloads\spring-tool-suite-4-4.29.1.RELEASE-e4.35.0-win32.win32.x86_64\sts-4.29.1.RELEASE\plugins\org.eclipse.m2e.maven.runtime_3.9.900.20250220-2013\jars\maven-compat-3.9.9.jar
2025-08-02 17:32:24,602 [Worker-10: Launching greennest (4)] INFO  o.eclipse.m2e.core.internal.Bundles - 	Entry: C:\Users\DELL\Downloads\spring-tool-suite-4-4.29.1.RELEASE-e4.35.0-win32.win32.x86_64\sts-4.29.1.RELEASE\plugins\org.eclipse.m2e.maven.runtime_3.9.900.20250220-2013\jars\maven-core-3.9.9.jar
2025-08-02 17:32:24,602 [Worker-10: Launching greennest (4)] INFO  o.eclipse.m2e.core.internal.Bundles - 	Entry: C:\Users\DELL\Downloads\spring-tool-suite-4-4.29.1.RELEASE-e4.35.0-win32.win32.x86_64\sts-4.29.1.RELEASE\plugins\org.eclipse.m2e.maven.runtime_3.9.900.20250220-2013\jars\maven-embedder-3.9.9.jar
2025-08-02 17:32:24,602 [Worker-10: Launching greennest (4)] INFO  o.eclipse.m2e.core.internal.Bundles - 	Entry: C:\Users\DELL\Downloads\spring-tool-suite-4-4.29.1.RELEASE-e4.35.0-win32.win32.x86_64\sts-4.29.1.RELEASE\plugins\org.eclipse.m2e.maven.runtime_3.9.900.20250220-2013\jars\maven-model-3.9.9.jar
2025-08-02 17:32:24,602 [Worker-10: Launching greennest (4)] INFO  o.eclipse.m2e.core.internal.Bundles - 	Entry: C:\Users\DELL\Downloads\spring-tool-suite-4-4.29.1.RELEASE-e4.35.0-win32.win32.x86_64\sts-4.29.1.RELEASE\plugins\org.eclipse.m2e.maven.runtime_3.9.900.20250220-2013\jars\maven-model-builder-3.9.9.jar
2025-08-02 17:32:24,602 [Worker-10: Launching greennest (4)] INFO  o.eclipse.m2e.core.internal.Bundles - 	Entry: C:\Users\DELL\Downloads\spring-tool-suite-4-4.29.1.RELEASE-e4.35.0-win32.win32.x86_64\sts-4.29.1.RELEASE\plugins\org.eclipse.m2e.maven.runtime_3.9.900.20250220-2013\jars\maven-plugin-api-3.9.9.jar
2025-08-02 17:32:24,602 [Worker-10: Launching greennest (4)] INFO  o.eclipse.m2e.core.internal.Bundles - 	Entry: C:\Users\DELL\Downloads\spring-tool-suite-4-4.29.1.RELEASE-e4.35.0-win32.win32.x86_64\sts-4.29.1.RELEASE\plugins\org.eclipse.m2e.maven.runtime_3.9.900.20250220-2013\jars\maven-repository-metadata-3.9.9.jar
2025-08-02 17:32:24,603 [Worker-10: Launching greennest (4)] INFO  o.eclipse.m2e.core.internal.Bundles - 	Entry: C:\Users\DELL\Downloads\spring-tool-suite-4-4.29.1.RELEASE-e4.35.0-win32.win32.x86_64\sts-4.29.1.RELEASE\plugins\org.eclipse.m2e.maven.runtime_3.9.900.20250220-2013\jars\maven-resolver-api-1.9.22.jar
2025-08-02 17:32:24,603 [Worker-10: Launching greennest (4)] INFO  o.eclipse.m2e.core.internal.Bundles - 	Entry: C:\Users\DELL\Downloads\spring-tool-suite-4-4.29.1.RELEASE-e4.35.0-win32.win32.x86_64\sts-4.29.1.RELEASE\plugins\org.eclipse.m2e.maven.runtime_3.9.900.20250220-2013\jars\maven-resolver-connector-basic-1.9.22.jar
2025-08-02 17:32:24,603 [Worker-10: Launching greennest (4)] INFO  o.eclipse.m2e.core.internal.Bundles - 	Entry: C:\Users\DELL\Downloads\spring-tool-suite-4-4.29.1.RELEASE-e4.35.0-win32.win32.x86_64\sts-4.29.1.RELEASE\plugins\org.eclipse.m2e.maven.runtime_3.9.900.20250220-2013\jars\maven-resolver-impl-1.9.22.jar
2025-08-02 17:32:24,603 [Worker-10: Launching greennest (4)] INFO  o.eclipse.m2e.core.internal.Bundles - 	Entry: C:\Users\DELL\Downloads\spring-tool-suite-4-4.29.1.RELEASE-e4.35.0-win32.win32.x86_64\sts-4.29.1.RELEASE\plugins\org.eclipse.m2e.maven.runtime_3.9.900.20250220-2013\jars\maven-resolver-named-locks-1.9.22.jar
2025-08-02 17:32:24,603 [Worker-10: Launching greennest (4)] INFO  o.eclipse.m2e.core.internal.Bundles - 	Entry: C:\Users\DELL\Downloads\spring-tool-suite-4-4.29.1.RELEASE-e4.35.0-win32.win32.x86_64\sts-4.29.1.RELEASE\plugins\org.eclipse.m2e.maven.runtime_3.9.900.20250220-2013\jars\maven-resolver-provider-3.9.9.jar
2025-08-02 17:32:24,603 [Worker-10: Launching greennest (4)] INFO  o.eclipse.m2e.core.internal.Bundles - 	Entry: C:\Users\DELL\Downloads\spring-tool-suite-4-4.29.1.RELEASE-e4.35.0-win32.win32.x86_64\sts-4.29.1.RELEASE\plugins\org.eclipse.m2e.maven.runtime_3.9.900.20250220-2013\jars\maven-resolver-spi-1.9.22.jar
2025-08-02 17:32:24,603 [Worker-10: Launching greennest (4)] INFO  o.eclipse.m2e.core.internal.Bundles - 	Entry: C:\Users\DELL\Downloads\spring-tool-suite-4-4.29.1.RELEASE-e4.35.0-win32.win32.x86_64\sts-4.29.1.RELEASE\plugins\org.eclipse.m2e.maven.runtime_3.9.900.20250220-2013\jars\maven-resolver-transport-file-1.9.22.jar
2025-08-02 17:32:24,603 [Worker-10: Launching greennest (4)] INFO  o.eclipse.m2e.core.internal.Bundles - 	Entry: C:\Users\DELL\Downloads\spring-tool-suite-4-4.29.1.RELEASE-e4.35.0-win32.win32.x86_64\sts-4.29.1.RELEASE\plugins\org.eclipse.m2e.maven.runtime_3.9.900.20250220-2013\jars\maven-resolver-transport-http-1.9.22.jar
2025-08-02 17:32:24,603 [Worker-10: Launching greennest (4)] INFO  o.eclipse.m2e.core.internal.Bundles - 	Entry: C:\Users\DELL\Downloads\spring-tool-suite-4-4.29.1.RELEASE-e4.35.0-win32.win32.x86_64\sts-4.29.1.RELEASE\plugins\org.eclipse.m2e.maven.runtime_3.9.900.20250220-2013\jars\maven-resolver-transport-wagon-1.9.22.jar
2025-08-02 17:32:24,604 [Worker-10: Launching greennest (4)] INFO  o.eclipse.m2e.core.internal.Bundles - 	Entry: C:\Users\DELL\Downloads\spring-tool-suite-4-4.29.1.RELEASE-e4.35.0-win32.win32.x86_64\sts-4.29.1.RELEASE\plugins\org.eclipse.m2e.maven.runtime_3.9.900.20250220-2013\jars\maven-resolver-util-1.9.22.jar
2025-08-02 17:32:24,604 [Worker-10: Launching greennest (4)] INFO  o.eclipse.m2e.core.internal.Bundles - 	Entry: C:\Users\DELL\Downloads\spring-tool-suite-4-4.29.1.RELEASE-e4.35.0-win32.win32.x86_64\sts-4.29.1.RELEASE\plugins\org.eclipse.m2e.maven.runtime_3.9.900.20250220-2013\jars\maven-settings-3.9.9.jar
2025-08-02 17:32:24,604 [Worker-10: Launching greennest (4)] INFO  o.eclipse.m2e.core.internal.Bundles - 	Entry: C:\Users\DELL\Downloads\spring-tool-suite-4-4.29.1.RELEASE-e4.35.0-win32.win32.x86_64\sts-4.29.1.RELEASE\plugins\org.eclipse.m2e.maven.runtime_3.9.900.20250220-2013\jars\maven-settings-builder-3.9.9.jar
2025-08-02 17:32:24,604 [Worker-10: Launching greennest (4)] INFO  o.eclipse.m2e.core.internal.Bundles - 	Entry: C:\Users\DELL\Downloads\spring-tool-suite-4-4.29.1.RELEASE-e4.35.0-win32.win32.x86_64\sts-4.29.1.RELEASE\plugins\org.eclipse.m2e.maven.runtime_3.9.900.20250220-2013\jars\maven-shared-utils-3.4.2.jar
2025-08-02 17:32:24,604 [Worker-10: Launching greennest (4)] INFO  o.eclipse.m2e.core.internal.Bundles - 	Entry: C:\Users\DELL\Downloads\spring-tool-suite-4-4.29.1.RELEASE-e4.35.0-win32.win32.x86_64\sts-4.29.1.RELEASE\plugins\org.eclipse.m2e.maven.runtime_3.9.900.20250220-2013\jars\org.eclipse.sisu.inject-0.9.0.M3.jar
2025-08-02 17:32:24,604 [Worker-10: Launching greennest (4)] INFO  o.eclipse.m2e.core.internal.Bundles - 	Entry: C:\Users\DELL\Downloads\spring-tool-suite-4-4.29.1.RELEASE-e4.35.0-win32.win32.x86_64\sts-4.29.1.RELEASE\plugins\org.eclipse.m2e.maven.runtime_3.9.900.20250220-2013\jars\org.eclipse.sisu.plexus-0.9.0.M3.jar
2025-08-02 17:32:24,604 [Worker-10: Launching greennest (4)] INFO  o.eclipse.m2e.core.internal.Bundles - 	Entry: C:\Users\DELL\Downloads\spring-tool-suite-4-4.29.1.RELEASE-e4.35.0-win32.win32.x86_64\sts-4.29.1.RELEASE\plugins\org.eclipse.m2e.maven.runtime_3.9.900.20250220-2013\jars\plexus-build-api-0.0.7.jar
2025-08-02 17:32:24,604 [Worker-10: Launching greennest (4)] INFO  o.eclipse.m2e.core.internal.Bundles - 	Entry: C:\Users\DELL\Downloads\spring-tool-suite-4-4.29.1.RELEASE-e4.35.0-win32.win32.x86_64\sts-4.29.1.RELEASE\plugins\org.eclipse.m2e.maven.runtime_3.9.900.20250220-2013\jars\plexus-build-api-1.2.0.jar
2025-08-02 17:32:24,604 [Worker-10: Launching greennest (4)] INFO  o.eclipse.m2e.core.internal.Bundles - 	Entry: C:\Users\DELL\Downloads\spring-tool-suite-4-4.29.1.RELEASE-e4.35.0-win32.win32.x86_64\sts-4.29.1.RELEASE\plugins\org.eclipse.m2e.maven.runtime_3.9.900.20250220-2013\jars\plexus-cipher-2.0.jar
2025-08-02 17:32:24,604 [Worker-10: Launching greennest (4)] INFO  o.eclipse.m2e.core.internal.Bundles - 	Entry: C:\Users\DELL\Downloads\spring-tool-suite-4-4.29.1.RELEASE-e4.35.0-win32.win32.x86_64\sts-4.29.1.RELEASE\plugins\org.eclipse.m2e.maven.runtime_3.9.900.20250220-2013\jars\plexus-classworlds-2.8.0.jar
2025-08-02 17:32:24,604 [Worker-10: Launching greennest (4)] INFO  o.eclipse.m2e.core.internal.Bundles - 	Entry: C:\Users\DELL\Downloads\spring-tool-suite-4-4.29.1.RELEASE-e4.35.0-win32.win32.x86_64\sts-4.29.1.RELEASE\plugins\org.eclipse.m2e.maven.runtime_3.9.900.20250220-2013\jars\plexus-component-annotations-2.1.0.jar
2025-08-02 17:32:24,605 [Worker-10: Launching greennest (4)] INFO  o.eclipse.m2e.core.internal.Bundles - 	Entry: C:\Users\DELL\Downloads\spring-tool-suite-4-4.29.1.RELEASE-e4.35.0-win32.win32.x86_64\sts-4.29.1.RELEASE\plugins\org.eclipse.m2e.maven.runtime_3.9.900.20250220-2013\jars\plexus-interpolation-1.27.jar
2025-08-02 17:32:24,605 [Worker-10: Launching greennest (4)] INFO  o.eclipse.m2e.core.internal.Bundles - 	Entry: C:\Users\DELL\Downloads\spring-tool-suite-4-4.29.1.RELEASE-e4.35.0-win32.win32.x86_64\sts-4.29.1.RELEASE\plugins\org.eclipse.m2e.maven.runtime_3.9.900.20250220-2013\jars\plexus-sec-dispatcher-2.0.jar
2025-08-02 17:32:24,605 [Worker-10: Launching greennest (4)] INFO  o.eclipse.m2e.core.internal.Bundles - 	Entry: C:\Users\DELL\Downloads\spring-tool-suite-4-4.29.1.RELEASE-e4.35.0-win32.win32.x86_64\sts-4.29.1.RELEASE\plugins\org.eclipse.m2e.maven.runtime_3.9.900.20250220-2013\jars\plexus-utils-3.5.1.jar
2025-08-02 17:32:24,605 [Worker-10: Launching greennest (4)] INFO  o.eclipse.m2e.core.internal.Bundles - 	Entry: C:\Users\DELL\Downloads\spring-tool-suite-4-4.29.1.RELEASE-e4.35.0-win32.win32.x86_64\sts-4.29.1.RELEASE\plugins\org.eclipse.m2e.maven.runtime_3.9.900.20250220-2013\jars\plexus-xml-3.0.1.jar
2025-08-02 17:32:24,605 [Worker-10: Launching greennest (4)] INFO  o.eclipse.m2e.core.internal.Bundles - 	Entry: C:\Users\DELL\Downloads\spring-tool-suite-4-4.29.1.RELEASE-e4.35.0-win32.win32.x86_64\sts-4.29.1.RELEASE\plugins\org.eclipse.m2e.maven.runtime_3.9.900.20250220-2013\jars\wagon-file-3.5.3.jar
2025-08-02 17:32:24,605 [Worker-10: Launching greennest (4)] INFO  o.eclipse.m2e.core.internal.Bundles - 	Entry: C:\Users\DELL\Downloads\spring-tool-suite-4-4.29.1.RELEASE-e4.35.0-win32.win32.x86_64\sts-4.29.1.RELEASE\plugins\org.eclipse.m2e.maven.runtime_3.9.900.20250220-2013\jars\wagon-http-3.5.3.jar
2025-08-02 17:32:24,605 [Worker-10: Launching greennest (4)] INFO  o.eclipse.m2e.core.internal.Bundles - 	Entry: C:\Users\DELL\Downloads\spring-tool-suite-4-4.29.1.RELEASE-e4.35.0-win32.win32.x86_64\sts-4.29.1.RELEASE\plugins\org.eclipse.m2e.maven.runtime_3.9.900.20250220-2013\jars\wagon-http-shared-3.5.3.jar
2025-08-02 17:32:24,605 [Worker-10: Launching greennest (4)] INFO  o.eclipse.m2e.core.internal.Bundles - 	Entry: C:\Users\DELL\Downloads\spring-tool-suite-4-4.29.1.RELEASE-e4.35.0-win32.win32.x86_64\sts-4.29.1.RELEASE\plugins\org.eclipse.m2e.maven.runtime_3.9.900.20250220-2013\jars\wagon-provider-api-3.5.3.jar
2025-08-02 17:32:24,609 [Worker-10: Launching greennest (4)] INFO  o.eclipse.m2e.core.internal.Bundles - getClasspathEntries(Bundle=com.google.guava_33.4.0.jre [29])
2025-08-02 17:32:24,609 [Worker-10: Launching greennest (4)] INFO  o.eclipse.m2e.core.internal.Bundles - 	Entry: C:\Users\DELL\Downloads\spring-tool-suite-4-4.29.1.RELEASE-e4.35.0-win32.win32.x86_64\sts-4.29.1.RELEASE\plugins\com.google.guava_33.4.0.jre.jar
2025-08-02 17:32:24,609 [Worker-10: Launching greennest (4)] INFO  o.eclipse.m2e.core.internal.Bundles - getClasspathEntries(Bundle=slf4j.api_2.0.17 [608])
2025-08-02 17:32:24,609 [Worker-10: Launching greennest (4)] INFO  o.eclipse.m2e.core.internal.Bundles - 	Entry: C:\Users\DELL\Downloads\spring-tool-suite-4-4.29.1.RELEASE-e4.35.0-win32.win32.x86_64\sts-4.29.1.RELEASE\plugins\slf4j.api_2.0.17.jar
2025-08-02 17:32:24,610 [Worker-10: Launching greennest (4)] INFO  o.eclipse.m2e.core.internal.Bundles - getClasspathEntries(Bundle=jakarta.inject.jakarta.inject-api_1.0.5 [45])
2025-08-02 17:32:24,610 [Worker-10: Launching greennest (4)] INFO  o.eclipse.m2e.core.internal.Bundles - 	Entry: C:\Users\DELL\Downloads\spring-tool-suite-4-4.29.1.RELEASE-e4.35.0-win32.win32.x86_64\sts-4.29.1.RELEASE\plugins\jakarta.inject.jakarta.inject-api_1.0.5.jar
2025-08-02 17:32:24,610 [Worker-10: Launching greennest (4)] INFO  o.eclipse.m2e.core.internal.Bundles - getClasspathEntries(Bundle=jakarta.annotation-api_1.3.5 [41])
2025-08-02 17:32:24,610 [Worker-10: Launching greennest (4)] INFO  o.eclipse.m2e.core.internal.Bundles - 	Entry: C:\Users\DELL\Downloads\spring-tool-suite-4-4.29.1.RELEASE-e4.35.0-win32.win32.x86_64\sts-4.29.1.RELEASE\plugins\jakarta.annotation-api_1.3.5.jar
2025-08-02 17:32:24,610 [Worker-10: Launching greennest (4)] INFO  o.eclipse.m2e.core.internal.Bundles - getClasspathEntries(Bundle=org.apache.commons.cli_1.9.0 [77])
2025-08-02 17:32:24,610 [Worker-10: Launching greennest (4)] INFO  o.eclipse.m2e.core.internal.Bundles - 	Entry: C:\Users\DELL\Downloads\spring-tool-suite-4-4.29.1.RELEASE-e4.35.0-win32.win32.x86_64\sts-4.29.1.RELEASE\plugins\org.apache.commons.cli_1.9.0.jar
2025-08-02 17:32:24,610 [Worker-10: Launching greennest (4)] INFO  o.eclipse.m2e.core.internal.Bundles - getClasspathEntries(Bundle=org.apache.commons.commons-codec_1.16.0 [79])
2025-08-02 17:32:24,611 [Worker-10: Launching greennest (4)] INFO  o.eclipse.m2e.core.internal.Bundles - 	Entry: C:\Users\DELL\Downloads\spring-tool-suite-4-4.29.1.RELEASE-e4.35.0-win32.win32.x86_64\sts-4.29.1.RELEASE\plugins\org.apache.commons.commons-codec_1.16.0.jar
2025-08-02 17:32:24,611 [Worker-10: Launching greennest (4)] INFO  o.eclipse.m2e.core.internal.Bundles - getClasspathEntries(Bundle=com.google.guava.failureaccess_1.0.2 [30])
2025-08-02 17:32:24,611 [Worker-10: Launching greennest (4)] INFO  o.eclipse.m2e.core.internal.Bundles - 	Entry: C:\Users\DELL\Downloads\spring-tool-suite-4-4.29.1.RELEASE-e4.35.0-win32.win32.x86_64\sts-4.29.1.RELEASE\plugins\com.google.guava.failureaccess_1.0.2.jar
2025-08-02 17:32:24,614 [Worker-10: Launching greennest (4)] INFO  o.e.m.i.launch.MavenLaunchDelegate - Run build in "C:\Users\DELL\Desktop\Perplexity\backend\greennest":
2025-08-02 17:32:24,616 [Worker-10: Launching greennest (4)] INFO  o.e.m.i.launch.MavenLaunchDelegate -  mvn  -Ppom.xml -B -Dstyle.color=always clean compile
2025-08-02 17:41:11,507 [Worker-16: Building] INFO  o.a.m.s.f.DefaultMavenResourcesFiltering - Copying 1 resource from src\main\resources to target\classes
2025-08-02 17:41:11,512 [Worker-16: Building] INFO  o.a.m.s.f.DefaultMavenResourcesFiltering - Copying 0 resource from src\main\resources to target\classes
2025-08-02 17:41:11,517 [Worker-16: Building] INFO  o.a.m.s.f.DefaultMavenResourcesFiltering - skip non existing resourceDirectory C:\Users\DELL\Desktop\Perplexity\backend\greennest\src\test\resources
2025-08-02 17:46:09,869 [Worker-12: Building] INFO  o.e.m.c.i.l.LifecycleMappingFactory - Using org.eclipse.m2e.jdt.JarLifecycleMapping lifecycle mapping for MavenProject: com.greennest:greennest-backend:0.0.1-SNAPSHOT @ C:\Users\DELL\Desktop\Perplexity\backend\greennest\pom.xml.
2025-08-02 17:46:10,714 [Worker-12: Building] INFO  o.e.m.c.i.e.AbstractTransferListenerAdapter - Downloading https://repo.maven.apache.org/maven2/com/fasterxml/jackson/datatype/jackson-datatype-hibernate5/2.15.2/jackson-datatype-hibernate5-2.15.2.pom
2025-08-02 17:46:10,741 [Worker-12: Building] INFO  o.e.m.c.i.e.AbstractTransferListenerAdapter - Downloaded https://repo.maven.apache.org/maven2/com/fasterxml/jackson/datatype/jackson-datatype-hibernate5/2.15.2/jackson-datatype-hibernate5-2.15.2.pom
2025-08-02 17:46:10,778 [Worker-12: Building] INFO  o.e.m.c.i.e.AbstractTransferListenerAdapter - Downloading https://repo.maven.apache.org/maven2/com/fasterxml/jackson/datatype/jackson-datatype-hibernate-parent/2.15.2/jackson-datatype-hibernate-parent-2.15.2.pom
2025-08-02 17:46:10,785 [Worker-12: Building] INFO  o.e.m.c.i.e.AbstractTransferListenerAdapter - Downloaded https://repo.maven.apache.org/maven2/com/fasterxml/jackson/datatype/jackson-datatype-hibernate-parent/2.15.2/jackson-datatype-hibernate-parent-2.15.2.pom
2025-08-02 17:46:10,832 [Worker-12: Building] INFO  o.e.m.c.i.e.AbstractTransferListenerAdapter - Downloading https://repo.maven.apache.org/maven2/com/fasterxml/jackson/jackson-base/2.15.2/jackson-base-2.15.2.pom
2025-08-02 17:46:10,839 [Worker-12: Building] INFO  o.e.m.c.i.e.AbstractTransferListenerAdapter - Downloaded https://repo.maven.apache.org/maven2/com/fasterxml/jackson/jackson-base/2.15.2/jackson-base-2.15.2.pom
2025-08-02 17:46:10,857 [Worker-12: Building] INFO  o.e.m.c.i.e.AbstractTransferListenerAdapter - Downloading https://repo.maven.apache.org/maven2/com/fasterxml/jackson/jackson-bom/2.15.2/jackson-bom-2.15.2.pom
2025-08-02 17:46:10,878 [Worker-12: Building] INFO  o.e.m.c.i.e.AbstractTransferListenerAdapter - Downloaded https://repo.maven.apache.org/maven2/com/fasterxml/jackson/jackson-bom/2.15.2/jackson-bom-2.15.2.pom
2025-08-02 17:46:10,899 [Worker-12: Building] INFO  o.e.m.c.i.e.AbstractTransferListenerAdapter - Downloading https://repo.maven.apache.org/maven2/javax/transaction/javax.transaction-api/1.3/javax.transaction-api-1.3.pom
2025-08-02 17:46:10,911 [Worker-12: Building] INFO  o.e.m.c.i.e.AbstractTransferListenerAdapter - Downloaded https://repo.maven.apache.org/maven2/javax/transaction/javax.transaction-api/1.3/javax.transaction-api-1.3.pom
2025-08-02 17:46:10,926 [Worker-12: Building] INFO  o.e.m.c.i.e.AbstractTransferListenerAdapter - Downloading https://repo.maven.apache.org/maven2/net/java/jvnet-parent/5/jvnet-parent-5.pom
2025-08-02 17:46:10,932 [Worker-12: Building] INFO  o.e.m.c.i.e.AbstractTransferListenerAdapter - Downloaded https://repo.maven.apache.org/maven2/net/java/jvnet-parent/5/jvnet-parent-5.pom
2025-08-02 17:46:10,950 [Worker-12: Building] WARN  o.e.m.c.i.embedder.EclipseLogger - The artifact mysql:mysql-connector-java:jar:8.0.33 has been relocated to com.mysql:mysql-connector-j:jar:8.0.33: MySQL Connector/J artifacts moved to reverse-DNS compliant Maven 2+ coordinates.
2025-08-02 17:46:11,073 [Worker-12: Building] INFO  o.e.m.c.i.e.AbstractTransferListenerAdapter - Downloading https://repo.maven.apache.org/maven2/com/fasterxml/jackson/datatype/jackson-datatype-hibernate5/2.15.2/jackson-datatype-hibernate5-2.15.2.jar
2025-08-02 17:46:11,079 [Worker-12: Building] INFO  o.e.m.c.i.e.AbstractTransferListenerAdapter - Downloaded https://repo.maven.apache.org/maven2/com/fasterxml/jackson/datatype/jackson-datatype-hibernate5/2.15.2/jackson-datatype-hibernate5-2.15.2.jar
2025-08-02 17:46:11,092 [BasicRepositoryConnector-repo.maven.apache.org-0-0] INFO  o.e.m.c.i.e.AbstractTransferListenerAdapter - Downloading https://repo.maven.apache.org/maven2/javax/transaction/javax.transaction-api/1.3/javax.transaction-api-1.3.jar
2025-08-02 17:46:11,101 [BasicRepositoryConnector-repo.maven.apache.org-0-0] INFO  o.e.m.c.i.e.AbstractTransferListenerAdapter - Downloaded https://repo.maven.apache.org/maven2/javax/transaction/javax.transaction-api/1.3/javax.transaction-api-1.3.jar
2025-08-02 17:46:11,419 [Worker-12: Building] INFO  o.a.m.s.f.DefaultMavenResourcesFiltering - Copying 0 resource from src\main\resources to target\classes
2025-08-02 17:46:11,420 [Worker-12: Building] INFO  o.a.m.s.f.DefaultMavenResourcesFiltering - Copying 0 resource from src\main\resources to target\classes
2025-08-02 17:46:11,425 [Worker-12: Building] INFO  o.a.m.s.f.DefaultMavenResourcesFiltering - skip non existing resourceDirectory C:\Users\DELL\Desktop\Perplexity\backend\greennest\src\test\resources
2025-08-02 17:46:12,391 [Worker-5: Download sources and javadoc] INFO  o.e.m.c.i.e.AbstractTransferListenerAdapter - Downloading https://repo.maven.apache.org/maven2/com/fasterxml/jackson/datatype/jackson-datatype-hibernate5/2.15.2/jackson-datatype-hibernate5-2.15.2-sources.jar
2025-08-02 17:46:12,400 [Worker-5: Download sources and javadoc] INFO  o.e.m.c.i.e.AbstractTransferListenerAdapter - Downloaded https://repo.maven.apache.org/maven2/com/fasterxml/jackson/datatype/jackson-datatype-hibernate5/2.15.2/jackson-datatype-hibernate5-2.15.2-sources.jar
2025-08-02 17:46:12,406 [Worker-5: Download sources and javadoc] INFO  o.e.m.j.internal.DownloadSourcesJob - Downloaded sources for com.fasterxml.jackson.datatype:jackson-datatype-hibernate5:2.15.2
2025-08-02 17:46:12,462 [Worker-5: Download sources and javadoc] INFO  o.e.m.c.i.e.AbstractTransferListenerAdapter - Downloading https://repo.maven.apache.org/maven2/javax/transaction/javax.transaction-api/1.3/javax.transaction-api-1.3-sources.jar
2025-08-02 17:46:12,503 [Worker-5: Download sources and javadoc] INFO  o.e.m.c.i.e.AbstractTransferListenerAdapter - Downloaded https://repo.maven.apache.org/maven2/javax/transaction/javax.transaction-api/1.3/javax.transaction-api-1.3-sources.jar
2025-08-02 17:46:12,508 [Worker-5: Download sources and javadoc] INFO  o.e.m.j.internal.DownloadSourcesJob - Downloaded sources for javax.transaction:javax.transaction-api:1.3
2025-08-02 17:46:13,163 [Worker-16: Building] INFO  o.a.m.s.f.DefaultMavenResourcesFiltering - Copying 1 resource from src\main\resources to target\classes
2025-08-02 17:46:13,220 [Worker-16: Building] INFO  o.a.m.s.f.DefaultMavenResourcesFiltering - Copying 0 resource from src\main\resources to target\classes
2025-08-02 17:46:13,229 [Worker-16: Building] INFO  o.a.m.s.f.DefaultMavenResourcesFiltering - skip non existing resourceDirectory C:\Users\DELL\Desktop\Perplexity\backend\greennest\src\test\resources
2025-08-02 17:46:31,340 [Worker-8: Building] INFO  o.a.m.s.f.DefaultMavenResourcesFiltering - Copying 1 resource from src\main\resources to target\classes
2025-08-02 17:46:31,344 [Worker-8: Building] INFO  o.a.m.s.f.DefaultMavenResourcesFiltering - Copying 0 resource from src\main\resources to target\classes
2025-08-02 17:46:31,346 [Worker-8: Building] INFO  o.a.m.s.f.DefaultMavenResourcesFiltering - skip non existing resourceDirectory C:\Users\DELL\Desktop\Perplexity\backend\greennest\src\test\resources
2025-08-02 17:46:52,190 [Worker-12: Building] INFO  o.a.m.s.f.DefaultMavenResourcesFiltering - Copying 1 resource from src\main\resources to target\classes
2025-08-02 17:46:52,198 [Worker-12: Building] INFO  o.a.m.s.f.DefaultMavenResourcesFiltering - Copying 0 resource from src\main\resources to target\classes
2025-08-02 17:46:52,213 [Worker-12: Building] INFO  o.a.m.s.f.DefaultMavenResourcesFiltering - skip non existing resourceDirectory C:\Users\DELL\Desktop\Perplexity\backend\greennest\src\test\resources
2025-08-02 17:46:57,194 [Worker-3: Building] INFO  o.a.m.s.f.DefaultMavenResourcesFiltering - Copying 1 resource from src\main\resources to target\classes
2025-08-02 17:46:57,197 [Worker-3: Building] INFO  o.a.m.s.f.DefaultMavenResourcesFiltering - Copying 0 resource from src\main\resources to target\classes
2025-08-02 17:46:57,199 [Worker-3: Building] INFO  o.a.m.s.f.DefaultMavenResourcesFiltering - skip non existing resourceDirectory C:\Users\DELL\Desktop\Perplexity\backend\greennest\src\test\resources
2025-08-02 17:47:39,560 [Start Help Server] INFO  org.eclipse.jetty.server.Server - jetty-12.0.16; built: 2024-12-09T21:02:54.535Z; git: c3f88bafb4e393f23204dc14dc57b042e84debc7; jvm 21.0.6+7-LTS
2025-08-02 17:47:39,608 [Start Help Server] INFO  o.e.j.server.handler.ContextHandler - Started oeje8n.ContextHandler$CoreContextHandler@3dab4065{/help,/help,b=null,a=AVAILABLE,h=oeje8n.ContextHandler$CoreContextHandler$CoreToNestedHandler@7695be81{STARTED}}
2025-08-02 17:47:39,609 [Start Help Server] INFO  o.e.j.s.DefaultSessionIdManager - Session workerName=node0
2025-08-02 17:47:39,630 [Start Help Server] INFO  o.e.jetty.server.AbstractConnector - Started ServerConnector@5d6dab14{HTTP/1.1, (http/1.1)}{127.0.0.1:63734}
2025-08-02 17:47:39,646 [Start Help Server] INFO  org.eclipse.jetty.server.Server - Started oejs.Server@15a36675{STARTING}[12.0.16,sto=0] @963844ms
2025-08-02 17:49:48,254 [Worker-10: Building] INFO  o.a.m.s.f.DefaultMavenResourcesFiltering - Copying 1 resource from src\main\resources to target\classes
2025-08-02 17:49:48,259 [Worker-10: Building] INFO  o.a.m.s.f.DefaultMavenResourcesFiltering - Copying 0 resource from src\main\resources to target\classes
2025-08-02 17:49:48,263 [Worker-10: Building] INFO  o.a.m.s.f.DefaultMavenResourcesFiltering - skip non existing resourceDirectory C:\Users\DELL\Desktop\Perplexity\backend\greennest\src\test\resources
2025-08-02 17:50:13,505 [Worker-4: Building] INFO  o.e.m.c.i.l.LifecycleMappingFactory - Using org.eclipse.m2e.jdt.JarLifecycleMapping lifecycle mapping for MavenProject: com.greennest:greennest-backend:0.0.1-SNAPSHOT @ C:\Users\DELL\Desktop\Perplexity\backend\greennest\pom.xml.
2025-08-02 17:50:13,714 [Worker-4: Building] WARN  o.e.m.c.i.embedder.EclipseLogger - The artifact mysql:mysql-connector-java:jar:8.0.33 has been relocated to com.mysql:mysql-connector-j:jar:8.0.33: MySQL Connector/J artifacts moved to reverse-DNS compliant Maven 2+ coordinates.
2025-08-02 17:50:14,063 [Worker-4: Building] INFO  o.a.m.s.f.DefaultMavenResourcesFiltering - Copying 0 resource from src\main\resources to target\classes
2025-08-02 17:50:14,064 [Worker-4: Building] INFO  o.a.m.s.f.DefaultMavenResourcesFiltering - Copying 0 resource from src\main\resources to target\classes
2025-08-02 17:50:14,071 [Worker-4: Building] INFO  o.a.m.s.f.DefaultMavenResourcesFiltering - skip non existing resourceDirectory C:\Users\DELL\Desktop\Perplexity\backend\greennest\src\test\resources
2025-08-02 17:50:15,630 [Worker-6: Building] INFO  o.a.m.s.f.DefaultMavenResourcesFiltering - Copying 1 resource from src\main\resources to target\classes
2025-08-02 17:50:15,652 [Worker-6: Building] INFO  o.a.m.s.f.DefaultMavenResourcesFiltering - Copying 0 resource from src\main\resources to target\classes
2025-08-02 17:50:15,657 [Worker-6: Building] INFO  o.a.m.s.f.DefaultMavenResourcesFiltering - skip non existing resourceDirectory C:\Users\DELL\Desktop\Perplexity\backend\greennest\src\test\resources
2025-08-02 17:50:28,026 [Worker-10: Building] INFO  o.a.m.s.f.DefaultMavenResourcesFiltering - Copying 1 resource from src\main\resources to target\classes
2025-08-02 17:50:28,029 [Worker-10: Building] INFO  o.a.m.s.f.DefaultMavenResourcesFiltering - Copying 0 resource from src\main\resources to target\classes
2025-08-02 17:50:28,031 [Worker-10: Building] INFO  o.a.m.s.f.DefaultMavenResourcesFiltering - skip non existing resourceDirectory C:\Users\DELL\Desktop\Perplexity\backend\greennest\src\test\resources
2025-08-02 17:50:52,776 [Worker-16: Building] INFO  o.a.m.s.f.DefaultMavenResourcesFiltering - Copying 1 resource from src\main\resources to target\classes
2025-08-02 17:50:52,780 [Worker-16: Building] INFO  o.a.m.s.f.DefaultMavenResourcesFiltering - Copying 0 resource from src\main\resources to target\classes
2025-08-02 17:50:52,783 [Worker-16: Building] INFO  o.a.m.s.f.DefaultMavenResourcesFiltering - skip non existing resourceDirectory C:\Users\DELL\Desktop\Perplexity\backend\greennest\src\test\resources
2025-08-02 17:52:51,373 [Worker-11: Building] INFO  o.a.m.s.f.DefaultMavenResourcesFiltering - Copying 1 resource from src\main\resources to target\classes
2025-08-02 17:52:51,376 [Worker-11: Building] INFO  o.a.m.s.f.DefaultMavenResourcesFiltering - Copying 0 resource from src\main\resources to target\classes
2025-08-02 17:52:51,379 [Worker-11: Building] INFO  o.a.m.s.f.DefaultMavenResourcesFiltering - skip non existing resourceDirectory C:\Users\DELL\Desktop\Perplexity\backend\greennest\src\test\resources
2025-08-02 17:53:07,197 [Worker-16: Building] INFO  o.a.m.s.f.DefaultMavenResourcesFiltering - Copying 1 resource from src\main\resources to target\classes
2025-08-02 17:53:07,202 [Worker-16: Building] INFO  o.a.m.s.f.DefaultMavenResourcesFiltering - Copying 0 resource from src\main\resources to target\classes
2025-08-02 17:53:07,206 [Worker-16: Building] INFO  o.a.m.s.f.DefaultMavenResourcesFiltering - skip non existing resourceDirectory C:\Users\DELL\Desktop\Perplexity\backend\greennest\src\test\resources
2025-08-02 17:53:12,362 [Worker-0: Building] INFO  o.a.m.s.f.DefaultMavenResourcesFiltering - Copying 1 resource from src\main\resources to target\classes
2025-08-02 17:53:12,364 [Worker-0: Building] INFO  o.a.m.s.f.DefaultMavenResourcesFiltering - Copying 0 resource from src\main\resources to target\classes
2025-08-02 17:53:12,366 [Worker-0: Building] INFO  o.a.m.s.f.DefaultMavenResourcesFiltering - skip non existing resourceDirectory C:\Users\DELL\Desktop\Perplexity\backend\greennest\src\test\resources
2025-08-02 17:53:55,480 [Worker-1: Building] INFO  o.a.m.s.f.DefaultMavenResourcesFiltering - Copying 1 resource from src\main\resources to target\classes
2025-08-02 17:53:55,484 [Worker-1: Building] INFO  o.a.m.s.f.DefaultMavenResourcesFiltering - Copying 0 resource from src\main\resources to target\classes
2025-08-02 17:53:55,486 [Worker-1: Building] INFO  o.a.m.s.f.DefaultMavenResourcesFiltering - skip non existing resourceDirectory C:\Users\DELL\Desktop\Perplexity\backend\greennest\src\test\resources
2025-08-02 17:56:48,771 [Worker-4: Building] INFO  o.a.m.s.f.DefaultMavenResourcesFiltering - Copying 1 resource from src\main\resources to target\classes
2025-08-02 17:56:48,777 [Worker-4: Building] INFO  o.a.m.s.f.DefaultMavenResourcesFiltering - Copying 0 resource from src\main\resources to target\classes
2025-08-02 17:56:48,780 [Worker-4: Building] INFO  o.a.m.s.f.DefaultMavenResourcesFiltering - skip non existing resourceDirectory C:\Users\DELL\Desktop\Perplexity\backend\greennest\src\test\resources
2025-08-02 17:56:53,872 [Worker-11: Building] INFO  o.a.m.s.f.DefaultMavenResourcesFiltering - Copying 1 resource from src\main\resources to target\classes
2025-08-02 17:56:53,876 [Worker-11: Building] INFO  o.a.m.s.f.DefaultMavenResourcesFiltering - Copying 0 resource from src\main\resources to target\classes
2025-08-02 17:56:53,878 [Worker-11: Building] INFO  o.a.m.s.f.DefaultMavenResourcesFiltering - skip non existing resourceDirectory C:\Users\DELL\Desktop\Perplexity\backend\greennest\src\test\resources
2025-08-02 17:57:17,715 [Worker-15: Building] INFO  o.a.m.s.f.DefaultMavenResourcesFiltering - Copying 1 resource from src\main\resources to target\classes
2025-08-02 17:57:17,717 [Worker-15: Building] INFO  o.a.m.s.f.DefaultMavenResourcesFiltering - Copying 0 resource from src\main\resources to target\classes
2025-08-02 17:57:17,719 [Worker-15: Building] INFO  o.a.m.s.f.DefaultMavenResourcesFiltering - skip non existing resourceDirectory C:\Users\DELL\Desktop\Perplexity\backend\greennest\src\test\resources
2025-08-02 18:00:48,988 [Worker-16: Building] INFO  o.a.m.s.f.DefaultMavenResourcesFiltering - Copying 1 resource from src\main\resources to target\classes
2025-08-02 18:00:48,992 [Worker-16: Building] INFO  o.a.m.s.f.DefaultMavenResourcesFiltering - Copying 0 resource from src\main\resources to target\classes
2025-08-02 18:00:48,994 [Worker-16: Building] INFO  o.a.m.s.f.DefaultMavenResourcesFiltering - skip non existing resourceDirectory C:\Users\DELL\Desktop\Perplexity\backend\greennest\src\test\resources
2025-08-02 18:00:57,300 [Worker-6: Building] INFO  o.a.m.s.f.DefaultMavenResourcesFiltering - Copying 1 resource from src\main\resources to target\classes
2025-08-02 18:00:57,305 [Worker-6: Building] INFO  o.a.m.s.f.DefaultMavenResourcesFiltering - Copying 0 resource from src\main\resources to target\classes
2025-08-02 18:00:57,308 [Worker-6: Building] INFO  o.a.m.s.f.DefaultMavenResourcesFiltering - skip non existing resourceDirectory C:\Users\DELL\Desktop\Perplexity\backend\greennest\src\test\resources
2025-08-02 18:01:52,951 [Worker-8: Building] INFO  o.a.m.s.f.DefaultMavenResourcesFiltering - Copying 1 resource from src\main\resources to target\classes
2025-08-02 18:01:52,956 [Worker-8: Building] INFO  o.a.m.s.f.DefaultMavenResourcesFiltering - Copying 0 resource from src\main\resources to target\classes
2025-08-02 18:01:52,959 [Worker-8: Building] INFO  o.a.m.s.f.DefaultMavenResourcesFiltering - skip non existing resourceDirectory C:\Users\DELL\Desktop\Perplexity\backend\greennest\src\test\resources
2025-08-02 18:02:21,135 [Worker-14: Building] INFO  o.a.m.s.f.DefaultMavenResourcesFiltering - Copying 1 resource from src\main\resources to target\classes
2025-08-02 18:02:21,140 [Worker-14: Building] INFO  o.a.m.s.f.DefaultMavenResourcesFiltering - Copying 0 resource from src\main\resources to target\classes
2025-08-02 18:02:21,143 [Worker-14: Building] INFO  o.a.m.s.f.DefaultMavenResourcesFiltering - skip non existing resourceDirectory C:\Users\DELL\Desktop\Perplexity\backend\greennest\src\test\resources
2025-08-02 18:02:35,320 [Worker-3: Building] INFO  o.a.m.s.f.DefaultMavenResourcesFiltering - Copying 1 resource from src\main\resources to target\classes
2025-08-02 18:02:35,322 [Worker-3: Building] INFO  o.a.m.s.f.DefaultMavenResourcesFiltering - Copying 0 resource from src\main\resources to target\classes
2025-08-02 18:02:35,325 [Worker-3: Building] INFO  o.a.m.s.f.DefaultMavenResourcesFiltering - skip non existing resourceDirectory C:\Users\DELL\Desktop\Perplexity\backend\greennest\src\test\resources
2025-08-02 18:03:08,737 [Worker-5: Building] INFO  o.a.m.s.f.DefaultMavenResourcesFiltering - Copying 1 resource from src\main\resources to target\classes
2025-08-02 18:03:08,741 [Worker-5: Building] INFO  o.a.m.s.f.DefaultMavenResourcesFiltering - Copying 0 resource from src\main\resources to target\classes
2025-08-02 18:03:08,743 [Worker-5: Building] INFO  o.a.m.s.f.DefaultMavenResourcesFiltering - skip non existing resourceDirectory C:\Users\DELL\Desktop\Perplexity\backend\greennest\src\test\resources
2025-08-02 18:03:13,665 [Worker-5: Building] INFO  o.a.m.s.f.DefaultMavenResourcesFiltering - Copying 1 resource from src\main\resources to target\classes
2025-08-02 18:03:13,670 [Worker-5: Building] INFO  o.a.m.s.f.DefaultMavenResourcesFiltering - Copying 0 resource from src\main\resources to target\classes
2025-08-02 18:03:13,674 [Worker-5: Building] INFO  o.a.m.s.f.DefaultMavenResourcesFiltering - skip non existing resourceDirectory C:\Users\DELL\Desktop\Perplexity\backend\greennest\src\test\resources
2025-08-02 18:05:06,769 [Worker-12: Building] INFO  o.a.m.s.f.DefaultMavenResourcesFiltering - Copying 1 resource from src\main\resources to target\classes
2025-08-02 18:05:06,773 [Worker-12: Building] INFO  o.a.m.s.f.DefaultMavenResourcesFiltering - Copying 0 resource from src\main\resources to target\classes
2025-08-02 18:05:06,775 [Worker-12: Building] INFO  o.a.m.s.f.DefaultMavenResourcesFiltering - skip non existing resourceDirectory C:\Users\DELL\Desktop\Perplexity\backend\greennest\src\test\resources
2025-08-02 18:05:29,772 [Worker-14: Building] INFO  o.a.m.s.f.DefaultMavenResourcesFiltering - Copying 1 resource from src\main\resources to target\classes
2025-08-02 18:05:29,775 [Worker-14: Building] INFO  o.a.m.s.f.DefaultMavenResourcesFiltering - Copying 0 resource from src\main\resources to target\classes
2025-08-02 18:05:29,778 [Worker-14: Building] INFO  o.a.m.s.f.DefaultMavenResourcesFiltering - skip non existing resourceDirectory C:\Users\DELL\Desktop\Perplexity\backend\greennest\src\test\resources
2025-08-02 18:06:06,286 [Worker-15: Building] INFO  o.e.m.c.i.l.LifecycleMappingFactory - Using org.eclipse.m2e.jdt.JarLifecycleMapping lifecycle mapping for MavenProject: com.greennest:greennest-backend:0.0.1-SNAPSHOT @ C:\Users\DELL\Desktop\Perplexity\backend\greennest\pom.xml.
2025-08-02 18:06:06,589 [Worker-15: Building] WARN  o.e.m.c.i.embedder.EclipseLogger - The artifact mysql:mysql-connector-java:jar:8.0.33 has been relocated to com.mysql:mysql-connector-j:jar:8.0.33: MySQL Connector/J artifacts moved to reverse-DNS compliant Maven 2+ coordinates.
2025-08-02 18:06:06,913 [Worker-15: Building] INFO  o.a.m.s.f.DefaultMavenResourcesFiltering - Copying 0 resource from src\main\resources to target\classes
2025-08-02 18:06:06,914 [Worker-15: Building] INFO  o.a.m.s.f.DefaultMavenResourcesFiltering - Copying 0 resource from src\main\resources to target\classes
2025-08-02 18:06:06,919 [Worker-15: Building] INFO  o.a.m.s.f.DefaultMavenResourcesFiltering - skip non existing resourceDirectory C:\Users\DELL\Desktop\Perplexity\backend\greennest\src\test\resources
2025-08-02 18:06:08,462 [Worker-0: Building] INFO  o.a.m.s.f.DefaultMavenResourcesFiltering - Copying 1 resource from src\main\resources to target\classes
2025-08-02 18:06:08,481 [Worker-0: Building] INFO  o.a.m.s.f.DefaultMavenResourcesFiltering - Copying 0 resource from src\main\resources to target\classes
2025-08-02 18:06:08,485 [Worker-0: Building] INFO  o.a.m.s.f.DefaultMavenResourcesFiltering - skip non existing resourceDirectory C:\Users\DELL\Desktop\Perplexity\backend\greennest\src\test\resources
2025-08-02 18:06:57,462 [Worker-2: Building] INFO  o.a.m.s.f.DefaultMavenResourcesFiltering - Copying 1 resource from src\main\resources to target\classes
2025-08-02 18:06:57,465 [Worker-2: Building] INFO  o.a.m.s.f.DefaultMavenResourcesFiltering - Copying 0 resource from src\main\resources to target\classes
2025-08-02 18:06:57,468 [Worker-2: Building] INFO  o.a.m.s.f.DefaultMavenResourcesFiltering - skip non existing resourceDirectory C:\Users\DELL\Desktop\Perplexity\backend\greennest\src\test\resources
2025-08-02 18:07:02,059 [Worker-11: Building] INFO  o.a.m.s.f.DefaultMavenResourcesFiltering - Copying 1 resource from src\main\resources to target\classes
2025-08-02 18:07:02,062 [Worker-11: Building] INFO  o.a.m.s.f.DefaultMavenResourcesFiltering - Copying 0 resource from src\main\resources to target\classes
2025-08-02 18:07:02,064 [Worker-11: Building] INFO  o.a.m.s.f.DefaultMavenResourcesFiltering - skip non existing resourceDirectory C:\Users\DELL\Desktop\Perplexity\backend\greennest\src\test\resources
2025-08-02 18:07:17,847 [Worker-17: Building] INFO  o.e.m.c.i.l.LifecycleMappingFactory - Using org.eclipse.m2e.jdt.JarLifecycleMapping lifecycle mapping for MavenProject: com.greennest:greennest-backend:0.0.1-SNAPSHOT @ C:\Users\DELL\Desktop\Perplexity\backend\greennest\pom.xml.
2025-08-02 18:07:18,743 [Worker-17: Building] INFO  o.e.m.c.i.e.AbstractTransferListenerAdapter - Downloading https://repo.maven.apache.org/maven2/org/springframework/boot/spring-boot-configuration-processor/3.5.4/spring-boot-configuration-processor-3.5.4.pom
2025-08-02 18:07:18,761 [Worker-17: Building] INFO  o.e.m.c.i.e.AbstractTransferListenerAdapter - Downloaded https://repo.maven.apache.org/maven2/org/springframework/boot/spring-boot-configuration-processor/3.5.4/spring-boot-configuration-processor-3.5.4.pom
2025-08-02 18:07:18,768 [Worker-17: Building] WARN  o.e.m.c.i.embedder.EclipseLogger - The artifact mysql:mysql-connector-java:jar:8.0.33 has been relocated to com.mysql:mysql-connector-j:jar:8.0.33: MySQL Connector/J artifacts moved to reverse-DNS compliant Maven 2+ coordinates.
2025-08-02 18:07:18,952 [Worker-17: Building] INFO  o.e.m.c.i.e.AbstractTransferListenerAdapter - Downloading https://repo.maven.apache.org/maven2/org/springframework/boot/spring-boot-configuration-processor/3.5.4/spring-boot-configuration-processor-3.5.4.jar
2025-08-02 18:07:19,077 [Worker-17: Building] INFO  o.e.m.c.i.e.AbstractTransferListenerAdapter - Downloaded https://repo.maven.apache.org/maven2/org/springframework/boot/spring-boot-configuration-processor/3.5.4/spring-boot-configuration-processor-3.5.4.jar
2025-08-02 18:07:19,313 [Worker-17: Building] INFO  o.a.m.s.f.DefaultMavenResourcesFiltering - Copying 0 resource from src\main\resources to target\classes
2025-08-02 18:07:19,314 [Worker-17: Building] INFO  o.a.m.s.f.DefaultMavenResourcesFiltering - Copying 0 resource from src\main\resources to target\classes
2025-08-02 18:07:19,318 [Worker-17: Building] INFO  o.a.m.s.f.DefaultMavenResourcesFiltering - skip non existing resourceDirectory C:\Users\DELL\Desktop\Perplexity\backend\greennest\src\test\resources
2025-08-02 18:07:19,525 [Worker-2: Updating Maven Project] INFO  o.e.m.c.i.p.ProjectConfigurationManager - Update started
2025-08-02 18:07:19,943 [Worker-2: Updating Maven Project] INFO  o.e.m.c.i.l.LifecycleMappingFactory - Using org.eclipse.m2e.jdt.JarLifecycleMapping lifecycle mapping for MavenProject: com.greennest:greennest-backend:0.0.1-SNAPSHOT @ C:\Users\DELL\Desktop\Perplexity\backend\greennest\pom.xml.
2025-08-02 18:07:20,272 [Worker-2: Updating Maven Project] WARN  o.e.m.c.i.embedder.EclipseLogger - The artifact mysql:mysql-connector-java:jar:8.0.33 has been relocated to com.mysql:mysql-connector-j:jar:8.0.33: MySQL Connector/J artifacts moved to reverse-DNS compliant Maven 2+ coordinates.
2025-08-02 18:07:20,473 [Worker-12: Download sources and javadoc] INFO  o.e.m.c.i.e.AbstractTransferListenerAdapter - Downloading https://repo.maven.apache.org/maven2/org/springframework/boot/spring-boot-configuration-processor/3.5.4/spring-boot-configuration-processor-3.5.4-sources.jar
2025-08-02 18:07:20,542 [Worker-12: Download sources and javadoc] INFO  o.e.m.c.i.e.AbstractTransferListenerAdapter - Downloaded https://repo.maven.apache.org/maven2/org/springframework/boot/spring-boot-configuration-processor/3.5.4/spring-boot-configuration-processor-3.5.4-sources.jar
2025-08-02 18:07:20,546 [Worker-12: Download sources and javadoc] INFO  o.e.m.j.internal.DownloadSourcesJob - Downloaded sources for org.springframework.boot:spring-boot-configuration-processor:3.5.4
2025-08-02 18:07:20,561 [Worker-2: Updating Maven Project] INFO  o.e.m.j.i.AbstractJavaProjectConfigurator - Adding source folder /greennest/src/main/java
2025-08-02 18:07:20,561 [Worker-2: Updating Maven Project] INFO  o.e.m.j.i.AbstractJavaProjectConfigurator - Adding resource folder /greennest/src/main/resources
2025-08-02 18:07:20,562 [Worker-2: Updating Maven Project] INFO  o.e.m.j.i.AbstractJavaProjectConfigurator - Adding resource folder /greennest/src/main/resources
2025-08-02 18:07:20,562 [Worker-2: Updating Maven Project] INFO  o.e.m.j.i.AbstractJavaProjectConfigurator - Adding source folder /greennest/src/test/java
2025-08-02 18:07:20,563 [Worker-2: Updating Maven Project] INFO  o.e.m.j.i.AbstractJavaProjectConfigurator - Adding resource folder /greennest/src/test/resources
2025-08-02 18:07:20,940 [Worker-2: Updating Maven Project] INFO  o.e.m.c.i.p.ProjectConfigurationManager - Update completed for 1 poms: local refresh takes 0.00 sec, refresh facades takes 0.00 sec, update config takes 0.00 sec 
2025-08-02 18:07:22,187 [Worker-21: Building] INFO  o.a.m.s.f.DefaultMavenResourcesFiltering - Copying 1 resource from src\main\resources to target\classes
2025-08-02 18:07:22,200 [Worker-21: Building] INFO  o.a.m.s.f.DefaultMavenResourcesFiltering - Copying 0 resource from src\main\resources to target\classes
2025-08-02 18:07:22,207 [Worker-21: Building] INFO  o.a.m.s.f.DefaultMavenResourcesFiltering - skip non existing resourceDirectory C:\Users\DELL\Desktop\Perplexity\backend\greennest\src\test\resources
2025-08-02 18:07:40,021 [Worker-20: Building] INFO  o.a.m.s.f.DefaultMavenResourcesFiltering - Copying 1 resource from src\main\resources to target\classes
2025-08-02 18:07:40,027 [Worker-20: Building] INFO  o.a.m.s.f.DefaultMavenResourcesFiltering - Copying 0 resource from src\main\resources to target\classes
2025-08-02 18:07:40,030 [Worker-20: Building] INFO  o.a.m.s.f.DefaultMavenResourcesFiltering - skip non existing resourceDirectory C:\Users\DELL\Desktop\Perplexity\backend\greennest\src\test\resources
2025-08-02 18:15:20,254 [Worker-1: Building] INFO  o.a.m.s.f.DefaultMavenResourcesFiltering - Copying 1 resource from src\main\resources to target\classes
2025-08-02 18:15:20,261 [Worker-1: Building] INFO  o.a.m.s.f.DefaultMavenResourcesFiltering - Copying 0 resource from src\main\resources to target\classes
2025-08-02 18:15:20,265 [Worker-1: Building] INFO  o.a.m.s.f.DefaultMavenResourcesFiltering - skip non existing resourceDirectory C:\Users\DELL\Desktop\Perplexity\backend\greennest\src\test\resources
2025-08-02 18:15:24,681 [Worker-4: Building] INFO  o.a.m.s.f.DefaultMavenResourcesFiltering - Copying 1 resource from src\main\resources to target\classes
2025-08-02 18:15:24,687 [Worker-4: Building] INFO  o.a.m.s.f.DefaultMavenResourcesFiltering - Copying 0 resource from src\main\resources to target\classes
2025-08-02 18:15:24,689 [Worker-4: Building] INFO  o.a.m.s.f.DefaultMavenResourcesFiltering - skip non existing resourceDirectory C:\Users\DELL\Desktop\Perplexity\backend\greennest\src\test\resources
2025-08-02 18:15:38,389 [Worker-12: Building] INFO  o.a.m.s.f.DefaultMavenResourcesFiltering - Copying 1 resource from src\main\resources to target\classes
2025-08-02 18:15:38,394 [Worker-12: Building] INFO  o.a.m.s.f.DefaultMavenResourcesFiltering - Copying 0 resource from src\main\resources to target\classes
2025-08-02 18:15:38,396 [Worker-12: Building] INFO  o.a.m.s.f.DefaultMavenResourcesFiltering - skip non existing resourceDirectory C:\Users\DELL\Desktop\Perplexity\backend\greennest\src\test\resources
2025-08-02 18:15:42,450 [Worker-11: Building] INFO  o.a.m.s.f.DefaultMavenResourcesFiltering - Copying 1 resource from src\main\resources to target\classes
2025-08-02 18:15:42,457 [Worker-11: Building] INFO  o.a.m.s.f.DefaultMavenResourcesFiltering - Copying 0 resource from src\main\resources to target\classes
2025-08-02 18:15:42,459 [Worker-11: Building] INFO  o.a.m.s.f.DefaultMavenResourcesFiltering - skip non existing resourceDirectory C:\Users\DELL\Desktop\Perplexity\backend\greennest\src\test\resources
2025-08-02 18:16:01,570 [Worker-4: Building] INFO  o.a.m.s.f.DefaultMavenResourcesFiltering - Copying 1 resource from src\main\resources to target\classes
2025-08-02 18:16:01,576 [Worker-4: Building] INFO  o.a.m.s.f.DefaultMavenResourcesFiltering - Copying 0 resource from src\main\resources to target\classes
2025-08-02 18:16:01,579 [Worker-4: Building] INFO  o.a.m.s.f.DefaultMavenResourcesFiltering - skip non existing resourceDirectory C:\Users\DELL\Desktop\Perplexity\backend\greennest\src\test\resources
2025-08-02 18:16:05,948 [Worker-20: Building] INFO  o.a.m.s.f.DefaultMavenResourcesFiltering - Copying 1 resource from src\main\resources to target\classes
2025-08-02 18:16:05,952 [Worker-20: Building] INFO  o.a.m.s.f.DefaultMavenResourcesFiltering - Copying 0 resource from src\main\resources to target\classes
2025-08-02 18:16:05,954 [Worker-20: Building] INFO  o.a.m.s.f.DefaultMavenResourcesFiltering - skip non existing resourceDirectory C:\Users\DELL\Desktop\Perplexity\backend\greennest\src\test\resources
2025-08-02 18:16:30,046 [Worker-2: Building] INFO  o.a.m.s.f.DefaultMavenResourcesFiltering - Copying 1 resource from src\main\resources to target\classes
2025-08-02 18:16:30,051 [Worker-2: Building] INFO  o.a.m.s.f.DefaultMavenResourcesFiltering - Copying 0 resource from src\main\resources to target\classes
2025-08-02 18:16:30,053 [Worker-2: Building] INFO  o.a.m.s.f.DefaultMavenResourcesFiltering - skip non existing resourceDirectory C:\Users\DELL\Desktop\Perplexity\backend\greennest\src\test\resources
2025-08-02 18:16:33,809 [Worker-2: Building] INFO  o.a.m.s.f.DefaultMavenResourcesFiltering - Copying 1 resource from src\main\resources to target\classes
2025-08-02 18:16:33,813 [Worker-2: Building] INFO  o.a.m.s.f.DefaultMavenResourcesFiltering - Copying 0 resource from src\main\resources to target\classes
2025-08-02 18:16:33,815 [Worker-2: Building] INFO  o.a.m.s.f.DefaultMavenResourcesFiltering - skip non existing resourceDirectory C:\Users\DELL\Desktop\Perplexity\backend\greennest\src\test\resources
2025-08-02 18:16:45,221 [Worker-12: Building] INFO  o.a.m.s.f.DefaultMavenResourcesFiltering - Copying 1 resource from src\main\resources to target\classes
2025-08-02 18:16:45,230 [Worker-12: Building] INFO  o.a.m.s.f.DefaultMavenResourcesFiltering - Copying 0 resource from src\main\resources to target\classes
2025-08-02 18:16:45,233 [Worker-12: Building] INFO  o.a.m.s.f.DefaultMavenResourcesFiltering - skip non existing resourceDirectory C:\Users\DELL\Desktop\Perplexity\backend\greennest\src\test\resources
2025-08-02 18:16:48,874 [Worker-2: Building] INFO  o.a.m.s.f.DefaultMavenResourcesFiltering - Copying 1 resource from src\main\resources to target\classes
2025-08-02 18:16:48,877 [Worker-2: Building] INFO  o.a.m.s.f.DefaultMavenResourcesFiltering - Copying 0 resource from src\main\resources to target\classes
2025-08-02 18:16:48,880 [Worker-2: Building] INFO  o.a.m.s.f.DefaultMavenResourcesFiltering - skip non existing resourceDirectory C:\Users\DELL\Desktop\Perplexity\backend\greennest\src\test\resources
2025-08-02 18:17:00,058 [Worker-2: Building] INFO  o.a.m.s.f.DefaultMavenResourcesFiltering - Copying 1 resource from src\main\resources to target\classes
2025-08-02 18:17:00,063 [Worker-2: Building] INFO  o.a.m.s.f.DefaultMavenResourcesFiltering - Copying 0 resource from src\main\resources to target\classes
2025-08-02 18:17:00,066 [Worker-2: Building] INFO  o.a.m.s.f.DefaultMavenResourcesFiltering - skip non existing resourceDirectory C:\Users\DELL\Desktop\Perplexity\backend\greennest\src\test\resources
2025-08-02 18:17:03,920 [Worker-20: Building] INFO  o.a.m.s.f.DefaultMavenResourcesFiltering - Copying 1 resource from src\main\resources to target\classes
2025-08-02 18:17:03,923 [Worker-20: Building] INFO  o.a.m.s.f.DefaultMavenResourcesFiltering - Copying 0 resource from src\main\resources to target\classes
2025-08-02 18:17:03,925 [Worker-20: Building] INFO  o.a.m.s.f.DefaultMavenResourcesFiltering - skip non existing resourceDirectory C:\Users\DELL\Desktop\Perplexity\backend\greennest\src\test\resources
2025-08-02 18:17:19,882 [Worker-22: Building] INFO  o.a.m.s.f.DefaultMavenResourcesFiltering - Copying 1 resource from src\main\resources to target\classes
2025-08-02 18:17:19,885 [Worker-22: Building] INFO  o.a.m.s.f.DefaultMavenResourcesFiltering - Copying 0 resource from src\main\resources to target\classes
2025-08-02 18:17:19,887 [Worker-22: Building] INFO  o.a.m.s.f.DefaultMavenResourcesFiltering - skip non existing resourceDirectory C:\Users\DELL\Desktop\Perplexity\backend\greennest\src\test\resources
2025-08-02 18:17:25,253 [Worker-22: Building] INFO  o.a.m.s.f.DefaultMavenResourcesFiltering - Copying 1 resource from src\main\resources to target\classes
2025-08-02 18:17:25,255 [Worker-22: Building] INFO  o.a.m.s.f.DefaultMavenResourcesFiltering - Copying 0 resource from src\main\resources to target\classes
2025-08-02 18:17:25,257 [Worker-22: Building] INFO  o.a.m.s.f.DefaultMavenResourcesFiltering - skip non existing resourceDirectory C:\Users\DELL\Desktop\Perplexity\backend\greennest\src\test\resources
2025-08-02 18:17:35,844 [Worker-2: Building] INFO  o.a.m.s.f.DefaultMavenResourcesFiltering - Copying 1 resource from src\main\resources to target\classes
2025-08-02 18:17:35,849 [Worker-2: Building] INFO  o.a.m.s.f.DefaultMavenResourcesFiltering - Copying 0 resource from src\main\resources to target\classes
2025-08-02 18:17:35,851 [Worker-2: Building] INFO  o.a.m.s.f.DefaultMavenResourcesFiltering - skip non existing resourceDirectory C:\Users\DELL\Desktop\Perplexity\backend\greennest\src\test\resources
2025-08-02 18:17:39,248 [Worker-4: Building] INFO  o.a.m.s.f.DefaultMavenResourcesFiltering - Copying 1 resource from src\main\resources to target\classes
2025-08-02 18:17:39,252 [Worker-4: Building] INFO  o.a.m.s.f.DefaultMavenResourcesFiltering - Copying 0 resource from src\main\resources to target\classes
2025-08-02 18:17:39,254 [Worker-4: Building] INFO  o.a.m.s.f.DefaultMavenResourcesFiltering - skip non existing resourceDirectory C:\Users\DELL\Desktop\Perplexity\backend\greennest\src\test\resources
2025-08-02 18:17:52,133 [Worker-24: Building] INFO  o.a.m.s.f.DefaultMavenResourcesFiltering - Copying 1 resource from src\main\resources to target\classes
2025-08-02 18:17:52,138 [Worker-24: Building] INFO  o.a.m.s.f.DefaultMavenResourcesFiltering - Copying 0 resource from src\main\resources to target\classes
2025-08-02 18:17:52,142 [Worker-24: Building] INFO  o.a.m.s.f.DefaultMavenResourcesFiltering - skip non existing resourceDirectory C:\Users\DELL\Desktop\Perplexity\backend\greennest\src\test\resources
2025-08-02 18:17:55,624 [Worker-11: Building] INFO  o.a.m.s.f.DefaultMavenResourcesFiltering - Copying 1 resource from src\main\resources to target\classes
2025-08-02 18:17:55,626 [Worker-11: Building] INFO  o.a.m.s.f.DefaultMavenResourcesFiltering - Copying 0 resource from src\main\resources to target\classes
2025-08-02 18:17:55,627 [Worker-11: Building] INFO  o.a.m.s.f.DefaultMavenResourcesFiltering - skip non existing resourceDirectory C:\Users\DELL\Desktop\Perplexity\backend\greennest\src\test\resources
2025-08-02 18:18:05,650 [Worker-4: Building] INFO  o.a.m.s.f.DefaultMavenResourcesFiltering - Copying 1 resource from src\main\resources to target\classes
2025-08-02 18:18:05,655 [Worker-4: Building] INFO  o.a.m.s.f.DefaultMavenResourcesFiltering - Copying 0 resource from src\main\resources to target\classes
2025-08-02 18:18:05,659 [Worker-4: Building] INFO  o.a.m.s.f.DefaultMavenResourcesFiltering - skip non existing resourceDirectory C:\Users\DELL\Desktop\Perplexity\backend\greennest\src\test\resources
2025-08-02 18:18:09,638 [Worker-24: Building] INFO  o.a.m.s.f.DefaultMavenResourcesFiltering - Copying 1 resource from src\main\resources to target\classes
2025-08-02 18:18:09,640 [Worker-24: Building] INFO  o.a.m.s.f.DefaultMavenResourcesFiltering - Copying 0 resource from src\main\resources to target\classes
2025-08-02 18:18:09,642 [Worker-24: Building] INFO  o.a.m.s.f.DefaultMavenResourcesFiltering - skip non existing resourceDirectory C:\Users\DELL\Desktop\Perplexity\backend\greennest\src\test\resources
2025-08-02 18:18:20,808 [Worker-11: Building] INFO  o.a.m.s.f.DefaultMavenResourcesFiltering - Copying 1 resource from src\main\resources to target\classes
2025-08-02 18:18:20,811 [Worker-11: Building] INFO  o.a.m.s.f.DefaultMavenResourcesFiltering - Copying 0 resource from src\main\resources to target\classes
2025-08-02 18:18:20,813 [Worker-11: Building] INFO  o.a.m.s.f.DefaultMavenResourcesFiltering - skip non existing resourceDirectory C:\Users\DELL\Desktop\Perplexity\backend\greennest\src\test\resources
2025-08-02 18:18:25,284 [Worker-12: Building] INFO  o.a.m.s.f.DefaultMavenResourcesFiltering - Copying 1 resource from src\main\resources to target\classes
2025-08-02 18:18:25,287 [Worker-12: Building] INFO  o.a.m.s.f.DefaultMavenResourcesFiltering - Copying 0 resource from src\main\resources to target\classes
2025-08-02 18:18:25,289 [Worker-12: Building] INFO  o.a.m.s.f.DefaultMavenResourcesFiltering - skip non existing resourceDirectory C:\Users\DELL\Desktop\Perplexity\backend\greennest\src\test\resources
2025-08-02 18:18:37,013 [Worker-12: Building] INFO  o.a.m.s.f.DefaultMavenResourcesFiltering - Copying 1 resource from src\main\resources to target\classes
2025-08-02 18:18:37,016 [Worker-12: Building] INFO  o.a.m.s.f.DefaultMavenResourcesFiltering - Copying 0 resource from src\main\resources to target\classes
2025-08-02 18:18:37,019 [Worker-12: Building] INFO  o.a.m.s.f.DefaultMavenResourcesFiltering - skip non existing resourceDirectory C:\Users\DELL\Desktop\Perplexity\backend\greennest\src\test\resources
2025-08-02 18:18:42,211 [Worker-24: Building] INFO  o.a.m.s.f.DefaultMavenResourcesFiltering - Copying 1 resource from src\main\resources to target\classes
2025-08-02 18:18:42,214 [Worker-24: Building] INFO  o.a.m.s.f.DefaultMavenResourcesFiltering - Copying 0 resource from src\main\resources to target\classes
2025-08-02 18:18:42,215 [Worker-24: Building] INFO  o.a.m.s.f.DefaultMavenResourcesFiltering - skip non existing resourceDirectory C:\Users\DELL\Desktop\Perplexity\backend\greennest\src\test\resources
2025-08-02 18:19:03,957 [Worker-24: Building] INFO  o.a.m.s.f.DefaultMavenResourcesFiltering - Copying 1 resource from src\main\resources to target\classes
2025-08-02 18:19:03,962 [Worker-24: Building] INFO  o.a.m.s.f.DefaultMavenResourcesFiltering - Copying 0 resource from src\main\resources to target\classes
2025-08-02 18:19:03,965 [Worker-24: Building] INFO  o.a.m.s.f.DefaultMavenResourcesFiltering - skip non existing resourceDirectory C:\Users\DELL\Desktop\Perplexity\backend\greennest\src\test\resources
2025-08-02 18:19:08,119 [Worker-24: Building] INFO  o.a.m.s.f.DefaultMavenResourcesFiltering - Copying 1 resource from src\main\resources to target\classes
2025-08-02 18:19:08,122 [Worker-24: Building] INFO  o.a.m.s.f.DefaultMavenResourcesFiltering - Copying 0 resource from src\main\resources to target\classes
2025-08-02 18:19:08,124 [Worker-24: Building] INFO  o.a.m.s.f.DefaultMavenResourcesFiltering - skip non existing resourceDirectory C:\Users\DELL\Desktop\Perplexity\backend\greennest\src\test\resources
2025-08-02 18:19:29,240 [Worker-24: Building] INFO  o.a.m.s.f.DefaultMavenResourcesFiltering - Copying 1 resource from src\main\resources to target\classes
2025-08-02 18:19:29,244 [Worker-24: Building] INFO  o.a.m.s.f.DefaultMavenResourcesFiltering - Copying 0 resource from src\main\resources to target\classes
2025-08-02 18:19:29,246 [Worker-24: Building] INFO  o.a.m.s.f.DefaultMavenResourcesFiltering - skip non existing resourceDirectory C:\Users\DELL\Desktop\Perplexity\backend\greennest\src\test\resources
2025-08-02 18:19:33,250 [Worker-1: Building] INFO  o.a.m.s.f.DefaultMavenResourcesFiltering - Copying 1 resource from src\main\resources to target\classes
2025-08-02 18:19:33,252 [Worker-1: Building] INFO  o.a.m.s.f.DefaultMavenResourcesFiltering - Copying 0 resource from src\main\resources to target\classes
2025-08-02 18:19:33,254 [Worker-1: Building] INFO  o.a.m.s.f.DefaultMavenResourcesFiltering - skip non existing resourceDirectory C:\Users\DELL\Desktop\Perplexity\backend\greennest\src\test\resources
2025-08-02 18:20:07,703 [Worker-24: Building] INFO  o.a.m.s.f.DefaultMavenResourcesFiltering - Copying 1 resource from src\main\resources to target\classes
2025-08-02 18:20:07,709 [Worker-24: Building] INFO  o.a.m.s.f.DefaultMavenResourcesFiltering - Copying 0 resource from src\main\resources to target\classes
2025-08-02 18:20:07,713 [Worker-24: Building] INFO  o.a.m.s.f.DefaultMavenResourcesFiltering - skip non existing resourceDirectory C:\Users\DELL\Desktop\Perplexity\backend\greennest\src\test\resources
2025-08-02 18:20:11,348 [Worker-12: Building] INFO  o.a.m.s.f.DefaultMavenResourcesFiltering - Copying 1 resource from src\main\resources to target\classes
2025-08-02 18:20:11,351 [Worker-12: Building] INFO  o.a.m.s.f.DefaultMavenResourcesFiltering - Copying 0 resource from src\main\resources to target\classes
2025-08-02 18:20:11,353 [Worker-12: Building] INFO  o.a.m.s.f.DefaultMavenResourcesFiltering - skip non existing resourceDirectory C:\Users\DELL\Desktop\Perplexity\backend\greennest\src\test\resources
2025-08-02 18:20:24,241 [Worker-22: Building] INFO  o.a.m.s.f.DefaultMavenResourcesFiltering - Copying 1 resource from src\main\resources to target\classes
2025-08-02 18:20:24,245 [Worker-22: Building] INFO  o.a.m.s.f.DefaultMavenResourcesFiltering - Copying 0 resource from src\main\resources to target\classes
2025-08-02 18:20:24,248 [Worker-22: Building] INFO  o.a.m.s.f.DefaultMavenResourcesFiltering - skip non existing resourceDirectory C:\Users\DELL\Desktop\Perplexity\backend\greennest\src\test\resources
2025-08-02 18:20:27,810 [Worker-4: Building] INFO  o.a.m.s.f.DefaultMavenResourcesFiltering - Copying 1 resource from src\main\resources to target\classes
2025-08-02 18:20:27,813 [Worker-4: Building] INFO  o.a.m.s.f.DefaultMavenResourcesFiltering - Copying 0 resource from src\main\resources to target\classes
2025-08-02 18:20:27,815 [Worker-4: Building] INFO  o.a.m.s.f.DefaultMavenResourcesFiltering - skip non existing resourceDirectory C:\Users\DELL\Desktop\Perplexity\backend\greennest\src\test\resources
2025-08-02 18:20:45,607 [Worker-4: Building] INFO  o.a.m.s.f.DefaultMavenResourcesFiltering - Copying 1 resource from src\main\resources to target\classes
2025-08-02 18:20:45,612 [Worker-4: Building] INFO  o.a.m.s.f.DefaultMavenResourcesFiltering - Copying 0 resource from src\main\resources to target\classes
2025-08-02 18:20:45,615 [Worker-4: Building] INFO  o.a.m.s.f.DefaultMavenResourcesFiltering - skip non existing resourceDirectory C:\Users\DELL\Desktop\Perplexity\backend\greennest\src\test\resources
2025-08-02 18:20:52,814 [Worker-20: Building] INFO  o.a.m.s.f.DefaultMavenResourcesFiltering - Copying 1 resource from src\main\resources to target\classes
2025-08-02 18:20:52,819 [Worker-20: Building] INFO  o.a.m.s.f.DefaultMavenResourcesFiltering - Copying 0 resource from src\main\resources to target\classes
2025-08-02 18:20:52,823 [Worker-20: Building] INFO  o.a.m.s.f.DefaultMavenResourcesFiltering - skip non existing resourceDirectory C:\Users\DELL\Desktop\Perplexity\backend\greennest\src\test\resources
2025-08-02 18:21:12,696 [Worker-1: Building] INFO  o.a.m.s.f.DefaultMavenResourcesFiltering - Copying 1 resource from src\main\resources to target\classes
2025-08-02 18:21:12,701 [Worker-1: Building] INFO  o.a.m.s.f.DefaultMavenResourcesFiltering - Copying 0 resource from src\main\resources to target\classes
2025-08-02 18:21:12,703 [Worker-1: Building] INFO  o.a.m.s.f.DefaultMavenResourcesFiltering - skip non existing resourceDirectory C:\Users\DELL\Desktop\Perplexity\backend\greennest\src\test\resources
2025-08-02 18:21:16,917 [Worker-22: Building] INFO  o.a.m.s.f.DefaultMavenResourcesFiltering - Copying 1 resource from src\main\resources to target\classes
2025-08-02 18:21:16,919 [Worker-22: Building] INFO  o.a.m.s.f.DefaultMavenResourcesFiltering - Copying 0 resource from src\main\resources to target\classes
2025-08-02 18:21:16,921 [Worker-22: Building] INFO  o.a.m.s.f.DefaultMavenResourcesFiltering - skip non existing resourceDirectory C:\Users\DELL\Desktop\Perplexity\backend\greennest\src\test\resources
2025-08-02 18:21:29,866 [Worker-22: Building] INFO  o.a.m.s.f.DefaultMavenResourcesFiltering - Copying 1 resource from src\main\resources to target\classes
2025-08-02 18:21:29,870 [Worker-22: Building] INFO  o.a.m.s.f.DefaultMavenResourcesFiltering - Copying 0 resource from src\main\resources to target\classes
2025-08-02 18:21:29,873 [Worker-22: Building] INFO  o.a.m.s.f.DefaultMavenResourcesFiltering - skip non existing resourceDirectory C:\Users\DELL\Desktop\Perplexity\backend\greennest\src\test\resources
2025-08-02 18:21:33,421 [Worker-22: Building] INFO  o.a.m.s.f.DefaultMavenResourcesFiltering - Copying 1 resource from src\main\resources to target\classes
2025-08-02 18:21:33,424 [Worker-22: Building] INFO  o.a.m.s.f.DefaultMavenResourcesFiltering - Copying 0 resource from src\main\resources to target\classes
2025-08-02 18:21:33,425 [Worker-22: Building] INFO  o.a.m.s.f.DefaultMavenResourcesFiltering - skip non existing resourceDirectory C:\Users\DELL\Desktop\Perplexity\backend\greennest\src\test\resources
2025-08-02 18:25:27,962 [Worker-12: Building] INFO  o.a.m.s.f.DefaultMavenResourcesFiltering - Copying 1 resource from src\main\resources to target\classes
2025-08-02 18:25:27,966 [Worker-12: Building] INFO  o.a.m.s.f.DefaultMavenResourcesFiltering - Copying 0 resource from src\main\resources to target\classes
2025-08-02 18:25:27,968 [Worker-12: Building] INFO  o.a.m.s.f.DefaultMavenResourcesFiltering - skip non existing resourceDirectory C:\Users\DELL\Desktop\Perplexity\backend\greennest\src\test\resources
2025-08-02 18:26:23,662 [Worker-25: Building] INFO  o.a.m.s.f.DefaultMavenResourcesFiltering - Copying 1 resource from src\main\resources to target\classes
2025-08-02 18:26:23,668 [Worker-25: Building] INFO  o.a.m.s.f.DefaultMavenResourcesFiltering - Copying 0 resource from src\main\resources to target\classes
2025-08-02 18:26:23,671 [Worker-25: Building] INFO  o.a.m.s.f.DefaultMavenResourcesFiltering - skip non existing resourceDirectory C:\Users\DELL\Desktop\Perplexity\backend\greennest\src\test\resources
2025-08-02 18:26:31,681 [Worker-27: Building] INFO  o.a.m.s.f.DefaultMavenResourcesFiltering - Copying 1 resource from src\main\resources to target\classes
2025-08-02 18:26:31,685 [Worker-27: Building] INFO  o.a.m.s.f.DefaultMavenResourcesFiltering - Copying 0 resource from src\main\resources to target\classes
2025-08-02 18:26:31,688 [Worker-27: Building] INFO  o.a.m.s.f.DefaultMavenResourcesFiltering - skip non existing resourceDirectory C:\Users\DELL\Desktop\Perplexity\backend\greennest\src\test\resources
2025-08-02 18:27:13,568 [Worker-1: Launching greennest (4)] INFO  o.eclipse.m2e.core.internal.Bundles - getClasspathEntries(Bundle=org.eclipse.m2e.maven.runtime_3.9.900.20250220-2013 [361])
2025-08-02 18:27:13,569 [Worker-1: Launching greennest (4)] INFO  o.eclipse.m2e.core.internal.Bundles - 	Entry: C:\Users\DELL\Downloads\spring-tool-suite-4-4.29.1.RELEASE-e4.35.0-win32.win32.x86_64\sts-4.29.1.RELEASE\plugins\org.eclipse.m2e.maven.runtime_3.9.900.20250220-2013
2025-08-02 18:27:13,569 [Worker-1: Launching greennest (4)] INFO  o.eclipse.m2e.core.internal.Bundles - 	Entry: C:\Users\DELL\Downloads\spring-tool-suite-4-4.29.1.RELEASE-e4.35.0-win32.win32.x86_64\sts-4.29.1.RELEASE\plugins\org.eclipse.m2e.maven.runtime_3.9.900.20250220-2013\jars\aopalliance-1.0.jar
2025-08-02 18:27:13,569 [Worker-1: Launching greennest (4)] INFO  o.eclipse.m2e.core.internal.Bundles - 	Entry: C:\Users\DELL\Downloads\spring-tool-suite-4-4.29.1.RELEASE-e4.35.0-win32.win32.x86_64\sts-4.29.1.RELEASE\plugins\org.eclipse.m2e.maven.runtime_3.9.900.20250220-2013\jars\guice-5.1.0.jar
2025-08-02 18:27:13,569 [Worker-1: Launching greennest (4)] INFO  o.eclipse.m2e.core.internal.Bundles - 	Entry: C:\Users\DELL\Downloads\spring-tool-suite-4-4.29.1.RELEASE-e4.35.0-win32.win32.x86_64\sts-4.29.1.RELEASE\plugins\org.eclipse.m2e.maven.runtime_3.9.900.20250220-2013\jars\httpclient-4.5.14.jar
2025-08-02 18:27:13,569 [Worker-1: Launching greennest (4)] INFO  o.eclipse.m2e.core.internal.Bundles - 	Entry: C:\Users\DELL\Downloads\spring-tool-suite-4-4.29.1.RELEASE-e4.35.0-win32.win32.x86_64\sts-4.29.1.RELEASE\plugins\org.eclipse.m2e.maven.runtime_3.9.900.20250220-2013\jars\httpcore-4.4.16.jar
2025-08-02 18:27:13,569 [Worker-1: Launching greennest (4)] INFO  o.eclipse.m2e.core.internal.Bundles - 	Entry: C:\Users\DELL\Downloads\spring-tool-suite-4-4.29.1.RELEASE-e4.35.0-win32.win32.x86_64\sts-4.29.1.RELEASE\plugins\org.eclipse.m2e.maven.runtime_3.9.900.20250220-2013\jars\jansi-2.4.1.jar
2025-08-02 18:27:13,571 [Worker-1: Launching greennest (4)] INFO  o.eclipse.m2e.core.internal.Bundles - 	Entry: C:\Users\DELL\Downloads\spring-tool-suite-4-4.29.1.RELEASE-e4.35.0-win32.win32.x86_64\sts-4.29.1.RELEASE\plugins\org.eclipse.m2e.maven.runtime_3.9.900.20250220-2013\jars\jcl-over-slf4j-1.7.36.jar
2025-08-02 18:27:13,571 [Worker-1: Launching greennest (4)] INFO  o.eclipse.m2e.core.internal.Bundles - 	Entry: C:\Users\DELL\Downloads\spring-tool-suite-4-4.29.1.RELEASE-e4.35.0-win32.win32.x86_64\sts-4.29.1.RELEASE\plugins\org.eclipse.m2e.maven.runtime_3.9.900.20250220-2013\jars\maven-artifact-3.9.9.jar
2025-08-02 18:27:13,571 [Worker-1: Launching greennest (4)] INFO  o.eclipse.m2e.core.internal.Bundles - 	Entry: C:\Users\DELL\Downloads\spring-tool-suite-4-4.29.1.RELEASE-e4.35.0-win32.win32.x86_64\sts-4.29.1.RELEASE\plugins\org.eclipse.m2e.maven.runtime_3.9.900.20250220-2013\jars\maven-builder-support-3.9.9.jar
2025-08-02 18:27:13,571 [Worker-1: Launching greennest (4)] INFO  o.eclipse.m2e.core.internal.Bundles - 	Entry: C:\Users\DELL\Downloads\spring-tool-suite-4-4.29.1.RELEASE-e4.35.0-win32.win32.x86_64\sts-4.29.1.RELEASE\plugins\org.eclipse.m2e.maven.runtime_3.9.900.20250220-2013\jars\maven-compat-3.9.9.jar
2025-08-02 18:27:13,571 [Worker-1: Launching greennest (4)] INFO  o.eclipse.m2e.core.internal.Bundles - 	Entry: C:\Users\DELL\Downloads\spring-tool-suite-4-4.29.1.RELEASE-e4.35.0-win32.win32.x86_64\sts-4.29.1.RELEASE\plugins\org.eclipse.m2e.maven.runtime_3.9.900.20250220-2013\jars\maven-core-3.9.9.jar
2025-08-02 18:27:13,571 [Worker-1: Launching greennest (4)] INFO  o.eclipse.m2e.core.internal.Bundles - 	Entry: C:\Users\DELL\Downloads\spring-tool-suite-4-4.29.1.RELEASE-e4.35.0-win32.win32.x86_64\sts-4.29.1.RELEASE\plugins\org.eclipse.m2e.maven.runtime_3.9.900.20250220-2013\jars\maven-embedder-3.9.9.jar
2025-08-02 18:27:13,571 [Worker-1: Launching greennest (4)] INFO  o.eclipse.m2e.core.internal.Bundles - 	Entry: C:\Users\DELL\Downloads\spring-tool-suite-4-4.29.1.RELEASE-e4.35.0-win32.win32.x86_64\sts-4.29.1.RELEASE\plugins\org.eclipse.m2e.maven.runtime_3.9.900.20250220-2013\jars\maven-model-3.9.9.jar
2025-08-02 18:27:13,571 [Worker-1: Launching greennest (4)] INFO  o.eclipse.m2e.core.internal.Bundles - 	Entry: C:\Users\DELL\Downloads\spring-tool-suite-4-4.29.1.RELEASE-e4.35.0-win32.win32.x86_64\sts-4.29.1.RELEASE\plugins\org.eclipse.m2e.maven.runtime_3.9.900.20250220-2013\jars\maven-model-builder-3.9.9.jar
2025-08-02 18:27:13,571 [Worker-1: Launching greennest (4)] INFO  o.eclipse.m2e.core.internal.Bundles - 	Entry: C:\Users\DELL\Downloads\spring-tool-suite-4-4.29.1.RELEASE-e4.35.0-win32.win32.x86_64\sts-4.29.1.RELEASE\plugins\org.eclipse.m2e.maven.runtime_3.9.900.20250220-2013\jars\maven-plugin-api-3.9.9.jar
2025-08-02 18:27:13,571 [Worker-1: Launching greennest (4)] INFO  o.eclipse.m2e.core.internal.Bundles - 	Entry: C:\Users\DELL\Downloads\spring-tool-suite-4-4.29.1.RELEASE-e4.35.0-win32.win32.x86_64\sts-4.29.1.RELEASE\plugins\org.eclipse.m2e.maven.runtime_3.9.900.20250220-2013\jars\maven-repository-metadata-3.9.9.jar
2025-08-02 18:27:13,571 [Worker-1: Launching greennest (4)] INFO  o.eclipse.m2e.core.internal.Bundles - 	Entry: C:\Users\DELL\Downloads\spring-tool-suite-4-4.29.1.RELEASE-e4.35.0-win32.win32.x86_64\sts-4.29.1.RELEASE\plugins\org.eclipse.m2e.maven.runtime_3.9.900.20250220-2013\jars\maven-resolver-api-1.9.22.jar
2025-08-02 18:27:13,572 [Worker-1: Launching greennest (4)] INFO  o.eclipse.m2e.core.internal.Bundles - 	Entry: C:\Users\DELL\Downloads\spring-tool-suite-4-4.29.1.RELEASE-e4.35.0-win32.win32.x86_64\sts-4.29.1.RELEASE\plugins\org.eclipse.m2e.maven.runtime_3.9.900.20250220-2013\jars\maven-resolver-connector-basic-1.9.22.jar
2025-08-02 18:27:13,572 [Worker-1: Launching greennest (4)] INFO  o.eclipse.m2e.core.internal.Bundles - 	Entry: C:\Users\DELL\Downloads\spring-tool-suite-4-4.29.1.RELEASE-e4.35.0-win32.win32.x86_64\sts-4.29.1.RELEASE\plugins\org.eclipse.m2e.maven.runtime_3.9.900.20250220-2013\jars\maven-resolver-impl-1.9.22.jar
2025-08-02 18:27:13,572 [Worker-1: Launching greennest (4)] INFO  o.eclipse.m2e.core.internal.Bundles - 	Entry: C:\Users\DELL\Downloads\spring-tool-suite-4-4.29.1.RELEASE-e4.35.0-win32.win32.x86_64\sts-4.29.1.RELEASE\plugins\org.eclipse.m2e.maven.runtime_3.9.900.20250220-2013\jars\maven-resolver-named-locks-1.9.22.jar
2025-08-02 18:27:13,572 [Worker-1: Launching greennest (4)] INFO  o.eclipse.m2e.core.internal.Bundles - 	Entry: C:\Users\DELL\Downloads\spring-tool-suite-4-4.29.1.RELEASE-e4.35.0-win32.win32.x86_64\sts-4.29.1.RELEASE\plugins\org.eclipse.m2e.maven.runtime_3.9.900.20250220-2013\jars\maven-resolver-provider-3.9.9.jar
2025-08-02 18:27:13,572 [Worker-1: Launching greennest (4)] INFO  o.eclipse.m2e.core.internal.Bundles - 	Entry: C:\Users\DELL\Downloads\spring-tool-suite-4-4.29.1.RELEASE-e4.35.0-win32.win32.x86_64\sts-4.29.1.RELEASE\plugins\org.eclipse.m2e.maven.runtime_3.9.900.20250220-2013\jars\maven-resolver-spi-1.9.22.jar
2025-08-02 18:27:13,572 [Worker-1: Launching greennest (4)] INFO  o.eclipse.m2e.core.internal.Bundles - 	Entry: C:\Users\DELL\Downloads\spring-tool-suite-4-4.29.1.RELEASE-e4.35.0-win32.win32.x86_64\sts-4.29.1.RELEASE\plugins\org.eclipse.m2e.maven.runtime_3.9.900.20250220-2013\jars\maven-resolver-transport-file-1.9.22.jar
2025-08-02 18:27:13,572 [Worker-1: Launching greennest (4)] INFO  o.eclipse.m2e.core.internal.Bundles - 	Entry: C:\Users\DELL\Downloads\spring-tool-suite-4-4.29.1.RELEASE-e4.35.0-win32.win32.x86_64\sts-4.29.1.RELEASE\plugins\org.eclipse.m2e.maven.runtime_3.9.900.20250220-2013\jars\maven-resolver-transport-http-1.9.22.jar
2025-08-02 18:27:13,572 [Worker-1: Launching greennest (4)] INFO  o.eclipse.m2e.core.internal.Bundles - 	Entry: C:\Users\DELL\Downloads\spring-tool-suite-4-4.29.1.RELEASE-e4.35.0-win32.win32.x86_64\sts-4.29.1.RELEASE\plugins\org.eclipse.m2e.maven.runtime_3.9.900.20250220-2013\jars\maven-resolver-transport-wagon-1.9.22.jar
2025-08-02 18:27:13,573 [Worker-1: Launching greennest (4)] INFO  o.eclipse.m2e.core.internal.Bundles - 	Entry: C:\Users\DELL\Downloads\spring-tool-suite-4-4.29.1.RELEASE-e4.35.0-win32.win32.x86_64\sts-4.29.1.RELEASE\plugins\org.eclipse.m2e.maven.runtime_3.9.900.20250220-2013\jars\maven-resolver-util-1.9.22.jar
2025-08-02 18:27:13,573 [Worker-1: Launching greennest (4)] INFO  o.eclipse.m2e.core.internal.Bundles - 	Entry: C:\Users\DELL\Downloads\spring-tool-suite-4-4.29.1.RELEASE-e4.35.0-win32.win32.x86_64\sts-4.29.1.RELEASE\plugins\org.eclipse.m2e.maven.runtime_3.9.900.20250220-2013\jars\maven-settings-3.9.9.jar
2025-08-02 18:27:13,573 [Worker-1: Launching greennest (4)] INFO  o.eclipse.m2e.core.internal.Bundles - 	Entry: C:\Users\DELL\Downloads\spring-tool-suite-4-4.29.1.RELEASE-e4.35.0-win32.win32.x86_64\sts-4.29.1.RELEASE\plugins\org.eclipse.m2e.maven.runtime_3.9.900.20250220-2013\jars\maven-settings-builder-3.9.9.jar
2025-08-02 18:27:13,573 [Worker-1: Launching greennest (4)] INFO  o.eclipse.m2e.core.internal.Bundles - 	Entry: C:\Users\DELL\Downloads\spring-tool-suite-4-4.29.1.RELEASE-e4.35.0-win32.win32.x86_64\sts-4.29.1.RELEASE\plugins\org.eclipse.m2e.maven.runtime_3.9.900.20250220-2013\jars\maven-shared-utils-3.4.2.jar
2025-08-02 18:27:13,573 [Worker-1: Launching greennest (4)] INFO  o.eclipse.m2e.core.internal.Bundles - 	Entry: C:\Users\DELL\Downloads\spring-tool-suite-4-4.29.1.RELEASE-e4.35.0-win32.win32.x86_64\sts-4.29.1.RELEASE\plugins\org.eclipse.m2e.maven.runtime_3.9.900.20250220-2013\jars\org.eclipse.sisu.inject-0.9.0.M3.jar
2025-08-02 18:27:13,573 [Worker-1: Launching greennest (4)] INFO  o.eclipse.m2e.core.internal.Bundles - 	Entry: C:\Users\DELL\Downloads\spring-tool-suite-4-4.29.1.RELEASE-e4.35.0-win32.win32.x86_64\sts-4.29.1.RELEASE\plugins\org.eclipse.m2e.maven.runtime_3.9.900.20250220-2013\jars\org.eclipse.sisu.plexus-0.9.0.M3.jar
2025-08-02 18:27:13,573 [Worker-1: Launching greennest (4)] INFO  o.eclipse.m2e.core.internal.Bundles - 	Entry: C:\Users\DELL\Downloads\spring-tool-suite-4-4.29.1.RELEASE-e4.35.0-win32.win32.x86_64\sts-4.29.1.RELEASE\plugins\org.eclipse.m2e.maven.runtime_3.9.900.20250220-2013\jars\plexus-build-api-0.0.7.jar
2025-08-02 18:27:13,573 [Worker-1: Launching greennest (4)] INFO  o.eclipse.m2e.core.internal.Bundles - 	Entry: C:\Users\DELL\Downloads\spring-tool-suite-4-4.29.1.RELEASE-e4.35.0-win32.win32.x86_64\sts-4.29.1.RELEASE\plugins\org.eclipse.m2e.maven.runtime_3.9.900.20250220-2013\jars\plexus-build-api-1.2.0.jar
2025-08-02 18:27:13,573 [Worker-1: Launching greennest (4)] INFO  o.eclipse.m2e.core.internal.Bundles - 	Entry: C:\Users\DELL\Downloads\spring-tool-suite-4-4.29.1.RELEASE-e4.35.0-win32.win32.x86_64\sts-4.29.1.RELEASE\plugins\org.eclipse.m2e.maven.runtime_3.9.900.20250220-2013\jars\plexus-cipher-2.0.jar
2025-08-02 18:27:13,573 [Worker-1: Launching greennest (4)] INFO  o.eclipse.m2e.core.internal.Bundles - 	Entry: C:\Users\DELL\Downloads\spring-tool-suite-4-4.29.1.RELEASE-e4.35.0-win32.win32.x86_64\sts-4.29.1.RELEASE\plugins\org.eclipse.m2e.maven.runtime_3.9.900.20250220-2013\jars\plexus-classworlds-2.8.0.jar
2025-08-02 18:27:13,575 [Worker-1: Launching greennest (4)] INFO  o.eclipse.m2e.core.internal.Bundles - 	Entry: C:\Users\DELL\Downloads\spring-tool-suite-4-4.29.1.RELEASE-e4.35.0-win32.win32.x86_64\sts-4.29.1.RELEASE\plugins\org.eclipse.m2e.maven.runtime_3.9.900.20250220-2013\jars\plexus-component-annotations-2.1.0.jar
2025-08-02 18:27:13,575 [Worker-1: Launching greennest (4)] INFO  o.eclipse.m2e.core.internal.Bundles - 	Entry: C:\Users\DELL\Downloads\spring-tool-suite-4-4.29.1.RELEASE-e4.35.0-win32.win32.x86_64\sts-4.29.1.RELEASE\plugins\org.eclipse.m2e.maven.runtime_3.9.900.20250220-2013\jars\plexus-interpolation-1.27.jar
2025-08-02 18:27:13,575 [Worker-1: Launching greennest (4)] INFO  o.eclipse.m2e.core.internal.Bundles - 	Entry: C:\Users\DELL\Downloads\spring-tool-suite-4-4.29.1.RELEASE-e4.35.0-win32.win32.x86_64\sts-4.29.1.RELEASE\plugins\org.eclipse.m2e.maven.runtime_3.9.900.20250220-2013\jars\plexus-sec-dispatcher-2.0.jar
2025-08-02 18:27:13,575 [Worker-1: Launching greennest (4)] INFO  o.eclipse.m2e.core.internal.Bundles - 	Entry: C:\Users\DELL\Downloads\spring-tool-suite-4-4.29.1.RELEASE-e4.35.0-win32.win32.x86_64\sts-4.29.1.RELEASE\plugins\org.eclipse.m2e.maven.runtime_3.9.900.20250220-2013\jars\plexus-utils-3.5.1.jar
2025-08-02 18:27:13,575 [Worker-1: Launching greennest (4)] INFO  o.eclipse.m2e.core.internal.Bundles - 	Entry: C:\Users\DELL\Downloads\spring-tool-suite-4-4.29.1.RELEASE-e4.35.0-win32.win32.x86_64\sts-4.29.1.RELEASE\plugins\org.eclipse.m2e.maven.runtime_3.9.900.20250220-2013\jars\plexus-xml-3.0.1.jar
2025-08-02 18:27:13,575 [Worker-1: Launching greennest (4)] INFO  o.eclipse.m2e.core.internal.Bundles - 	Entry: C:\Users\DELL\Downloads\spring-tool-suite-4-4.29.1.RELEASE-e4.35.0-win32.win32.x86_64\sts-4.29.1.RELEASE\plugins\org.eclipse.m2e.maven.runtime_3.9.900.20250220-2013\jars\wagon-file-3.5.3.jar
2025-08-02 18:27:13,576 [Worker-1: Launching greennest (4)] INFO  o.eclipse.m2e.core.internal.Bundles - 	Entry: C:\Users\DELL\Downloads\spring-tool-suite-4-4.29.1.RELEASE-e4.35.0-win32.win32.x86_64\sts-4.29.1.RELEASE\plugins\org.eclipse.m2e.maven.runtime_3.9.900.20250220-2013\jars\wagon-http-3.5.3.jar
2025-08-02 18:27:13,576 [Worker-1: Launching greennest (4)] INFO  o.eclipse.m2e.core.internal.Bundles - 	Entry: C:\Users\DELL\Downloads\spring-tool-suite-4-4.29.1.RELEASE-e4.35.0-win32.win32.x86_64\sts-4.29.1.RELEASE\plugins\org.eclipse.m2e.maven.runtime_3.9.900.20250220-2013\jars\wagon-http-shared-3.5.3.jar
2025-08-02 18:27:13,576 [Worker-1: Launching greennest (4)] INFO  o.eclipse.m2e.core.internal.Bundles - 	Entry: C:\Users\DELL\Downloads\spring-tool-suite-4-4.29.1.RELEASE-e4.35.0-win32.win32.x86_64\sts-4.29.1.RELEASE\plugins\org.eclipse.m2e.maven.runtime_3.9.900.20250220-2013\jars\wagon-provider-api-3.5.3.jar
2025-08-02 18:27:13,576 [Worker-1: Launching greennest (4)] INFO  o.eclipse.m2e.core.internal.Bundles - getClasspathEntries(Bundle=com.google.guava_33.4.0.jre [29])
2025-08-02 18:27:13,577 [Worker-1: Launching greennest (4)] INFO  o.eclipse.m2e.core.internal.Bundles - 	Entry: C:\Users\DELL\Downloads\spring-tool-suite-4-4.29.1.RELEASE-e4.35.0-win32.win32.x86_64\sts-4.29.1.RELEASE\plugins\com.google.guava_33.4.0.jre.jar
2025-08-02 18:27:13,577 [Worker-1: Launching greennest (4)] INFO  o.eclipse.m2e.core.internal.Bundles - getClasspathEntries(Bundle=slf4j.api_2.0.17 [608])
2025-08-02 18:27:13,578 [Worker-1: Launching greennest (4)] INFO  o.eclipse.m2e.core.internal.Bundles - 	Entry: C:\Users\DELL\Downloads\spring-tool-suite-4-4.29.1.RELEASE-e4.35.0-win32.win32.x86_64\sts-4.29.1.RELEASE\plugins\slf4j.api_2.0.17.jar
2025-08-02 18:27:13,578 [Worker-1: Launching greennest (4)] INFO  o.eclipse.m2e.core.internal.Bundles - getClasspathEntries(Bundle=jakarta.inject.jakarta.inject-api_1.0.5 [45])
2025-08-02 18:27:13,578 [Worker-1: Launching greennest (4)] INFO  o.eclipse.m2e.core.internal.Bundles - 	Entry: C:\Users\DELL\Downloads\spring-tool-suite-4-4.29.1.RELEASE-e4.35.0-win32.win32.x86_64\sts-4.29.1.RELEASE\plugins\jakarta.inject.jakarta.inject-api_1.0.5.jar
2025-08-02 18:27:13,578 [Worker-1: Launching greennest (4)] INFO  o.eclipse.m2e.core.internal.Bundles - getClasspathEntries(Bundle=jakarta.annotation-api_1.3.5 [41])
2025-08-02 18:27:13,578 [Worker-1: Launching greennest (4)] INFO  o.eclipse.m2e.core.internal.Bundles - 	Entry: C:\Users\DELL\Downloads\spring-tool-suite-4-4.29.1.RELEASE-e4.35.0-win32.win32.x86_64\sts-4.29.1.RELEASE\plugins\jakarta.annotation-api_1.3.5.jar
2025-08-02 18:27:13,578 [Worker-1: Launching greennest (4)] INFO  o.eclipse.m2e.core.internal.Bundles - getClasspathEntries(Bundle=org.apache.commons.cli_1.9.0 [77])
2025-08-02 18:27:13,579 [Worker-1: Launching greennest (4)] INFO  o.eclipse.m2e.core.internal.Bundles - 	Entry: C:\Users\DELL\Downloads\spring-tool-suite-4-4.29.1.RELEASE-e4.35.0-win32.win32.x86_64\sts-4.29.1.RELEASE\plugins\org.apache.commons.cli_1.9.0.jar
2025-08-02 18:27:13,579 [Worker-1: Launching greennest (4)] INFO  o.eclipse.m2e.core.internal.Bundles - getClasspathEntries(Bundle=org.apache.commons.commons-codec_1.16.0 [79])
2025-08-02 18:27:13,579 [Worker-1: Launching greennest (4)] INFO  o.eclipse.m2e.core.internal.Bundles - 	Entry: C:\Users\DELL\Downloads\spring-tool-suite-4-4.29.1.RELEASE-e4.35.0-win32.win32.x86_64\sts-4.29.1.RELEASE\plugins\org.apache.commons.commons-codec_1.16.0.jar
2025-08-02 18:27:13,580 [Worker-1: Launching greennest (4)] INFO  o.eclipse.m2e.core.internal.Bundles - getClasspathEntries(Bundle=com.google.guava.failureaccess_1.0.2 [30])
2025-08-02 18:27:13,580 [Worker-1: Launching greennest (4)] INFO  o.eclipse.m2e.core.internal.Bundles - 	Entry: C:\Users\DELL\Downloads\spring-tool-suite-4-4.29.1.RELEASE-e4.35.0-win32.win32.x86_64\sts-4.29.1.RELEASE\plugins\com.google.guava.failureaccess_1.0.2.jar
2025-08-02 18:27:13,581 [Worker-1: Launching greennest (4)] INFO  o.e.m.i.launch.MavenLaunchDelegate - Run build in "C:\Users\DELL\Desktop\Perplexity\backend\greennest":
2025-08-02 18:27:13,582 [Worker-1: Launching greennest (4)] INFO  o.e.m.i.launch.MavenLaunchDelegate -  mvn  -Ppom.xml -B -Dstyle.color=always clean compile
2025-08-02 18:27:13,775 [Worker-12: Building] INFO  o.a.m.s.f.DefaultMavenResourcesFiltering - Copying 1 resource from src\main\resources to target\classes
2025-08-02 18:27:13,782 [Worker-12: Building] INFO  o.a.m.s.f.DefaultMavenResourcesFiltering - Copying 0 resource from src\main\resources to target\classes
2025-08-02 18:27:13,785 [Worker-12: Building] INFO  o.a.m.s.f.DefaultMavenResourcesFiltering - skip non existing resourceDirectory C:\Users\DELL\Desktop\Perplexity\backend\greennest\src\test\resources
2025-08-02 18:53:26,476 [Worker-33: Building] INFO  o.a.m.s.f.DefaultMavenResourcesFiltering - Copying 1 resource from src\main\resources to target\classes
2025-08-02 18:53:26,485 [Worker-33: Building] INFO  o.a.m.s.f.DefaultMavenResourcesFiltering - Copying 0 resource from src\main\resources to target\classes
2025-08-02 18:53:26,489 [Worker-33: Building] INFO  o.a.m.s.f.DefaultMavenResourcesFiltering - skip non existing resourceDirectory C:\Users\DELL\Desktop\Perplexity\backend\greennest\src\test\resources
2025-08-02 18:54:09,588 [Worker-26: Building] INFO  o.a.m.s.f.DefaultMavenResourcesFiltering - Copying 1 resource from src\main\resources to target\classes
2025-08-02 18:54:09,593 [Worker-26: Building] INFO  o.a.m.s.f.DefaultMavenResourcesFiltering - Copying 0 resource from src\main\resources to target\classes
2025-08-02 18:54:09,596 [Worker-26: Building] INFO  o.a.m.s.f.DefaultMavenResourcesFiltering - skip non existing resourceDirectory C:\Users\DELL\Desktop\Perplexity\backend\greennest\src\test\resources
2025-08-02 19:04:25,278 [Worker-35: Building] INFO  o.a.m.s.f.DefaultMavenResourcesFiltering - Copying 1 resource from src\main\resources to target\classes
2025-08-02 19:04:25,284 [Worker-35: Building] INFO  o.a.m.s.f.DefaultMavenResourcesFiltering - Copying 0 resource from src\main\resources to target\classes
2025-08-02 19:04:25,287 [Worker-35: Building] INFO  o.a.m.s.f.DefaultMavenResourcesFiltering - skip non existing resourceDirectory C:\Users\DELL\Desktop\Perplexity\backend\greennest\src\test\resources
2025-08-02 19:10:52,215 [Worker-33: Building] INFO  o.a.m.s.f.DefaultMavenResourcesFiltering - Copying 1 resource from src\main\resources to target\classes
2025-08-02 19:10:52,243 [Worker-33: Building] INFO  o.a.m.s.f.DefaultMavenResourcesFiltering - Copying 0 resource from src\main\resources to target\classes
2025-08-02 19:10:52,250 [Worker-33: Building] INFO  o.a.m.s.f.DefaultMavenResourcesFiltering - skip non existing resourceDirectory C:\Users\DELL\Desktop\Perplexity\backend\greennest\src\test\resources
2025-08-02 19:29:37,934 [Worker-30: Building] INFO  o.a.m.s.f.DefaultMavenResourcesFiltering - Copying 1 resource from src\main\resources to target\classes
2025-08-02 19:29:37,946 [Worker-30: Building] INFO  o.a.m.s.f.DefaultMavenResourcesFiltering - Copying 0 resource from src\main\resources to target\classes
2025-08-02 19:29:37,948 [Worker-30: Building] INFO  o.a.m.s.f.DefaultMavenResourcesFiltering - skip non existing resourceDirectory C:\Users\DELL\Desktop\Perplexity\backend\greennest\src\test\resources
2025-08-02 19:30:05,111 [Worker-33: Building] INFO  o.a.m.s.f.DefaultMavenResourcesFiltering - Copying 1 resource from src\main\resources to target\classes
2025-08-02 19:30:05,116 [Worker-33: Building] INFO  o.a.m.s.f.DefaultMavenResourcesFiltering - Copying 0 resource from src\main\resources to target\classes
2025-08-02 19:30:05,118 [Worker-33: Building] INFO  o.a.m.s.f.DefaultMavenResourcesFiltering - skip non existing resourceDirectory C:\Users\DELL\Desktop\Perplexity\backend\greennest\src\test\resources
2025-08-02 19:30:17,077 [Worker-35: Building] INFO  o.a.m.s.f.DefaultMavenResourcesFiltering - Copying 1 resource from src\main\resources to target\classes
2025-08-02 19:30:17,090 [Worker-35: Building] INFO  o.a.m.s.f.DefaultMavenResourcesFiltering - Copying 0 resource from src\main\resources to target\classes
2025-08-02 19:30:17,092 [Worker-35: Building] INFO  o.a.m.s.f.DefaultMavenResourcesFiltering - skip non existing resourceDirectory C:\Users\DELL\Desktop\Perplexity\backend\greennest\src\test\resources
2025-08-02 19:30:21,845 [Worker-26: Building] INFO  o.a.m.s.f.DefaultMavenResourcesFiltering - Copying 1 resource from src\main\resources to target\classes
2025-08-02 19:30:21,850 [Worker-26: Building] INFO  o.a.m.s.f.DefaultMavenResourcesFiltering - Copying 0 resource from src\main\resources to target\classes
2025-08-02 19:30:21,851 [Worker-26: Building] INFO  o.a.m.s.f.DefaultMavenResourcesFiltering - skip non existing resourceDirectory C:\Users\DELL\Desktop\Perplexity\backend\greennest\src\test\resources
2025-08-02 19:38:45,544 [Worker-34: Building] INFO  o.a.m.s.f.DefaultMavenResourcesFiltering - Copying 1 resource from src\main\resources to target\classes
2025-08-02 19:38:45,551 [Worker-34: Building] INFO  o.a.m.s.f.DefaultMavenResourcesFiltering - Copying 0 resource from src\main\resources to target\classes
2025-08-02 19:38:45,554 [Worker-34: Building] INFO  o.a.m.s.f.DefaultMavenResourcesFiltering - skip non existing resourceDirectory C:\Users\DELL\Desktop\Perplexity\backend\greennest\src\test\resources
2025-08-02 19:40:13,256 [Worker-30: Building] INFO  o.a.m.s.f.DefaultMavenResourcesFiltering - Copying 1 resource from src\main\resources to target\classes
2025-08-02 19:40:13,261 [Worker-30: Building] INFO  o.a.m.s.f.DefaultMavenResourcesFiltering - Copying 0 resource from src\main\resources to target\classes
2025-08-02 19:40:13,263 [Worker-30: Building] INFO  o.a.m.s.f.DefaultMavenResourcesFiltering - skip non existing resourceDirectory C:\Users\DELL\Desktop\Perplexity\backend\greennest\src\test\resources
2025-08-02 20:03:47,734 [Worker-34: Building] INFO  o.a.m.s.f.DefaultMavenResourcesFiltering - Copying 1 resource from src\main\resources to target\classes
2025-08-02 20:03:47,740 [Worker-34: Building] INFO  o.a.m.s.f.DefaultMavenResourcesFiltering - Copying 0 resource from src\main\resources to target\classes
2025-08-02 20:03:47,742 [Worker-34: Building] INFO  o.a.m.s.f.DefaultMavenResourcesFiltering - skip non existing resourceDirectory C:\Users\DELL\Desktop\Perplexity\backend\greennest\src\test\resources
2025-08-02 20:09:49,402 [Worker-35: Building] INFO  o.e.m.c.i.l.LifecycleMappingFactory - Using org.eclipse.m2e.jdt.JarLifecycleMapping lifecycle mapping for MavenProject: com.greennest:greennest-backend:0.0.1-SNAPSHOT @ C:\Users\DELL\Desktop\Perplexity\backend\greennest\pom.xml.
2025-08-02 20:09:49,807 [Worker-35: Building] INFO  o.e.m.c.i.e.AbstractTransferListenerAdapter - Downloading https://repo.maven.apache.org/maven2/com/razorpay/razorpay-java/1.4.6/razorpay-java-1.4.6.pom
2025-08-02 20:09:49,827 [Worker-35: Building] INFO  o.e.m.c.i.e.AbstractTransferListenerAdapter - Downloaded https://repo.maven.apache.org/maven2/com/razorpay/razorpay-java/1.4.6/razorpay-java-1.4.6.pom
2025-08-02 20:09:49,844 [Worker-35: Building] INFO  o.e.m.c.i.e.AbstractTransferListenerAdapter - Downloading https://repo.maven.apache.org/maven2/org/json/json/20180130/json-20180130.pom
2025-08-02 20:09:49,849 [Worker-35: Building] INFO  o.e.m.c.i.e.AbstractTransferListenerAdapter - Downloaded https://repo.maven.apache.org/maven2/org/json/json/20180130/json-20180130.pom
2025-08-02 20:09:49,865 [Worker-35: Building] INFO  o.e.m.c.i.e.AbstractTransferListenerAdapter - Downloading https://repo.maven.apache.org/maven2/com/squareup/okhttp3/okhttp/3.10.0/okhttp-3.10.0.pom
2025-08-02 20:09:49,873 [Worker-35: Building] INFO  o.e.m.c.i.e.AbstractTransferListenerAdapter - Downloaded https://repo.maven.apache.org/maven2/com/squareup/okhttp3/okhttp/3.10.0/okhttp-3.10.0.pom
2025-08-02 20:09:49,884 [Worker-35: Building] INFO  o.e.m.c.i.e.AbstractTransferListenerAdapter - Downloading https://repo.maven.apache.org/maven2/com/squareup/okhttp3/parent/3.10.0/parent-3.10.0.pom
2025-08-02 20:09:49,898 [Worker-35: Building] INFO  o.e.m.c.i.e.AbstractTransferListenerAdapter - Downloaded https://repo.maven.apache.org/maven2/com/squareup/okhttp3/parent/3.10.0/parent-3.10.0.pom
2025-08-02 20:09:49,916 [Worker-35: Building] INFO  o.e.m.c.i.e.AbstractTransferListenerAdapter - Downloading https://repo.maven.apache.org/maven2/com/squareup/okio/okio/1.14.0/okio-1.14.0.pom
2025-08-02 20:09:49,921 [Worker-35: Building] INFO  o.e.m.c.i.e.AbstractTransferListenerAdapter - Downloaded https://repo.maven.apache.org/maven2/com/squareup/okio/okio/1.14.0/okio-1.14.0.pom
2025-08-02 20:09:49,937 [Worker-35: Building] INFO  o.e.m.c.i.e.AbstractTransferListenerAdapter - Downloading https://repo.maven.apache.org/maven2/com/squareup/okio/okio-parent/1.14.0/okio-parent-1.14.0.pom
2025-08-02 20:09:49,942 [Worker-35: Building] INFO  o.e.m.c.i.e.AbstractTransferListenerAdapter - Downloaded https://repo.maven.apache.org/maven2/com/squareup/okio/okio-parent/1.14.0/okio-parent-1.14.0.pom
2025-08-02 20:09:49,959 [Worker-35: Building] INFO  o.e.m.c.i.e.AbstractTransferListenerAdapter - Downloading https://repo.maven.apache.org/maven2/com/squareup/okhttp3/logging-interceptor/3.10.0/logging-interceptor-3.10.0.pom
2025-08-02 20:09:49,963 [Worker-35: Building] INFO  o.e.m.c.i.e.AbstractTransferListenerAdapter - Downloaded https://repo.maven.apache.org/maven2/com/squareup/okhttp3/logging-interceptor/3.10.0/logging-interceptor-3.10.0.pom
2025-08-02 20:09:49,975 [Worker-35: Building] INFO  o.e.m.c.i.e.AbstractTransferListenerAdapter - Downloading https://repo.maven.apache.org/maven2/commons-codec/commons-codec/1.18.0/commons-codec-1.18.0.pom
2025-08-02 20:09:49,984 [Worker-35: Building] INFO  o.e.m.c.i.e.AbstractTransferListenerAdapter - Downloaded https://repo.maven.apache.org/maven2/commons-codec/commons-codec/1.18.0/commons-codec-1.18.0.pom
2025-08-02 20:09:49,996 [Worker-35: Building] INFO  o.e.m.c.i.e.AbstractTransferListenerAdapter - Downloading https://repo.maven.apache.org/maven2/org/apache/commons/commons-parent/79/commons-parent-79.pom
2025-08-02 20:09:50,024 [Worker-35: Building] INFO  o.e.m.c.i.e.AbstractTransferListenerAdapter - Downloaded https://repo.maven.apache.org/maven2/org/apache/commons/commons-parent/79/commons-parent-79.pom
2025-08-02 20:09:50,041 [Worker-35: Building] INFO  o.e.m.c.i.e.AbstractTransferListenerAdapter - Downloading https://repo.maven.apache.org/maven2/org/apache/commons/commons-text/1.3/commons-text-1.3.pom
2025-08-02 20:09:50,050 [Worker-35: Building] INFO  o.e.m.c.i.e.AbstractTransferListenerAdapter - Downloaded https://repo.maven.apache.org/maven2/org/apache/commons/commons-text/1.3/commons-text-1.3.pom
2025-08-02 20:09:50,067 [Worker-35: Building] INFO  o.e.m.c.i.e.AbstractTransferListenerAdapter - Downloading https://repo.maven.apache.org/maven2/org/apache/commons/commons-parent/45/commons-parent-45.pom
2025-08-02 20:09:50,098 [Worker-35: Building] INFO  o.e.m.c.i.e.AbstractTransferListenerAdapter - Downloaded https://repo.maven.apache.org/maven2/org/apache/commons/commons-parent/45/commons-parent-45.pom
2025-08-02 20:09:50,121 [Worker-35: Building] INFO  o.e.m.c.i.e.AbstractTransferListenerAdapter - Downloading https://repo.maven.apache.org/maven2/commons-codec/commons-codec/1.15/commons-codec-1.15.pom
2025-08-02 20:09:50,129 [Worker-35: Building] INFO  o.e.m.c.i.e.AbstractTransferListenerAdapter - Downloaded https://repo.maven.apache.org/maven2/commons-codec/commons-codec/1.15/commons-codec-1.15.pom
2025-08-02 20:09:50,147 [Worker-35: Building] INFO  o.e.m.c.i.e.AbstractTransferListenerAdapter - Downloading https://repo.maven.apache.org/maven2/org/json/json/20231013/json-20231013.pom
2025-08-02 20:09:50,154 [Worker-35: Building] INFO  o.e.m.c.i.e.AbstractTransferListenerAdapter - Downloaded https://repo.maven.apache.org/maven2/org/json/json/20231013/json-20231013.pom
2025-08-02 20:09:50,172 [Worker-35: Building] WARN  o.e.m.c.i.embedder.EclipseLogger - The artifact mysql:mysql-connector-java:jar:8.0.33 has been relocated to com.mysql:mysql-connector-j:jar:8.0.33: MySQL Connector/J artifacts moved to reverse-DNS compliant Maven 2+ coordinates.
2025-08-02 20:09:50,310 [Worker-35: Building] INFO  o.e.m.c.i.e.AbstractTransferListenerAdapter - Downloading https://repo.maven.apache.org/maven2/com/razorpay/razorpay-java/1.4.6/razorpay-java-1.4.6.jar
2025-08-02 20:09:50,362 [Worker-35: Building] INFO  o.e.m.c.i.e.AbstractTransferListenerAdapter - Downloaded https://repo.maven.apache.org/maven2/com/razorpay/razorpay-java/1.4.6/razorpay-java-1.4.6.jar
2025-08-02 20:09:50,411 [BasicRepositoryConnector-repo.maven.apache.org-1-1] INFO  o.e.m.c.i.e.AbstractTransferListenerAdapter - Downloading https://repo.maven.apache.org/maven2/com/squareup/okio/okio/1.14.0/okio-1.14.0.jar
2025-08-02 20:09:50,450 [BasicRepositoryConnector-repo.maven.apache.org-1-2] INFO  o.e.m.c.i.e.AbstractTransferListenerAdapter - Downloading https://repo.maven.apache.org/maven2/com/squareup/okhttp3/logging-interceptor/3.10.0/logging-interceptor-3.10.0.jar
2025-08-02 20:09:50,457 [BasicRepositoryConnector-repo.maven.apache.org-1-4] INFO  o.e.m.c.i.e.AbstractTransferListenerAdapter - Downloading https://repo.maven.apache.org/maven2/commons-codec/commons-codec/1.15/commons-codec-1.15.jar
2025-08-02 20:09:50,457 [BasicRepositoryConnector-repo.maven.apache.org-1-2] INFO  o.e.m.c.i.e.AbstractTransferListenerAdapter - Downloaded https://repo.maven.apache.org/maven2/com/squareup/okhttp3/logging-interceptor/3.10.0/logging-interceptor-3.10.0.jar
2025-08-02 20:09:50,460 [BasicRepositoryConnector-repo.maven.apache.org-1-1] INFO  o.e.m.c.i.e.AbstractTransferListenerAdapter - Downloaded https://repo.maven.apache.org/maven2/com/squareup/okio/okio/1.14.0/okio-1.14.0.jar
2025-08-02 20:09:50,475 [BasicRepositoryConnector-repo.maven.apache.org-1-3] INFO  o.e.m.c.i.e.AbstractTransferListenerAdapter - Downloading https://repo.maven.apache.org/maven2/org/apache/commons/commons-text/1.3/commons-text-1.3.jar
2025-08-02 20:09:50,507 [BasicRepositoryConnector-repo.maven.apache.org-1-2] INFO  o.e.m.c.i.e.AbstractTransferListenerAdapter - Downloading https://repo.maven.apache.org/maven2/org/json/json/20231013/json-20231013.jar
2025-08-02 20:09:50,597 [BasicRepositoryConnector-repo.maven.apache.org-1-2] INFO  o.e.m.c.i.e.AbstractTransferListenerAdapter - Downloaded https://repo.maven.apache.org/maven2/org/json/json/20231013/json-20231013.jar
2025-08-02 20:09:50,669 [BasicRepositoryConnector-repo.maven.apache.org-1-3] INFO  o.e.m.c.i.e.AbstractTransferListenerAdapter - Downloaded https://repo.maven.apache.org/maven2/org/apache/commons/commons-text/1.3/commons-text-1.3.jar
2025-08-02 20:09:50,723 [BasicRepositoryConnector-repo.maven.apache.org-1-4] INFO  o.e.m.c.i.e.AbstractTransferListenerAdapter - Downloaded https://repo.maven.apache.org/maven2/commons-codec/commons-codec/1.15/commons-codec-1.15.jar
2025-08-02 20:09:51,409 [BasicRepositoryConnector-repo.maven.apache.org-1-0] INFO  o.e.m.c.i.e.AbstractTransferListenerAdapter - Downloading https://repo.maven.apache.org/maven2/com/squareup/okhttp3/okhttp/3.10.0/okhttp-3.10.0.jar
2025-08-02 20:09:51,584 [BasicRepositoryConnector-repo.maven.apache.org-1-0] INFO  o.e.m.c.i.e.AbstractTransferListenerAdapter - Downloaded https://repo.maven.apache.org/maven2/com/squareup/okhttp3/okhttp/3.10.0/okhttp-3.10.0.jar
2025-08-02 20:09:52,048 [Worker-35: Building] INFO  o.a.m.s.f.DefaultMavenResourcesFiltering - Copying 0 resource from src\main\resources to target\classes
2025-08-02 20:09:52,049 [Worker-35: Building] INFO  o.a.m.s.f.DefaultMavenResourcesFiltering - Copying 0 resource from src\main\resources to target\classes
2025-08-02 20:09:52,056 [Worker-35: Building] INFO  o.a.m.s.f.DefaultMavenResourcesFiltering - skip non existing resourceDirectory C:\Users\DELL\Desktop\Perplexity\backend\greennest\src\test\resources
2025-08-02 20:09:53,133 [Worker-34: Download sources and javadoc] INFO  o.e.m.c.i.e.AbstractTransferListenerAdapter - Downloading https://repo.maven.apache.org/maven2/com/razorpay/razorpay-java/1.4.6/razorpay-java-1.4.6-sources.jar
2025-08-02 20:09:53,164 [Worker-34: Download sources and javadoc] INFO  o.e.m.c.i.e.AbstractTransferListenerAdapter - Downloaded https://repo.maven.apache.org/maven2/com/razorpay/razorpay-java/1.4.6/razorpay-java-1.4.6-sources.jar
2025-08-02 20:09:53,167 [Worker-34: Download sources and javadoc] INFO  o.e.m.j.internal.DownloadSourcesJob - Downloaded sources for com.razorpay:razorpay-java:1.4.6
2025-08-02 20:09:53,210 [Worker-34: Download sources and javadoc] INFO  o.e.m.c.i.e.AbstractTransferListenerAdapter - Downloading https://repo.maven.apache.org/maven2/com/squareup/okhttp3/okhttp/3.10.0/okhttp-3.10.0-sources.jar
2025-08-02 20:09:53,469 [Worker-38: Building] INFO  o.a.m.s.f.DefaultMavenResourcesFiltering - Copying 1 resource from src\main\resources to target\classes
2025-08-02 20:09:53,494 [Worker-34: Download sources and javadoc] INFO  o.e.m.c.i.e.AbstractTransferListenerAdapter - Downloaded https://repo.maven.apache.org/maven2/com/squareup/okhttp3/okhttp/3.10.0/okhttp-3.10.0-sources.jar
2025-08-02 20:09:53,499 [Worker-34: Download sources and javadoc] INFO  o.e.m.j.internal.DownloadSourcesJob - Downloaded sources for com.squareup.okhttp3:okhttp:3.10.0
2025-08-02 20:09:53,500 [Worker-38: Building] INFO  o.a.m.s.f.DefaultMavenResourcesFiltering - Copying 0 resource from src\main\resources to target\classes
2025-08-02 20:09:53,503 [Worker-38: Building] INFO  o.a.m.s.f.DefaultMavenResourcesFiltering - skip non existing resourceDirectory C:\Users\DELL\Desktop\Perplexity\backend\greennest\src\test\resources
2025-08-02 20:09:53,537 [Worker-34: Download sources and javadoc] INFO  o.e.m.c.i.e.AbstractTransferListenerAdapter - Downloading https://repo.maven.apache.org/maven2/com/squareup/okio/okio/1.14.0/okio-1.14.0-sources.jar
2025-08-02 20:09:53,584 [Worker-34: Download sources and javadoc] INFO  o.e.m.c.i.e.AbstractTransferListenerAdapter - Downloaded https://repo.maven.apache.org/maven2/com/squareup/okio/okio/1.14.0/okio-1.14.0-sources.jar
2025-08-02 20:09:53,587 [Worker-34: Download sources and javadoc] INFO  o.e.m.j.internal.DownloadSourcesJob - Downloaded sources for com.squareup.okio:okio:1.14.0
2025-08-02 20:09:53,632 [Worker-34: Download sources and javadoc] INFO  o.e.m.c.i.e.AbstractTransferListenerAdapter - Downloading https://repo.maven.apache.org/maven2/com/squareup/okhttp3/logging-interceptor/3.10.0/logging-interceptor-3.10.0-sources.jar
2025-08-02 20:09:53,636 [Worker-34: Download sources and javadoc] INFO  o.e.m.c.i.e.AbstractTransferListenerAdapter - Downloaded https://repo.maven.apache.org/maven2/com/squareup/okhttp3/logging-interceptor/3.10.0/logging-interceptor-3.10.0-sources.jar
2025-08-02 20:09:53,639 [Worker-34: Download sources and javadoc] INFO  o.e.m.j.internal.DownloadSourcesJob - Downloaded sources for com.squareup.okhttp3:logging-interceptor:3.10.0
2025-08-02 20:09:53,681 [Worker-34: Download sources and javadoc] INFO  o.e.m.c.i.e.AbstractTransferListenerAdapter - Downloading https://repo.maven.apache.org/maven2/org/apache/commons/commons-text/1.3/commons-text-1.3-sources.jar
2025-08-02 20:09:53,866 [Worker-34: Download sources and javadoc] INFO  o.e.m.c.i.e.AbstractTransferListenerAdapter - Downloaded https://repo.maven.apache.org/maven2/org/apache/commons/commons-text/1.3/commons-text-1.3-sources.jar
2025-08-02 20:09:53,871 [Worker-34: Download sources and javadoc] INFO  o.e.m.j.internal.DownloadSourcesJob - Downloaded sources for org.apache.commons:commons-text:1.3
2025-08-02 20:09:53,898 [Worker-34: Download sources and javadoc] INFO  o.e.m.c.i.e.AbstractTransferListenerAdapter - Downloading https://repo.maven.apache.org/maven2/commons-codec/commons-codec/1.15/commons-codec-1.15-sources.jar
2025-08-02 20:09:54,057 [Worker-34: Download sources and javadoc] INFO  o.e.m.c.i.e.AbstractTransferListenerAdapter - Downloaded https://repo.maven.apache.org/maven2/commons-codec/commons-codec/1.15/commons-codec-1.15-sources.jar
2025-08-02 20:09:54,060 [Worker-34: Download sources and javadoc] INFO  o.e.m.j.internal.DownloadSourcesJob - Downloaded sources for commons-codec:commons-codec:1.15
2025-08-02 20:09:54,090 [Worker-34: Download sources and javadoc] INFO  o.e.m.c.i.e.AbstractTransferListenerAdapter - Downloading https://repo.maven.apache.org/maven2/org/json/json/20231013/json-20231013-sources.jar
2025-08-02 20:09:54,119 [Worker-34: Download sources and javadoc] INFO  o.e.m.c.i.e.AbstractTransferListenerAdapter - Downloaded https://repo.maven.apache.org/maven2/org/json/json/20231013/json-20231013-sources.jar
2025-08-02 20:09:54,122 [Worker-34: Download sources and javadoc] INFO  o.e.m.j.internal.DownloadSourcesJob - Downloaded sources for org.json:json:20231013
2025-08-02 20:10:45,223 [Worker-35: Building] INFO  o.a.m.s.f.DefaultMavenResourcesFiltering - Copying 1 resource from src\main\resources to target\classes
2025-08-02 20:10:45,232 [Worker-35: Building] INFO  o.a.m.s.f.DefaultMavenResourcesFiltering - Copying 0 resource from src\main\resources to target\classes
2025-08-02 20:10:45,234 [Worker-35: Building] INFO  o.a.m.s.f.DefaultMavenResourcesFiltering - skip non existing resourceDirectory C:\Users\DELL\Desktop\Perplexity\backend\greennest\src\test\resources
2025-08-02 20:10:49,708 [Worker-43: Building] INFO  o.a.m.s.f.DefaultMavenResourcesFiltering - Copying 1 resource from src\main\resources to target\classes
2025-08-02 20:10:49,709 [Worker-43: Building] INFO  o.a.m.s.f.DefaultMavenResourcesFiltering - Copying 0 resource from src\main\resources to target\classes
2025-08-02 20:10:49,712 [Worker-43: Building] INFO  o.a.m.s.f.DefaultMavenResourcesFiltering - skip non existing resourceDirectory C:\Users\DELL\Desktop\Perplexity\backend\greennest\src\test\resources
2025-08-02 20:11:09,266 [Worker-26: Building] INFO  o.a.m.s.f.DefaultMavenResourcesFiltering - Copying 1 resource from src\main\resources to target\classes
2025-08-02 20:11:09,274 [Worker-26: Building] INFO  o.a.m.s.f.DefaultMavenResourcesFiltering - Copying 0 resource from src\main\resources to target\classes
2025-08-02 20:11:09,278 [Worker-26: Building] INFO  o.a.m.s.f.DefaultMavenResourcesFiltering - skip non existing resourceDirectory C:\Users\DELL\Desktop\Perplexity\backend\greennest\src\test\resources
2025-08-02 20:11:13,478 [Worker-35: Building] INFO  o.a.m.s.f.DefaultMavenResourcesFiltering - Copying 1 resource from src\main\resources to target\classes
2025-08-02 20:11:13,482 [Worker-35: Building] INFO  o.a.m.s.f.DefaultMavenResourcesFiltering - Copying 0 resource from src\main\resources to target\classes
2025-08-02 20:11:13,484 [Worker-35: Building] INFO  o.a.m.s.f.DefaultMavenResourcesFiltering - skip non existing resourceDirectory C:\Users\DELL\Desktop\Perplexity\backend\greennest\src\test\resources
2025-08-02 20:11:59,901 [Worker-34: Building] INFO  o.a.m.s.f.DefaultMavenResourcesFiltering - Copying 1 resource from src\main\resources to target\classes
2025-08-02 20:11:59,905 [Worker-34: Building] INFO  o.a.m.s.f.DefaultMavenResourcesFiltering - Copying 0 resource from src\main\resources to target\classes
2025-08-02 20:11:59,907 [Worker-34: Building] INFO  o.a.m.s.f.DefaultMavenResourcesFiltering - skip non existing resourceDirectory C:\Users\DELL\Desktop\Perplexity\backend\greennest\src\test\resources
2025-08-02 20:13:16,829 [Worker-26: Building] INFO  o.a.m.s.f.DefaultMavenResourcesFiltering - Copying 1 resource from src\main\resources to target\classes
2025-08-02 20:13:16,832 [Worker-26: Building] INFO  o.a.m.s.f.DefaultMavenResourcesFiltering - Copying 0 resource from src\main\resources to target\classes
2025-08-02 20:13:16,835 [Worker-26: Building] INFO  o.a.m.s.f.DefaultMavenResourcesFiltering - skip non existing resourceDirectory C:\Users\DELL\Desktop\Perplexity\backend\greennest\src\test\resources
2025-08-02 20:13:22,000 [Worker-26: Building] INFO  o.a.m.s.f.DefaultMavenResourcesFiltering - Copying 1 resource from src\main\resources to target\classes
2025-08-02 20:13:22,003 [Worker-26: Building] INFO  o.a.m.s.f.DefaultMavenResourcesFiltering - Copying 0 resource from src\main\resources to target\classes
2025-08-02 20:13:22,005 [Worker-26: Building] INFO  o.a.m.s.f.DefaultMavenResourcesFiltering - skip non existing resourceDirectory C:\Users\DELL\Desktop\Perplexity\backend\greennest\src\test\resources
2025-08-02 20:13:36,581 [Worker-45: Building] INFO  o.a.m.s.f.DefaultMavenResourcesFiltering - Copying 1 resource from src\main\resources to target\classes
2025-08-02 20:13:36,583 [Worker-45: Building] INFO  o.a.m.s.f.DefaultMavenResourcesFiltering - Copying 0 resource from src\main\resources to target\classes
2025-08-02 20:13:36,585 [Worker-45: Building] INFO  o.a.m.s.f.DefaultMavenResourcesFiltering - skip non existing resourceDirectory C:\Users\DELL\Desktop\Perplexity\backend\greennest\src\test\resources
2025-08-02 20:13:42,727 [Worker-26: Building] INFO  o.a.m.s.f.DefaultMavenResourcesFiltering - Copying 1 resource from src\main\resources to target\classes
2025-08-02 20:13:42,732 [Worker-26: Building] INFO  o.a.m.s.f.DefaultMavenResourcesFiltering - Copying 0 resource from src\main\resources to target\classes
2025-08-02 20:13:42,734 [Worker-26: Building] INFO  o.a.m.s.f.DefaultMavenResourcesFiltering - skip non existing resourceDirectory C:\Users\DELL\Desktop\Perplexity\backend\greennest\src\test\resources
2025-08-02 20:14:00,042 [Worker-35: Building] INFO  o.a.m.s.f.DefaultMavenResourcesFiltering - Copying 1 resource from src\main\resources to target\classes
2025-08-02 20:14:00,047 [Worker-35: Building] INFO  o.a.m.s.f.DefaultMavenResourcesFiltering - Copying 0 resource from src\main\resources to target\classes
2025-08-02 20:14:00,049 [Worker-35: Building] INFO  o.a.m.s.f.DefaultMavenResourcesFiltering - skip non existing resourceDirectory C:\Users\DELL\Desktop\Perplexity\backend\greennest\src\test\resources
2025-08-02 20:14:06,411 [Worker-42: Building] INFO  o.a.m.s.f.DefaultMavenResourcesFiltering - Copying 1 resource from src\main\resources to target\classes
2025-08-02 20:14:06,415 [Worker-42: Building] INFO  o.a.m.s.f.DefaultMavenResourcesFiltering - Copying 0 resource from src\main\resources to target\classes
2025-08-02 20:14:06,416 [Worker-42: Building] INFO  o.a.m.s.f.DefaultMavenResourcesFiltering - skip non existing resourceDirectory C:\Users\DELL\Desktop\Perplexity\backend\greennest\src\test\resources
2025-08-02 20:14:25,710 [Worker-35: Building] INFO  o.a.m.s.f.DefaultMavenResourcesFiltering - Copying 1 resource from src\main\resources to target\classes
2025-08-02 20:14:25,714 [Worker-35: Building] INFO  o.a.m.s.f.DefaultMavenResourcesFiltering - Copying 0 resource from src\main\resources to target\classes
2025-08-02 20:14:25,717 [Worker-35: Building] INFO  o.a.m.s.f.DefaultMavenResourcesFiltering - skip non existing resourceDirectory C:\Users\DELL\Desktop\Perplexity\backend\greennest\src\test\resources
2025-08-02 20:14:31,805 [Worker-37: Building] INFO  o.a.m.s.f.DefaultMavenResourcesFiltering - Copying 1 resource from src\main\resources to target\classes
2025-08-02 20:14:31,809 [Worker-37: Building] INFO  o.a.m.s.f.DefaultMavenResourcesFiltering - Copying 0 resource from src\main\resources to target\classes
2025-08-02 20:14:31,811 [Worker-37: Building] INFO  o.a.m.s.f.DefaultMavenResourcesFiltering - skip non existing resourceDirectory C:\Users\DELL\Desktop\Perplexity\backend\greennest\src\test\resources
2025-08-02 20:14:36,968 [Worker-37: Building] INFO  o.a.m.s.f.DefaultMavenResourcesFiltering - Copying 1 resource from src\main\resources to target\classes
2025-08-02 20:14:36,973 [Worker-37: Building] INFO  o.a.m.s.f.DefaultMavenResourcesFiltering - Copying 0 resource from src\main\resources to target\classes
2025-08-02 20:14:36,975 [Worker-37: Building] INFO  o.a.m.s.f.DefaultMavenResourcesFiltering - skip non existing resourceDirectory C:\Users\DELL\Desktop\Perplexity\backend\greennest\src\test\resources
2025-08-02 20:15:12,753 [Worker-35: Building] INFO  o.a.m.s.f.DefaultMavenResourcesFiltering - Copying 1 resource from src\main\resources to target\classes
2025-08-02 20:15:12,758 [Worker-35: Building] INFO  o.a.m.s.f.DefaultMavenResourcesFiltering - Copying 0 resource from src\main\resources to target\classes
2025-08-02 20:15:12,760 [Worker-35: Building] INFO  o.a.m.s.f.DefaultMavenResourcesFiltering - skip non existing resourceDirectory C:\Users\DELL\Desktop\Perplexity\backend\greennest\src\test\resources
2025-08-02 20:15:17,288 [Worker-42: Building] INFO  o.a.m.s.f.DefaultMavenResourcesFiltering - Copying 1 resource from src\main\resources to target\classes
2025-08-02 20:15:17,292 [Worker-42: Building] INFO  o.a.m.s.f.DefaultMavenResourcesFiltering - Copying 0 resource from src\main\resources to target\classes
2025-08-02 20:15:17,294 [Worker-42: Building] INFO  o.a.m.s.f.DefaultMavenResourcesFiltering - skip non existing resourceDirectory C:\Users\DELL\Desktop\Perplexity\backend\greennest\src\test\resources
2025-08-02 20:27:10,635 [Worker-35: Building] INFO  o.a.m.s.f.DefaultMavenResourcesFiltering - Copying 1 resource from src\main\resources to target\classes
2025-08-02 20:27:10,642 [Worker-35: Building] INFO  o.a.m.s.f.DefaultMavenResourcesFiltering - Copying 0 resource from src\main\resources to target\classes
2025-08-02 20:27:10,644 [Worker-35: Building] INFO  o.a.m.s.f.DefaultMavenResourcesFiltering - skip non existing resourceDirectory C:\Users\DELL\Desktop\Perplexity\backend\greennest\src\test\resources
2025-08-02 20:56:50,161 [Worker-55: Building] INFO  o.a.m.s.f.DefaultMavenResourcesFiltering - Copying 1 resource from src\main\resources to target\classes
2025-08-02 20:56:50,173 [Worker-55: Building] INFO  o.a.m.s.f.DefaultMavenResourcesFiltering - Copying 0 resource from src\main\resources to target\classes
2025-08-02 20:56:50,176 [Worker-55: Building] INFO  o.a.m.s.f.DefaultMavenResourcesFiltering - skip non existing resourceDirectory C:\Users\DELL\Desktop\Perplexity\backend\greennest\src\test\resources
2025-08-02 21:00:17,476 [Worker-56: Building] INFO  o.a.m.s.f.DefaultMavenResourcesFiltering - Copying 1 resource from src\main\resources to target\classes
2025-08-02 21:00:17,491 [Worker-56: Building] INFO  o.a.m.s.f.DefaultMavenResourcesFiltering - Copying 0 resource from src\main\resources to target\classes
2025-08-02 21:00:17,493 [Worker-56: Building] INFO  o.a.m.s.f.DefaultMavenResourcesFiltering - skip non existing resourceDirectory C:\Users\DELL\Desktop\Perplexity\backend\greennest\src\test\resources
2025-08-02 21:00:48,065 [Worker-52: Building] INFO  o.e.m.c.i.l.LifecycleMappingFactory - Using org.eclipse.m2e.jdt.JarLifecycleMapping lifecycle mapping for MavenProject: com.greennest:greennest-backend:0.0.1-SNAPSHOT @ C:\Users\DELL\Desktop\Perplexity\backend\greennest\pom.xml.
2025-08-02 21:00:48,315 [Worker-52: Building] WARN  o.e.m.c.i.embedder.EclipseLogger - The artifact mysql:mysql-connector-java:jar:8.0.33 has been relocated to com.mysql:mysql-connector-j:jar:8.0.33: MySQL Connector/J artifacts moved to reverse-DNS compliant Maven 2+ coordinates.
2025-08-02 21:00:48,526 [Worker-52: Building] INFO  o.e.m.c.i.e.AbstractTransferListenerAdapter - Downloading https://repo.maven.apache.org/maven2/commons-codec/commons-codec/1.18.0/commons-codec-1.18.0.jar
2025-08-02 21:00:51,081 [Worker-52: Building] INFO  o.e.m.c.i.e.AbstractTransferListenerAdapter - Downloaded https://repo.maven.apache.org/maven2/commons-codec/commons-codec/1.18.0/commons-codec-1.18.0.jar
2025-08-02 21:00:51,361 [Worker-52: Building] INFO  o.a.m.s.f.DefaultMavenResourcesFiltering - Copying 0 resource from src\main\resources to target\classes
2025-08-02 21:00:51,362 [Worker-52: Building] INFO  o.a.m.s.f.DefaultMavenResourcesFiltering - Copying 0 resource from src\main\resources to target\classes
2025-08-02 21:00:51,366 [Worker-52: Building] INFO  o.a.m.s.f.DefaultMavenResourcesFiltering - skip non existing resourceDirectory C:\Users\DELL\Desktop\Perplexity\backend\greennest\src\test\resources
2025-08-02 21:00:52,402 [Worker-58: Download sources and javadoc] INFO  o.e.m.c.i.e.AbstractTransferListenerAdapter - Downloading https://repo.maven.apache.org/maven2/commons-codec/commons-codec/1.18.0/commons-codec-1.18.0-sources.jar
2025-08-02 21:00:52,866 [Worker-67: Building] INFO  o.a.m.s.f.DefaultMavenResourcesFiltering - Copying 1 resource from src\main\resources to target\classes
2025-08-02 21:00:52,886 [Worker-67: Building] INFO  o.a.m.s.f.DefaultMavenResourcesFiltering - Copying 0 resource from src\main\resources to target\classes
2025-08-02 21:00:52,889 [Worker-67: Building] INFO  o.a.m.s.f.DefaultMavenResourcesFiltering - skip non existing resourceDirectory C:\Users\DELL\Desktop\Perplexity\backend\greennest\src\test\resources
2025-08-02 21:00:55,498 [Worker-58: Download sources and javadoc] INFO  o.e.m.c.i.e.AbstractTransferListenerAdapter - Downloaded https://repo.maven.apache.org/maven2/commons-codec/commons-codec/1.18.0/commons-codec-1.18.0-sources.jar
2025-08-02 21:00:55,501 [Worker-58: Download sources and javadoc] INFO  o.e.m.j.internal.DownloadSourcesJob - Downloaded sources for commons-codec:commons-codec:1.18.0
2025-08-02 21:02:43,286 [Worker-74: Building] INFO  o.a.m.s.f.DefaultMavenResourcesFiltering - Copying 1 resource from src\main\resources to target\classes
2025-08-02 21:02:43,295 [Worker-74: Building] INFO  o.a.m.s.f.DefaultMavenResourcesFiltering - Copying 0 resource from src\main\resources to target\classes
2025-08-02 21:02:43,297 [Worker-74: Building] INFO  o.a.m.s.f.DefaultMavenResourcesFiltering - skip non existing resourceDirectory C:\Users\DELL\Desktop\Perplexity\backend\greennest\src\test\resources
2025-08-02 21:02:56,547 [Worker-74: Building] INFO  o.a.m.s.f.DefaultMavenResourcesFiltering - Copying 1 resource from src\main\resources to target\classes
2025-08-02 21:02:56,554 [Worker-74: Building] INFO  o.a.m.s.f.DefaultMavenResourcesFiltering - Copying 0 resource from src\main\resources to target\classes
2025-08-02 21:02:56,556 [Worker-74: Building] INFO  o.a.m.s.f.DefaultMavenResourcesFiltering - skip non existing resourceDirectory C:\Users\DELL\Desktop\Perplexity\backend\greennest\src\test\resources
2025-08-02 21:03:56,309 [Worker-67: Building] INFO  o.a.m.s.f.DefaultMavenResourcesFiltering - Copying 1 resource from src\main\resources to target\classes
2025-08-02 21:03:56,314 [Worker-67: Building] INFO  o.a.m.s.f.DefaultMavenResourcesFiltering - Copying 0 resource from src\main\resources to target\classes
2025-08-02 21:03:56,316 [Worker-67: Building] INFO  o.a.m.s.f.DefaultMavenResourcesFiltering - skip non existing resourceDirectory C:\Users\DELL\Desktop\Perplexity\backend\greennest\src\test\resources
2025-08-02 21:04:20,326 [Worker-67: Building] INFO  o.a.m.s.f.DefaultMavenResourcesFiltering - Copying 1 resource from src\main\resources to target\classes
2025-08-02 21:04:20,328 [Worker-67: Building] INFO  o.a.m.s.f.DefaultMavenResourcesFiltering - Copying 0 resource from src\main\resources to target\classes
2025-08-02 21:04:20,330 [Worker-67: Building] INFO  o.a.m.s.f.DefaultMavenResourcesFiltering - skip non existing resourceDirectory C:\Users\DELL\Desktop\Perplexity\backend\greennest\src\test\resources
2025-08-02 21:24:33,598 [Worker-78: Building] INFO  o.a.m.s.f.DefaultMavenResourcesFiltering - Copying 1 resource from src\main\resources to target\classes
2025-08-02 21:24:33,604 [Worker-78: Building] INFO  o.a.m.s.f.DefaultMavenResourcesFiltering - Copying 0 resource from src\main\resources to target\classes
2025-08-02 21:24:33,605 [Worker-78: Building] INFO  o.a.m.s.f.DefaultMavenResourcesFiltering - skip non existing resourceDirectory C:\Users\DELL\Desktop\Perplexity\backend\greennest\src\test\resources
2025-08-02 21:24:55,393 [Worker-77: Building] INFO  o.a.m.s.f.DefaultMavenResourcesFiltering - Copying 1 resource from src\main\resources to target\classes
2025-08-02 21:24:55,435 [Worker-77: Building] INFO  o.a.m.s.f.DefaultMavenResourcesFiltering - Copying 0 resource from src\main\resources to target\classes
2025-08-02 21:24:55,439 [Worker-77: Building] INFO  o.a.m.s.f.DefaultMavenResourcesFiltering - skip non existing resourceDirectory C:\Users\DELL\Desktop\Perplexity\backend\greennest\src\test\resources
2025-08-02 21:25:07,722 [Worker-78: Building] INFO  o.a.m.s.f.DefaultMavenResourcesFiltering - Copying 1 resource from src\main\resources to target\classes
2025-08-02 21:25:07,728 [Worker-78: Building] INFO  o.a.m.s.f.DefaultMavenResourcesFiltering - Copying 0 resource from src\main\resources to target\classes
2025-08-02 21:25:07,730 [Worker-78: Building] INFO  o.a.m.s.f.DefaultMavenResourcesFiltering - skip non existing resourceDirectory C:\Users\DELL\Desktop\Perplexity\backend\greennest\src\test\resources
2025-08-02 21:25:53,555 [Worker-80: Building] INFO  o.a.m.s.f.DefaultMavenResourcesFiltering - Copying 1 resource from src\main\resources to target\classes
2025-08-02 21:25:53,559 [Worker-80: Building] INFO  o.a.m.s.f.DefaultMavenResourcesFiltering - Copying 0 resource from src\main\resources to target\classes
2025-08-02 21:25:53,561 [Worker-80: Building] INFO  o.a.m.s.f.DefaultMavenResourcesFiltering - skip non existing resourceDirectory C:\Users\DELL\Desktop\Perplexity\backend\greennest\src\test\resources
2025-08-02 21:26:02,167 [Worker-78: Building] INFO  o.a.m.s.f.DefaultMavenResourcesFiltering - Copying 1 resource from src\main\resources to target\classes
2025-08-02 21:26:02,170 [Worker-78: Building] INFO  o.a.m.s.f.DefaultMavenResourcesFiltering - Copying 0 resource from src\main\resources to target\classes
2025-08-02 21:26:02,172 [Worker-78: Building] INFO  o.a.m.s.f.DefaultMavenResourcesFiltering - skip non existing resourceDirectory C:\Users\DELL\Desktop\Perplexity\backend\greennest\src\test\resources
2025-08-02 21:26:23,636 [Worker-66: Building] INFO  o.a.m.s.f.DefaultMavenResourcesFiltering - Copying 1 resource from src\main\resources to target\classes
2025-08-02 21:26:23,640 [Worker-66: Building] INFO  o.a.m.s.f.DefaultMavenResourcesFiltering - Copying 0 resource from src\main\resources to target\classes
2025-08-02 21:26:23,643 [Worker-66: Building] INFO  o.a.m.s.f.DefaultMavenResourcesFiltering - skip non existing resourceDirectory C:\Users\DELL\Desktop\Perplexity\backend\greennest\src\test\resources
2025-08-02 21:27:23,129 [Worker-77: Building] INFO  o.a.m.s.f.DefaultMavenResourcesFiltering - Copying 1 resource from src\main\resources to target\classes
2025-08-02 21:27:23,133 [Worker-77: Building] INFO  o.a.m.s.f.DefaultMavenResourcesFiltering - Copying 0 resource from src\main\resources to target\classes
2025-08-02 21:27:23,135 [Worker-77: Building] INFO  o.a.m.s.f.DefaultMavenResourcesFiltering - skip non existing resourceDirectory C:\Users\DELL\Desktop\Perplexity\backend\greennest\src\test\resources
2025-08-02 21:30:54,992 [Worker-82: Building] INFO  o.a.m.s.f.DefaultMavenResourcesFiltering - Copying 1 resource from src\main\resources to target\classes
2025-08-02 21:30:54,996 [Worker-82: Building] INFO  o.a.m.s.f.DefaultMavenResourcesFiltering - Copying 0 resource from src\main\resources to target\classes
2025-08-02 21:30:54,998 [Worker-82: Building] INFO  o.a.m.s.f.DefaultMavenResourcesFiltering - skip non existing resourceDirectory C:\Users\DELL\Desktop\Perplexity\backend\greennest\src\test\resources
2025-08-02 21:31:06,802 [Worker-83: Building] INFO  o.a.m.s.f.DefaultMavenResourcesFiltering - Copying 1 resource from src\main\resources to target\classes
2025-08-02 21:31:06,808 [Worker-83: Building] INFO  o.a.m.s.f.DefaultMavenResourcesFiltering - Copying 0 resource from src\main\resources to target\classes
2025-08-02 21:31:06,812 [Worker-83: Building] INFO  o.a.m.s.f.DefaultMavenResourcesFiltering - skip non existing resourceDirectory C:\Users\DELL\Desktop\Perplexity\backend\greennest\src\test\resources
2025-08-02 21:31:13,753 [Worker-82: Building] INFO  o.a.m.s.f.DefaultMavenResourcesFiltering - Copying 1 resource from src\main\resources to target\classes
2025-08-02 21:31:13,757 [Worker-82: Building] INFO  o.a.m.s.f.DefaultMavenResourcesFiltering - Copying 0 resource from src\main\resources to target\classes
2025-08-02 21:31:13,759 [Worker-82: Building] INFO  o.a.m.s.f.DefaultMavenResourcesFiltering - skip non existing resourceDirectory C:\Users\DELL\Desktop\Perplexity\backend\greennest\src\test\resources
2025-08-02 21:31:46,129 [Worker-82: Building] INFO  o.a.m.s.f.DefaultMavenResourcesFiltering - Copying 1 resource from src\main\resources to target\classes
2025-08-02 21:31:46,135 [Worker-82: Building] INFO  o.a.m.s.f.DefaultMavenResourcesFiltering - Copying 0 resource from src\main\resources to target\classes
2025-08-02 21:31:46,139 [Worker-82: Building] INFO  o.a.m.s.f.DefaultMavenResourcesFiltering - skip non existing resourceDirectory C:\Users\DELL\Desktop\Perplexity\backend\greennest\src\test\resources
2025-08-02 21:31:49,241 [Worker-82: Building] INFO  o.a.m.s.f.DefaultMavenResourcesFiltering - Copying 1 resource from src\main\resources to target\classes
2025-08-02 21:31:49,247 [Worker-82: Building] INFO  o.a.m.s.f.DefaultMavenResourcesFiltering - Copying 0 resource from src\main\resources to target\classes
2025-08-02 21:31:49,249 [Worker-82: Building] INFO  o.a.m.s.f.DefaultMavenResourcesFiltering - skip non existing resourceDirectory C:\Users\DELL\Desktop\Perplexity\backend\greennest\src\test\resources
2025-08-02 21:32:00,360 [Worker-83: Building] INFO  o.a.m.s.f.DefaultMavenResourcesFiltering - Copying 1 resource from src\main\resources to target\classes
2025-08-02 21:32:00,363 [Worker-83: Building] INFO  o.a.m.s.f.DefaultMavenResourcesFiltering - Copying 0 resource from src\main\resources to target\classes
2025-08-02 21:32:00,366 [Worker-83: Building] INFO  o.a.m.s.f.DefaultMavenResourcesFiltering - skip non existing resourceDirectory C:\Users\DELL\Desktop\Perplexity\backend\greennest\src\test\resources
2025-08-02 21:32:06,772 [Worker-79: Building] INFO  o.a.m.s.f.DefaultMavenResourcesFiltering - Copying 1 resource from src\main\resources to target\classes
2025-08-02 21:32:06,776 [Worker-79: Building] INFO  o.a.m.s.f.DefaultMavenResourcesFiltering - Copying 0 resource from src\main\resources to target\classes
2025-08-02 21:32:06,780 [Worker-79: Building] INFO  o.a.m.s.f.DefaultMavenResourcesFiltering - skip non existing resourceDirectory C:\Users\DELL\Desktop\Perplexity\backend\greennest\src\test\resources
2025-08-02 21:34:01,292 [Worker-85: Building] INFO  o.a.m.s.f.DefaultMavenResourcesFiltering - Copying 1 resource from src\main\resources to target\classes
2025-08-02 21:34:01,297 [Worker-85: Building] INFO  o.a.m.s.f.DefaultMavenResourcesFiltering - Copying 0 resource from src\main\resources to target\classes
2025-08-02 21:34:01,299 [Worker-85: Building] INFO  o.a.m.s.f.DefaultMavenResourcesFiltering - skip non existing resourceDirectory C:\Users\DELL\Desktop\Perplexity\backend\greennest\src\test\resources
2025-08-02 21:36:37,265 [Worker-88: Building] INFO  o.a.m.s.f.DefaultMavenResourcesFiltering - Copying 1 resource from src\main\resources to target\classes
2025-08-02 21:36:37,270 [Worker-88: Building] INFO  o.a.m.s.f.DefaultMavenResourcesFiltering - Copying 0 resource from src\main\resources to target\classes
2025-08-02 21:36:37,273 [Worker-88: Building] INFO  o.a.m.s.f.DefaultMavenResourcesFiltering - skip non existing resourceDirectory C:\Users\DELL\Desktop\Perplexity\backend\greennest\src\test\resources
2025-08-02 21:36:55,793 [Worker-88: Launching greennest - GreennestApplication] INFO  o.a.m.s.f.DefaultMavenResourcesFiltering - Copying 1 resource from src\main\resources to target\classes
2025-08-02 21:36:55,800 [Worker-88: Launching greennest - GreennestApplication] INFO  o.a.m.s.f.DefaultMavenResourcesFiltering - Copying 0 resource from src\main\resources to target\classes
2025-08-02 21:36:55,803 [Worker-88: Launching greennest - GreennestApplication] INFO  o.a.m.s.f.DefaultMavenResourcesFiltering - skip non existing resourceDirectory C:\Users\DELL\Desktop\Perplexity\backend\greennest\src\test\resources
2025-08-02 22:35:59,611 [Stop Help Server] INFO  org.eclipse.jetty.server.Server - Stopped oejs.Server@15a36675{STOPPING}[12.0.16,sto=0]
2025-08-02 22:35:59,618 [Stop Help Server] INFO  o.e.jetty.server.AbstractConnector - Stopped ServerConnector@5d6dab14{HTTP/1.1, (http/1.1)}{127.0.0.1:0}
2025-08-02 23:51:02,097 [Worker-2: Loading available Gradle versions] INFO  o.e.b.c.i.u.g.PublishedGradleVersions - Gradle version information cache is up-to-date. Trying to read.
2025-08-02 23:51:20,633 [Worker-8: Launching greennest - GreennestApplication] WARN  o.e.m.c.i.embedder.EclipseLogger - The artifact mysql:mysql-connector-java:jar:8.0.33 has been relocated to com.mysql:mysql-connector-j:jar:8.0.33: MySQL Connector/J artifacts moved to reverse-DNS compliant Maven 2+ coordinates.
2025-08-03 00:09:17,383 [Worker-1: Loading available Gradle versions] INFO  o.e.b.c.i.u.g.PublishedGradleVersions - Gradle version information cache is up-to-date. Trying to read.
2025-08-03 00:09:31,332 [Worker-11: Launching greennest - GreennestApplication] WARN  o.e.m.c.i.embedder.EclipseLogger - The artifact mysql:mysql-connector-java:jar:8.0.33 has been relocated to com.mysql:mysql-connector-j:jar:8.0.33: MySQL Connector/J artifacts moved to reverse-DNS compliant Maven 2+ coordinates.
2025-08-03 10:40:02,134 [Worker-1: Loading available Gradle versions] INFO  o.e.b.c.i.u.g.PublishedGradleVersions - Gradle version information cache is up-to-date. Trying to read.
2025-08-03 11:01:34,444 [Worker-12: Launching greennest - GreennestApplication] WARN  o.e.m.c.i.embedder.EclipseLogger - The artifact mysql:mysql-connector-java:jar:8.0.33 has been relocated to com.mysql:mysql-connector-j:jar:8.0.33: MySQL Connector/J artifacts moved to reverse-DNS compliant Maven 2+ coordinates.
2025-08-03 12:06:43,056 [Worker-7: Loading available Gradle versions] INFO  o.e.b.c.i.u.g.PublishedGradleVersions - Gradle version information cache is up-to-date. Trying to read.
2025-08-03 12:06:57,561 [Worker-8: Launching greennest - GreennestApplication] WARN  o.e.m.c.i.embedder.EclipseLogger - The artifact mysql:mysql-connector-java:jar:8.0.33 has been relocated to com.mysql:mysql-connector-j:jar:8.0.33: MySQL Connector/J artifacts moved to reverse-DNS compliant Maven 2+ coordinates.
2025-08-07 09:50:51,185 [Worker-6: Loading available Gradle versions] INFO  o.e.b.c.i.u.g.PublishedGradleVersions - Gradle version information cache is out-of-date. Trying to update.
2025-08-07 09:51:02,853 [Worker-0: Check for devtools] WARN  o.e.m.c.i.embedder.EclipseLogger - The artifact mysql:mysql-connector-java:jar:8.0.33 has been relocated to com.mysql:mysql-connector-j:jar:8.0.33: MySQL Connector/J artifacts moved to reverse-DNS compliant Maven 2+ coordinates.
2025-08-07 10:09:43,669 [Start Help Server] INFO  org.eclipse.jetty.server.Server - jetty-12.0.16; built: 2024-12-09T21:02:54.535Z; git: c3f88bafb4e393f23204dc14dc57b042e84debc7; jvm 21.0.6+7-LTS
2025-08-07 10:09:43,730 [Start Help Server] INFO  o.e.j.server.handler.ContextHandler - Started oeje8n.ContextHandler$CoreContextHandler@56c0601e{/help,/help,b=null,a=AVAILABLE,h=oeje8n.ContextHandler$CoreContextHandler$CoreToNestedHandler@5fe14508{STARTED}}
2025-08-07 10:09:43,730 [Start Help Server] INFO  o.e.j.s.DefaultSessionIdManager - Session workerName=node0
2025-08-07 10:09:43,760 [Start Help Server] INFO  o.e.jetty.server.AbstractConnector - Started ServerConnector@27d89701{HTTP/1.1, (http/1.1)}{127.0.0.1:59799}
2025-08-07 10:09:43,779 [Start Help Server] INFO  org.eclipse.jetty.server.Server - Started oejs.Server@4ac9298e{STARTING}[12.0.16,sto=0] @1150899ms
2025-08-07 10:19:13,692 [Worker-1: Building] INFO  o.a.m.s.f.DefaultMavenResourcesFiltering - Copying 1 resource from src\main\resources to target\classes
2025-08-07 10:19:13,715 [Worker-1: Building] INFO  o.a.m.s.f.DefaultMavenResourcesFiltering - Copying 0 resource from src\main\resources to target\classes
2025-08-07 10:19:13,721 [Worker-1: Building] INFO  o.a.m.s.f.DefaultMavenResourcesFiltering - skip non existing resourceDirectory C:\Users\DELL\Desktop\Perplexity\backend\greennest\src\test\resources
2025-08-07 10:19:23,215 [Worker-9: Building] INFO  o.a.m.s.f.DefaultMavenResourcesFiltering - Copying 1 resource from src\main\resources to target\classes
2025-08-07 10:19:23,221 [Worker-9: Building] INFO  o.a.m.s.f.DefaultMavenResourcesFiltering - Copying 0 resource from src\main\resources to target\classes
2025-08-07 10:19:23,225 [Worker-9: Building] INFO  o.a.m.s.f.DefaultMavenResourcesFiltering - skip non existing resourceDirectory C:\Users\DELL\Desktop\Perplexity\backend\greennest\src\test\resources
2025-08-07 10:19:34,126 [Worker-9: Building] INFO  o.a.m.s.f.DefaultMavenResourcesFiltering - Copying 1 resource from src\main\resources to target\classes
2025-08-07 10:19:34,130 [Worker-9: Building] INFO  o.a.m.s.f.DefaultMavenResourcesFiltering - Copying 0 resource from src\main\resources to target\classes
2025-08-07 10:19:34,134 [Worker-9: Building] INFO  o.a.m.s.f.DefaultMavenResourcesFiltering - skip non existing resourceDirectory C:\Users\DELL\Desktop\Perplexity\backend\greennest\src\test\resources
2025-08-07 10:20:16,603 [Worker-9: Building] INFO  o.a.m.s.f.DefaultMavenResourcesFiltering - Copying 1 resource from src\main\resources to target\classes
2025-08-07 10:20:16,607 [Worker-9: Building] INFO  o.a.m.s.f.DefaultMavenResourcesFiltering - Copying 0 resource from src\main\resources to target\classes
2025-08-07 10:20:16,611 [Worker-9: Building] INFO  o.a.m.s.f.DefaultMavenResourcesFiltering - skip non existing resourceDirectory C:\Users\DELL\Desktop\Perplexity\backend\greennest\src\test\resources
2025-08-07 12:41:23,010 [Stop Help Server] INFO  org.eclipse.jetty.server.Server - Stopped oejs.Server@4ac9298e{STOPPING}[12.0.16,sto=0]
2025-08-07 12:41:23,015 [Stop Help Server] INFO  o.e.jetty.server.AbstractConnector - Stopped ServerConnector@27d89701{HTTP/1.1, (http/1.1)}{127.0.0.1:0}
2025-08-07 13:18:00,114 [Worker-6: Loading available Gradle versions] INFO  o.e.b.c.i.u.g.PublishedGradleVersions - Gradle version information cache is up-to-date. Trying to read.
2025-08-07 13:18:08,463 [Worker-15: Check for devtools] WARN  o.e.m.c.i.embedder.EclipseLogger - The artifact mysql:mysql-connector-java:jar:8.0.33 has been relocated to com.mysql:mysql-connector-j:jar:8.0.33: MySQL Connector/J artifacts moved to reverse-DNS compliant Maven 2+ coordinates.
2025-08-08 19:07:23,799 [Worker-4: Loading available Gradle versions] INFO  o.e.b.c.i.u.g.PublishedGradleVersions - Gradle version information cache is out-of-date. Trying to update.
2025-08-11 09:53:42,948 [Worker-4: Loading available Gradle versions] INFO  o.e.b.c.i.u.g.PublishedGradleVersions - Gradle version information cache is out-of-date. Trying to update.
2025-08-11 09:57:06,323 [Worker-2: Launching greennest - GreennestApplication] WARN  o.e.m.c.i.embedder.EclipseLogger - The artifact mysql:mysql-connector-java:jar:8.0.33 has been relocated to com.mysql:mysql-connector-j:jar:8.0.33: MySQL Connector/J artifacts moved to reverse-DNS compliant Maven 2+ coordinates.
2025-08-16 12:46:33,287 [Worker-0: Loading available Gradle versions] INFO  o.e.b.c.i.u.g.PublishedGradleVersions - Gradle version information cache is out-of-date. Trying to update.
2025-08-16 12:46:33,867 [Worker-0: Loading available Gradle versions] INFO  o.e.b.c.i.u.g.PublishedGradleVersions - Updating Gradle version information cache failed. Using outdated cache.
2025-08-16 12:47:16,551 [Worker-8: Launching greennest - GreennestApplication] WARN  o.e.m.c.i.embedder.EclipseLogger - The artifact mysql:mysql-connector-java:jar:8.0.33 has been relocated to com.mysql:mysql-connector-j:jar:8.0.33: MySQL Connector/J artifacts moved to reverse-DNS compliant Maven 2+ coordinates.
2025-08-16 13:01:34,869 [Worker-6: Building] INFO  o.a.m.s.f.DefaultMavenResourcesFiltering - Copying 1 resource from src\main\resources to target\classes
2025-08-16 13:01:34,885 [Worker-6: Building] INFO  o.a.m.s.f.DefaultMavenResourcesFiltering - Copying 0 resource from src\main\resources to target\classes
2025-08-16 13:01:34,894 [Worker-6: Building] INFO  o.a.m.s.f.DefaultMavenResourcesFiltering - skip non existing resourceDirectory C:\Users\DELL\Desktop\Final Project\GreenNest\backend\greennest\src\test\resources
2025-08-16 13:03:04,221 [Worker-1: Building] INFO  o.a.m.s.f.DefaultMavenResourcesFiltering - Copying 1 resource from src\main\resources to target\classes
2025-08-16 13:03:04,226 [Worker-1: Building] INFO  o.a.m.s.f.DefaultMavenResourcesFiltering - Copying 0 resource from src\main\resources to target\classes
2025-08-16 13:03:04,230 [Worker-1: Building] INFO  o.a.m.s.f.DefaultMavenResourcesFiltering - skip non existing resourceDirectory C:\Users\DELL\Desktop\Final Project\GreenNest\backend\greennest\src\test\resources
2025-08-16 13:03:44,348 [Worker-18: Building] INFO  o.a.m.s.f.DefaultMavenResourcesFiltering - Copying 1 resource from src\main\resources to target\classes
2025-08-16 13:03:44,356 [Worker-18: Building] INFO  o.a.m.s.f.DefaultMavenResourcesFiltering - Copying 0 resource from src\main\resources to target\classes
2025-08-16 13:03:44,360 [Worker-18: Building] INFO  o.a.m.s.f.DefaultMavenResourcesFiltering - skip non existing resourceDirectory C:\Users\DELL\Desktop\Final Project\GreenNest\backend\greennest\src\test\resources
2025-08-16 13:04:15,022 [Worker-14: Building] INFO  o.a.m.s.f.DefaultMavenResourcesFiltering - Copying 1 resource from src\main\resources to target\classes
2025-08-16 13:04:15,026 [Worker-14: Building] INFO  o.a.m.s.f.DefaultMavenResourcesFiltering - Copying 0 resource from src\main\resources to target\classes
2025-08-16 13:04:15,029 [Worker-14: Building] INFO  o.a.m.s.f.DefaultMavenResourcesFiltering - skip non existing resourceDirectory C:\Users\DELL\Desktop\Final Project\GreenNest\backend\greennest\src\test\resources
2025-08-16 13:04:32,494 [Worker-18: Building] INFO  o.a.m.s.f.DefaultMavenResourcesFiltering - Copying 1 resource from src\main\resources to target\classes
2025-08-16 13:04:32,498 [Worker-18: Building] INFO  o.a.m.s.f.DefaultMavenResourcesFiltering - Copying 0 resource from src\main\resources to target\classes
2025-08-16 13:04:32,500 [Worker-18: Building] INFO  o.a.m.s.f.DefaultMavenResourcesFiltering - skip non existing resourceDirectory C:\Users\DELL\Desktop\Final Project\GreenNest\backend\greennest\src\test\resources
2025-08-16 13:04:49,952 [Worker-22: Building] INFO  o.a.m.s.f.DefaultMavenResourcesFiltering - Copying 1 resource from src\main\resources to target\classes
2025-08-16 13:04:49,956 [Worker-22: Building] INFO  o.a.m.s.f.DefaultMavenResourcesFiltering - Copying 0 resource from src\main\resources to target\classes
2025-08-16 13:04:49,960 [Worker-22: Building] INFO  o.a.m.s.f.DefaultMavenResourcesFiltering - skip non existing resourceDirectory C:\Users\DELL\Desktop\Final Project\GreenNest\backend\greennest\src\test\resources
2025-08-16 13:04:56,047 [Worker-16: Building] INFO  o.a.m.s.f.DefaultMavenResourcesFiltering - Copying 1 resource from src\main\resources to target\classes
2025-08-16 13:04:56,050 [Worker-16: Building] INFO  o.a.m.s.f.DefaultMavenResourcesFiltering - Copying 0 resource from src\main\resources to target\classes
2025-08-16 13:04:56,052 [Worker-16: Building] INFO  o.a.m.s.f.DefaultMavenResourcesFiltering - skip non existing resourceDirectory C:\Users\DELL\Desktop\Final Project\GreenNest\backend\greennest\src\test\resources
2025-08-16 13:05:52,238 [Worker-22: Building] INFO  o.a.m.s.f.DefaultMavenResourcesFiltering - Copying 1 resource from src\main\resources to target\classes
2025-08-16 13:05:52,242 [Worker-22: Building] INFO  o.a.m.s.f.DefaultMavenResourcesFiltering - Copying 0 resource from src\main\resources to target\classes
2025-08-16 13:05:52,245 [Worker-22: Building] INFO  o.a.m.s.f.DefaultMavenResourcesFiltering - skip non existing resourceDirectory C:\Users\DELL\Desktop\Final Project\GreenNest\backend\greennest\src\test\resources
2025-08-20 01:08:56,597 [Worker-0: Loading available Gradle versions] INFO  o.e.b.c.i.u.g.PublishedGradleVersions - Gradle version information cache is out-of-date. Trying to update.
2025-08-20 01:09:10,947 [Worker-6: Building] WARN  o.e.m.c.i.embedder.EclipseLogger - The artifact mysql:mysql-connector-java:jar:8.0.33 has been relocated to com.mysql:mysql-connector-j:jar:8.0.33: MySQL Connector/J artifacts moved to reverse-DNS compliant Maven 2+ coordinates.
2025-08-20 01:09:12,503 [Worker-6: Building] INFO  o.a.m.s.f.DefaultMavenResourcesFiltering - Copying 1 resource from src\main\resources to target\classes
2025-08-20 01:09:12,619 [Worker-6: Building] INFO  o.a.m.s.f.DefaultMavenResourcesFiltering - Copying 0 resource from src\main\resources to target\classes
2025-08-20 01:09:12,628 [Worker-6: Building] INFO  o.a.m.s.f.DefaultMavenResourcesFiltering - skip non existing resourceDirectory C:\Users\DELL\Desktop\Final Project\GreenNest\backend\greennest\src\test\resources
